[  +21 ms] executing: uname -m
[  +11 ms] Exit code 0 from: uname -m
[        ] x86_64
[  +24 ms] Artifact Instance of 'AndroidGenSnapshotArtifacts' is not required, skipping update.
[        ] Artifact Instance of 'AndroidInternalBuildArtifacts' is not required, skipping update.
[        ] Artifact Instance of 'IOSEngineArtifacts' is not required, skipping update.
[        ] Artifact Instance of 'FlutterWebSdk' is not required, skipping update.
[        ] Artifact Instance of 'LegacyCanvasKitRemover' is not required, skipping update.
[   +2 ms] Artifact Instance of 'WindowsEngineArtifacts' is not required, skipping update.
[        ] Artifact Instance of 'MacOSEngineArtifacts' is not required, skipping update.
[        ] Artifact Instance of 'LinuxEngineArtifacts' is not required, skipping update.
[        ] Artifact Instance of 'LinuxFuchsiaSDKArtifacts' is not required, skipping update.
[        ] Artifact Instance of 'MacOSFuchsiaSDKArtifacts' is not required, skipping update.
[        ] Artifact Instance of 'FlutterRunnerSDKArtifacts' is not required, skipping update.
[        ] Artifact Instance of 'FlutterRunnerDebugSymbols' is not required, skipping update.
[  +40 ms] Artifact Instance of 'MaterialFonts' is not required, skipping update.
[        ] Artifact Instance of 'GradleWrapper' is not required, skipping update.
[   +1 ms] Artifact Instance of 'AndroidInternalBuildArtifacts' is not required, skipping update.
[        ] Artifact Instance of 'IOSEngineArtifacts' is not required, skipping update.
[        ] Artifact Instance of 'FlutterWebSdk' is not required, skipping update.
[        ] Artifact Instance of 'LegacyCanvasKitRemover' is not required, skipping update.
[        ] Artifact Instance of 'FlutterSdk' is not required, skipping update.
[        ] Artifact Instance of 'WindowsEngineArtifacts' is not required, skipping update.
[        ] Artifact Instance of 'MacOSEngineArtifacts' is not required, skipping update.
[        ] Artifact Instance of 'LinuxEngineArtifacts' is not required, skipping update.
[        ] Artifact Instance of 'LinuxFuchsiaSDKArtifacts' is not required, skipping update.
[        ] Artifact Instance of 'MacOSFuchsiaSDKArtifacts' is not required, skipping update.
[        ] Artifact Instance of 'FlutterRunnerSDKArtifacts' is not required, skipping update.
[        ] Artifact Instance of 'FlutterRunnerDebugSymbols' is not required, skipping update.
[        ] Artifact Instance of 'IosUsbArtifacts' is not required, skipping update.
[        ] Artifact Instance of 'IosUsbArtifacts' is not required, skipping update.
[        ] Artifact Instance of 'IosUsbArtifacts' is not required, skipping update.
[        ] Artifact Instance of 'IosUsbArtifacts' is not required, skipping update.
[        ] Artifact Instance of 'IosUsbArtifacts' is not required, skipping update.
[        ] Artifact Instance of 'FontSubsetArtifacts' is not required, skipping update.
[        ] Artifact Instance of 'PubDependencies' is not required, skipping update.
[ +113 ms] Skipping pub get: version match.
[  +45 ms] Found plugin flutter_tts at /home/runner/.pub-cache/hosted/pub.dev/flutter_tts-3.8.5/
[  +25 ms] Found plugin mobile_scanner at /home/runner/.pub-cache/hosted/pub.dev/mobile_scanner-5.2.3/
[   +3 ms] Found plugin package_info_plus at /home/runner/.pub-cache/hosted/pub.dev/package_info_plus-9.0.1/
[   +5 ms] Found plugin path_provider at /home/runner/.pub-cache/hosted/pub.dev/path_provider-2.1.5/
[   +2 ms] Found plugin path_provider_android at /home/runner/.pub-cache/hosted/pub.dev/path_provider_android-2.2.15/
[   +2 ms] Found plugin path_provider_foundation at /home/runner/.pub-cache/hosted/pub.dev/path_provider_foundation-2.4.1/
[   +2 ms] Found plugin path_provider_linux at /home/runner/.pub-cache/hosted/pub.dev/path_provider_linux-2.2.1/
[   +3 ms] Found plugin path_provider_windows at /home/runner/.pub-cache/hosted/pub.dev/path_provider_windows-2.3.0/
[   +3 ms] Found plugin permission_handler at /home/runner/.pub-cache/hosted/pub.dev/permission_handler-11.4.0/
[   +1 ms] Found plugin permission_handler_android at /home/runner/.pub-cache/hosted/pub.dev/permission_handler_android-12.1.0/
[   +1 ms] Found plugin permission_handler_apple at /home/runner/.pub-cache/hosted/pub.dev/permission_handler_apple-9.4.10/
[   +1 ms] Found plugin permission_handler_html at /home/runner/.pub-cache/hosted/pub.dev/permission_handler_html-0.1.4+1/
[   +3 ms] Found plugin permission_handler_windows at /home/runner/.pub-cache/hosted/pub.dev/permission_handler_windows-0.2.1/
[   +6 ms] Found plugin record at /home/runner/.pub-cache/hosted/pub.dev/record-5.2.1/
[   +1 ms] Found plugin record_android at /home/runner/.pub-cache/hosted/pub.dev/record_android-1.5.2/
[   +2 ms] Found plugin record_darwin at /home/runner/.pub-cache/hosted/pub.dev/record_darwin-1.2.2/
[   +1 ms] Found plugin record_linux at /home/runner/.pub-cache/hosted/pub.dev/record_linux-0.7.2/
[   +2 ms] Found plugin record_web at /home/runner/.pub-cache/hosted/pub.dev/record_web-1.1.9/
[   +4 ms] Found plugin record_windows at /home/runner/.pub-cache/hosted/pub.dev/record_windows-1.0.7/
[   +2 ms] Found plugin shared_preferences at /home/runner/.pub-cache/hosted/pub.dev/shared_preferences-2.5.3/
[   +1 ms] Found plugin shared_preferences_android at /home/runner/.pub-cache/hosted/pub.dev/shared_preferences_android-2.4.7/
[   +1 ms] Found plugin shared_preferences_foundation at /home/runner/.pub-cache/hosted/pub.dev/shared_preferences_foundation-2.5.4/
[   +1 ms] Found plugin shared_preferences_linux at /home/runner/.pub-cache/hosted/pub.dev/shared_preferences_linux-2.4.1/
[   +2 ms] Found plugin shared_preferences_web at /home/runner/.pub-cache/hosted/pub.dev/shared_preferences_web-2.4.3/
[   +1 ms] Found plugin shared_preferences_windows at /home/runner/.pub-cache/hosted/pub.dev/shared_preferences_windows-2.4.1/
[   +2 ms] Found plugin speech_to_text at /home/runner/.pub-cache/hosted/pub.dev/speech_to_text-6.6.2/
[   +2 ms] Found plugin speech_to_text_macos at /home/runner/.pub-cache/hosted/pub.dev/speech_to_text_macos-1.1.0/
[  +14 ms] Found plugin wakelock_plus at /home/runner/.pub-cache/hosted/pub.dev/wakelock_plus-1.4.0/
[  +54 ms] Found plugin flutter_tts at /home/runner/.pub-cache/hosted/pub.dev/flutter_tts-3.8.5/
[  +17 ms] Found plugin mobile_scanner at /home/runner/.pub-cache/hosted/pub.dev/mobile_scanner-5.2.3/
[   +1 ms] Found plugin package_info_plus at /home/runner/.pub-cache/hosted/pub.dev/package_info_plus-9.0.1/
[   +2 ms] Found plugin path_provider at /home/runner/.pub-cache/hosted/pub.dev/path_provider-2.1.5/
[   +1 ms] Found plugin path_provider_android at /home/runner/.pub-cache/hosted/pub.dev/path_provider_android-2.2.15/
[   +1 ms] Found plugin path_provider_foundation at /home/runner/.pub-cache/hosted/pub.dev/path_provider_foundation-2.4.1/
[   +1 ms] Found plugin path_provider_linux at /home/runner/.pub-cache/hosted/pub.dev/path_provider_linux-2.2.1/
[   +3 ms] Found plugin path_provider_windows at /home/runner/.pub-cache/hosted/pub.dev/path_provider_windows-2.3.0/
[   +2 ms] Found plugin permission_handler at /home/runner/.pub-cache/hosted/pub.dev/permission_handler-11.4.0/
[   +1 ms] Found plugin permission_handler_android at /home/runner/.pub-cache/hosted/pub.dev/permission_handler_android-12.1.0/
[   +1 ms] Found plugin permission_handler_apple at /home/runner/.pub-cache/hosted/pub.dev/permission_handler_apple-9.4.10/
[   +1 ms] Found plugin permission_handler_html at /home/runner/.pub-cache/hosted/pub.dev/permission_handler_html-0.1.4+1/
[   +1 ms] Found plugin permission_handler_windows at /home/runner/.pub-cache/hosted/pub.dev/permission_handler_windows-0.2.1/
[   +3 ms] Found plugin record at /home/runner/.pub-cache/hosted/pub.dev/record-5.2.1/
[   +1 ms] Found plugin record_android at /home/runner/.pub-cache/hosted/pub.dev/record_android-1.5.2/
[   +1 ms] Found plugin record_darwin at /home/runner/.pub-cache/hosted/pub.dev/record_darwin-1.2.2/
[   +1 ms] Found plugin record_linux at /home/runner/.pub-cache/hosted/pub.dev/record_linux-0.7.2/
[   +2 ms] Found plugin record_web at /home/runner/.pub-cache/hosted/pub.dev/record_web-1.1.9/
[        ] Found plugin record_windows at /home/runner/.pub-cache/hosted/pub.dev/record_windows-1.0.7/
[   +1 ms] Found plugin shared_preferences at /home/runner/.pub-cache/hosted/pub.dev/shared_preferences-2.5.3/
[   +1 ms] Found plugin shared_preferences_android at /home/runner/.pub-cache/hosted/pub.dev/shared_preferences_android-2.4.7/
[   +1 ms] Found plugin shared_preferences_foundation at /home/runner/.pub-cache/hosted/pub.dev/shared_preferences_foundation-2.5.4/
[   +1 ms] Found plugin shared_preferences_linux at /home/runner/.pub-cache/hosted/pub.dev/shared_preferences_linux-2.4.1/
[   +2 ms] Found plugin shared_preferences_web at /home/runner/.pub-cache/hosted/pub.dev/shared_preferences_web-2.4.3/
[        ] Found plugin shared_preferences_windows at /home/runner/.pub-cache/hosted/pub.dev/shared_preferences_windows-2.4.1/
[   +2 ms] Found plugin speech_to_text at /home/runner/.pub-cache/hosted/pub.dev/speech_to_text-6.6.2/
[   +1 ms] Found plugin speech_to_text_macos at /home/runner/.pub-cache/hosted/pub.dev/speech_to_text_macos-1.1.0/
[   +8 ms] Found plugin wakelock_plus at /home/runner/.pub-cache/hosted/pub.dev/wakelock_plus-1.4.0/
[  +11 ms] Generating /home/runner/work/Meka/Meka/Android APP/android/app/src/main/java/io/flutter/plugins/GeneratedPluginRegistrant.java
[  +49 ms] Android Studio version could not be detected, skipping Gradle-Java version compatibility check.
[  +11 ms] Using gradle from /home/runner/work/Meka/Meka/Android APP/android/gradlew.
[   +6 ms] Running Gradle task 'assembleRelease'...
[   +5 ms] executing: [/home/runner/work/Meka/Meka/Android APP/android/] /home/runner/work/Meka/Meka/Android APP/android/gradlew --full-stacktrace --info -Pverbose=true -Ptarget-platform=android-arm,android-arm64,android-x64 -Ptarget=lib/main.dart -Pbase-application-name=android.app.Application -Pdart-obfuscation=false -Ptrack-widget-creation=true -Ptree-shake-icons=false assembleRelease
[ +124 ms] Downloading https://services.gradle.org/distributions/gradle-8.4-all.zip
[+2417 ms] ...................................................................................................................................................................................................................................................................................................................................................................................................................................................................................................................................................................................................................................................................................................................................................................................................................................................................................................................................................................................................................................................................................................................................................................................................................................................................................................................................................................................................................................................................................................................................................................................................................................................................................................................................................................................................................................................................................................................................................................................................................................................................................................................................................................................................................................................................................................................................................................................................................................................................................................................................................................................................................................................................................................................................................................................................................................................................................................................................................................................................................................................................................................................................................................................................................................................................................................................................................................................................................................................................................................................................................................................................................................................................................................................................................................................................................................................................................................................................................................................................................................................................................................................................................................................................................................................................................................................................................................................................................................................................................................................................................................................................................................................................................................................................................................................................................................................................................................................................................................................................................................................................................................................................................................................................................................................................................................................................................................................................................................................................................................................................................................................................................................................................................................................................................................................................................................................................................................................................................................................................................................................................................................................................................................................................................................................................................................................................................................................................................................................................................................................................................................................................................................................................................................................................................................................................................................................................................................................................................................................................................................................................................................................................................................................................................................................................................................................................................................................................................................................................................................................................................................................................................................................................................................................................................................................................................................................................................................................................................................................................................................................................................................................................................................................................................................................................................................................................................................................................................................................................................................................................................................................................................................................................................................................................................................................................................................................................................................................................................................................................................................................................................................................................................................................................................................................................................................................................................................................................................................................................................................................................................................................................................................................................................................................................................................................................................................................................................................................................................................................................................................................................................................................................................................................................................................................................................................................................................................................................................................................................................................................................................................................................................................................................................................................................................................................................................................................................................................................................................................................................................................................................................
[        ] Unzipping /home/runner/.gradle/wrapper/dists/gradle-8.4-all/56r6xik2f6skrm47et0ibifug/gradle-8.4-all.zip to /home/runner/.gradle/wrapper/dists/gradle-8.4-all/56r6xik2f6skrm47et0ibifug
[+2550 ms] Set executable permissions for: /home/runner/.gradle/wrapper/dists/gradle-8.4-all/56r6xik2f6skrm47et0ibifug/gradle-8.4/bin/gradle
[ +231 ms] Initialized native services in: /home/runner/.gradle/native
[   +6 ms] Initialized jansi services in: /home/runner/.gradle/native
[ +114 ms] Welcome to Gradle 8.4!
[        ] Here are the highlights of this release:
[        ]  - Compiling and testing with Java 21
[        ]  - Faster Java compilation on Windows
[        ]  - Role focused dependency configurations creation
[   +2 ms] For more details see https://docs.gradle.org/8.4/release-notes.html
[        ] Received JVM installation metadata from '/opt/hostedtoolcache/Java_Zulu_jdk/17.0.20-8/x64': {JAVA_HOME=/opt/hostedtoolcache/Java_Zulu_jdk/17.0.20-8/x64, JAVA_VERSION=17.0.20, JAVA_VENDOR=Azul Systems, Inc., RUNTIME_NAME=OpenJDK Runtime Environment, RUNTIME_VERSION=17.0.20+8-LTS, VM_NAME=OpenJDK 64-Bit Server VM, VM_VERSION=17.0.20+8-LTS, VM_VENDOR=Azul Systems, Inc., OS_ARCH=amd64}
[  +95 ms] Removing 0 daemon stop events from registry
[        ] Starting a Gradle Daemon (subsequent builds will be faster)
[        ] Starting process 'Gradle build daemon'. Working directory: /home/runner/.gradle/daemon/8.4 Command: /opt/hostedtoolcache/Java_Zulu_jdk/17.0.20-8/x64/bin/java -XX:MaxMetaspaceSize=2G -XX:+HeapDumpOnOutOfMemoryError --add-opens=java.base/java.util=ALL-UNNAMED --add-opens=java.base/java.lang=ALL-UNNAMED --add-opens=java.base/java.lang.invoke=ALL-UNNAMED --add-opens=java.prefs/java.util.prefs=ALL-UNNAMED --add-opens=java.base/java.nio.charset=ALL-UNNAMED --add-opens=java.base/java.net=ALL-UNNAMED --add-opens=java.base/java.util.concurrent.atomic=ALL-UNNAMED -Xmx4G -Dfile.encoding=UTF-8 -Duser.country -Duser.language=en -Duser.variant -cp /home/runner/.gradle/wrapper/dists/gradle-8.4-all/56r6xik2f6skrm47et0ibifug/gradle-8.4/lib/gradle-launcher-8.4.jar -javaagent:/home/runner/.gradle/wrapper/dists/gradle-8.4-all/56r6xik2f6skrm47et0ibifug/gradle-8.4/lib/agents/gradle-instrumentation-agent-8.4.jar org.gradle.launcher.daemon.bootstrap.GradleDaemon 8.4
[        ] Successfully started process 'Gradle build daemon'
[ +900 ms] An attempt to start the daemon took 0.892 secs.
[  +99 ms] The client will now receive all logging from the daemon (pid: 2658). The daemon log file: /home/runner/.gradle/daemon/8.4/daemon-2658.out.log
[        ] Starting build in new daemon [memory: 4 GiB]
[ +202 ms] Using 4 worker leases.
[ +200 ms] Received JVM installation metadata from '/opt/hostedtoolcache/Java_Zulu_jdk/17.0.20-8/x64': {JAVA_HOME=/opt/hostedtoolcache/Java_Zulu_jdk/17.0.20-8/x64, JAVA_VERSION=17.0.20, JAVA_VENDOR=Azul Systems, Inc., RUNTIME_NAME=OpenJDK Runtime Environment, RUNTIME_VERSION=17.0.20+8-LTS, VM_NAME=OpenJDK 64-Bit Server VM, VM_VERSION=17.0.20+8-LTS, VM_VENDOR=Azul Systems, Inc., OS_ARCH=amd64}
[ +197 ms] Watching the file system is configured to be enabled if available
[ +100 ms] Now considering [/home/runner/work/Meka/Meka/Android APP/android] as hierarchies to watch
[        ] File system watching is active
[ +801 ms] Starting Build
[        ] Compiling settings file '/home/runner/work/Meka/Meka/Android APP/android/settings.gradle' using SubsetScriptTransformer.
[ +998 ms] Now considering [/opt/hostedtoolcache/flutter/stable-3.24.0-x64/flutter/packages/flutter_tools/gradle, /home/runner/work/Meka/Meka/Android APP/android] as hierarchies to watch
[        ] Generating /home/runner/.gradle/caches/8.4/generated-gradle-jars/gradle-api-8.4.jar
[+21000 ms] Cannot use Kotlin build script compile avoidance with /home/runner/.gradle/caches/8.4/generated-gradle-jars/gradle-api-8.4.jar: class org/gradle/configurationcache/extensions/AutoCloseableExtensionsKt: inline fun useToRun(): compile avoidance is not supported with public inline functions
[+1398 ms] Cannot use Kotlin build script compile avoidance with /home/runner/.gradle/caches/8.4/generated-gradle-jars/gradle-kotlin-dsl-extensions-8.4.jar: class org/gradle/kotlin/dsl/GradleApiKotlinDslExtensions0Kt: inline fun environment(): compile avoidance is not supported with public inline functions
[        ] Cannot use Kotlin build script compile avoidance with /home/runner/.gradle/wrapper/dists/gradle-8.4-all/56r6xik2f6skrm47et0ibifug/gradle-8.4/lib/gradle-kotlin-dsl-8.4.jar: class org/gradle/kotlin/dsl/ArtifactHandlerScope: inline fun invoke(): compile avoidance is not supported with public inline functions
[  +99 ms] Kotlin DSL script compilation (Settings/TopLevel/stage1) is not up-to-date because:
[        ]   No history is available.
[+2904 ms] > Configure project :gradle
[        ] Evaluating project ':gradle' using build file '/opt/hostedtoolcache/flutter/stable-3.24.0-x64/flutter/packages/flutter_tools/gradle/build.gradle.kts'.
[        ] Caching disabled for Kotlin DSL plugin specs accessors for classpath 'b9688cd06edd31b5bac45f0f5c2423b0' because:
[        ]   Build cache is disabled
[        ] Kotlin DSL plugin specs accessors for classpath 'b9688cd06edd31b5bac45f0f5c2423b0' is not up-to-date because:
[        ]   No history is available.
[        ] Caching disabled for Kotlin DSL script compilation (Project/TopLevel/stage1) because:
[        ]   Build cache is disabled
[        ] Kotlin DSL script compilation (Project/TopLevel/stage1) is not up-to-date because:
[        ]   No history is available.
[        ] Caching disabled for Kotlin DSL accessors for project ':gradle' because:
[        ]   Build cache is disabled
[        ] Kotlin DSL accessors for project ':gradle' is not up-to-date because:
[        ]   No history is available.
[ +394 ms] Caching disabled for Kotlin DSL script compilation (Project/TopLevel/stage2) because:
[        ]   Build cache is disabled
[        ] Kotlin DSL script compilation (Project/TopLevel/stage2) is not up-to-date because:
[        ]   No history is available.
[ +998 ms] Downloading https://dl.google.com/dl/android/maven2/com/android/application/com.android.application.gradle.plugin/8.3.2/com.android.application.gradle.plugin-8.3.2.pom to /home/runner/.gradle/.tmp/gradle_download840539890038086060bin
[ +202 ms] Resource missing. [HTTP HEAD: https://dl.google.com/dl/android/maven2/com/android/application/com.android.application.gradle.plugin/8.3.2/com.android.application.gradle.plugin-8.3.2.jar]
[  +97 ms] Resource missing. [HTTP GET: https://dl.google.com/dl/android/maven2/org/jetbrains/kotlin/android/org.jetbrains.kotlin.android.gradle.plugin/1.9.22/org.jetbrains.kotlin.android.gradle.plugin-1.9.22.pom]
[  +99 ms] Downloading https://repo.maven.apache.org/maven2/org/jetbrains/kotlin/android/org.jetbrains.kotlin.android.gradle.plugin/1.9.22/org.jetbrains.kotlin.android.gradle.plugin-1.9.22.pom to /home/runner/.gradle/.tmp/gradle_download9526471150642195713bin
[        ] Resource missing. [HTTP HEAD: https://repo.maven.apache.org/maven2/org/jetbrains/kotlin/android/org.jetbrains.kotlin.android.gradle.plugin/1.9.22/org.jetbrains.kotlin.android.gradle.plugin-1.9.22.jar]
[ +300 ms] Resolve mutations for :gradle:compileJava (Thread[Execution worker,5,main]) started.
[        ] :gradle:compileJava (Thread[Execution worker,5,main]) started.
[  +99 ms] > Task :gradle:compileJava NO-SOURCE
[        ] Watching 1 directories to track changes
[        ] Skipping task ':gradle:compileJava' as it has no source files and no previous output files.
[        ] Resolve mutations for :gradle:compileGroovy (Thread[Execution worker,5,main]) started.
[        ] :gradle:compileGroovy (Thread[Execution worker,5,main]) started.
[+1899 ms] > Task :gradle:compileGroovy
[        ] Watching 2 directories to track changes
[        ] Watching 3 directories to track changes
[        ] Watching 4 directories to track changes
[        ] Watching 4 directories to track changes
[        ] Watching 4 directories to track changes
[        ] Watching 4 directories to track changes
[        ] Downloading https://dl.google.com/dl/android/maven2/com/android/tools/build/gradle/7.3.0/gradle-7.3.0.pom to /home/runner/.gradle/.tmp/gradle_download7593138717376212989bin
[        ] Downloading https://dl.google.com/dl/android/maven2/com/android/tools/build/gradle/7.3.0/gradle-7.3.0.module to /home/runner/.gradle/.tmp/gradle_download12294693906028799503bin
[        ] Downloading https://dl.google.com/dl/android/maven2/com/android/tools/build/gradle-api/7.3.0/gradle-api-7.3.0.pom to /home/runner/.gradle/.tmp/gradle_download15587036499024101977bin
[        ] Downloading https://dl.google.com/dl/android/maven2/com/android/tools/build/builder-model/7.3.0/builder-model-7.3.0.pom to /home/runner/.gradle/.tmp/gradle_download15101964626372807432bin
[        ] Downloading https://dl.google.com/dl/android/maven2/com/android/tools/build/builder/7.3.0/builder-7.3.0.pom to /home/runner/.gradle/.tmp/gradle_download2095965139651881264bin
[        ] Downloading https://dl.google.com/dl/android/maven2/com/android/tools/build/gradle-api/7.3.0/gradle-api-7.3.0.module to /home/runner/.gradle/.tmp/gradle_download18228816148956630095bin
[        ] Downloading https://dl.google.com/dl/android/maven2/com/android/tools/build/builder-model/7.3.0/builder-model-7.3.0.module to /home/runner/.gradle/.tmp/gradle_download4287562846674009608bin
[        ] Downloading https://dl.google.com/dl/android/maven2/com/android/tools/build/builder/7.3.0/builder-7.3.0.module to /home/runner/.gradle/.tmp/gradle_download34073680251216166bin
[        ] Downloading https://dl.google.com/dl/android/maven2/com/android/tools/build/manifest-merger/30.3.0/manifest-merger-30.3.0.pom to /home/runner/.gradle/.tmp/gradle_download6937624115958710021bin
[        ] Downloading https://dl.google.com/dl/android/maven2/com/android/zipflinger/7.3.0/zipflinger-7.3.0.pom to /home/runner/.gradle/.tmp/gradle_download3012550090717608756bin
[        ] Downloading https://dl.google.com/dl/android/maven2/com/android/tools/build/apkzlib/7.3.0/apkzlib-7.3.0.pom to /home/runner/.gradle/.tmp/gradle_download16161420616167186710bin
[        ] Resource missing. [HTTP GET: https://dl.google.com/dl/android/maven2/com/squareup/javawriter/2.5.0/javawriter-2.5.0.pom]
[        ] Downloading https://dl.google.com/dl/android/maven2/com/android/tools/build/manifest-merger/30.3.0/manifest-merger-30.3.0.module to /home/runner/.gradle/.tmp/gradle_download713839548780615130bin
[        ] Downloading https://dl.google.com/dl/android/maven2/com/android/tools/build/apksig/7.3.0/apksig-7.3.0.pom to /home/runner/.gradle/.tmp/gradle_download9828038287674785595bin
[        ] Downloading https://repo.maven.apache.org/maven2/com/squareup/javawriter/2.5.0/javawriter-2.5.0.pom to /home/runner/.gradle/.tmp/gradle_download9700465779715992483bin
[        ] Resource missing. [HTTP GET: https://dl.google.com/dl/android/maven2/org/sonatype/oss/oss-parent/7/oss-parent-7.pom]
[        ] Downloading https://repo.maven.apache.org/maven2/org/sonatype/oss/oss-parent/7/oss-parent-7.pom to /home/runner/.gradle/.tmp/gradle_download16308928500850831161bin
[        ] Resource missing. [HTTP GET: https://dl.google.com/dl/android/maven2/org/ow2/asm/asm/9.1/asm-9.1.pom]
[        ] Downloading https://repo.maven.apache.org/maven2/org/ow2/asm/asm/9.1/asm-9.1.pom to /home/runner/.gradle/.tmp/gradle_download11479769656936288884bin
[        ] Resource missing. [HTTP GET: https://dl.google.com/dl/android/maven2/org/ow2/ow2/1.5/ow2-1.5.pom]
[        ] Downloading https://repo.maven.apache.org/maven2/org/ow2/ow2/1.5/ow2-1.5.pom to /home/runner/.gradle/.tmp/gradle_download15478422120335910465bin
[        ] Downloading https://dl.google.com/dl/android/maven2/com/android/tools/build/builder-model/7.3.0/builder-model-7.3.0.jar to /home/runner/.gradle/.tmp/gradle_download3934588486603488021bin
[        ] Downloading https://dl.google.com/dl/android/maven2/com/android/tools/build/gradle-api/7.3.0/gradle-api-7.3.0.jar to /home/runner/.gradle/.tmp/gradle_download12855807832866223727bin
[        ] Downloading https://dl.google.com/dl/android/maven2/com/android/tools/build/builder/7.3.0/builder-7.3.0.jar to /home/runner/.gradle/.tmp/gradle_download13098183765654395685bin
[        ] Downloading https://dl.google.com/dl/android/maven2/com/android/tools/build/gradle/7.3.0/gradle-7.3.0.jar to /home/runner/.gradle/.tmp/gradle_download8859685697138720121bin
[        ] Downloading https://dl.google.com/dl/android/maven2/com/android/tools/build/manifest-merger/30.3.0/manifest-merger-30.3.0.jar to /home/runner/.gradle/.tmp/gradle_download7550022879780241917bin
[        ] Downloading https://dl.google.com/dl/android/maven2/com/android/zipflinger/7.3.0/zipflinger-7.3.0.jar to /home/runner/.gradle/.tmp/gradle_download1900577397785078254bin
[        ] Downloading https://dl.google.com/dl/android/maven2/com/android/tools/build/apksig/7.3.0/apksig-7.3.0.jar to /home/runner/.gradle/.tmp/gradle_download10796703324842429291bin
[        ] Downloading https://dl.google.com/dl/android/maven2/com/android/tools/build/apkzlib/7.3.0/apkzlib-7.3.0.jar to /home/runner/.gradle/.tmp/gradle_download12930844259981077771bin
[        ] Downloading https://repo.maven.apache.org/maven2/com/squareup/javawriter/2.5.0/javawriter-2.5.0.jar to /home/runner/.gradle/.tmp/gradle_download2614087567984739585bin
[        ] Downloading https://repo.maven.apache.org/maven2/org/ow2/asm/asm/9.1/asm-9.1.jar to /home/runner/.gradle/.tmp/gradle_download16887049459077595347bin
[        ] Watching 4 directories to track changes
[+2696 ms] Caching disabled for task ':gradle:compileGroovy' because:
[        ]   Build cache is disabled
[        ] Task ':gradle:compileGroovy' is not up-to-date because:
[        ]   No history is available.
[        ] The input changes require a full rebuild for incremental task ':gradle:compileGroovy'.
[        ] Watching 4 directories to track changes
[        ] Watching 4 directories to track changes
[   +1 ms] Watching 4 directories to track changes
[        ] Watching 4 directories to track changes
[+1095 ms] This JVM does not support getting OS memory, so no OS memory status updates will be broadcast
[ +800 ms] > Task :gradle:compileGroovy
[        ] Starting process 'Gradle Worker Daemon 1'. Working directory: /home/runner/.gradle/workers Command: /opt/hostedtoolcache/Java_Zulu_jdk/17.0.20-8/x64/bin/java --add-opens=java.base/java.lang=ALL-UNNAMED --add-opens=java.base/java.lang.invoke=ALL-UNNAMED --add-opens=java.base/java.util=ALL-UNNAMED --add-opens=java.prefs/java.util.prefs=ALL-UNNAMED @/home/runner/.gradle/.tmp/gradle-worker-classpath14778808433371468271txt -Xmx512m -Dfile.encoding=UTF-8 -Duser.country -Duser.language=en -Duser.variant worker.org.gradle.process.internal.worker.GradleWorkerMain 'Gradle Worker Daemon 1'
[        ] Successfully started process 'Gradle Worker Daemon 1'
[        ] Started Gradle worker daemon (0.731 secs) with fork options DaemonForkOptions{executable=/opt/hostedtoolcache/Java_Zulu_jdk/17.0.20-8/x64/bin/java, minHeapSize=null, maxHeapSize=null, jvmArgs=[--add-opens=java.base/java.lang=ALL-UNNAMED, --add-opens=java.base/java.lang.invoke=ALL-UNNAMED, --add-opens=java.base/java.util=ALL-UNNAMED, --add-opens=java.prefs/java.util.prefs=ALL-UNNAMED], keepAliveMode=SESSION}.
[+4900 ms] Created user preferences directory.
[        ] Watching 5 directories to track changes
[        ] Watching 6 directories to track changes
[        ] Watching 7 directories to track changes
[ +100 ms] Resolve mutations for :gradle:pluginDescriptors (Thread[Execution worker,5,main]) started.
[        ] :gradle:pluginDescriptors (Thread[Execution worker,5,main]) started.
[        ] > Task :gradle:pluginDescriptors
[        ] Watching 8 directories to track changes
[        ] Caching disabled for task ':gradle:pluginDescriptors' because:
[        ]   Build cache is disabled
[        ] Task ':gradle:pluginDescriptors' is not up-to-date because:
[        ]   No history is available.
[        ] Watching 7 directories to track changes
[        ] Watching 8 directories to track changes
[        ] Resolve mutations for :gradle:processResources (Thread[Execution worker,5,main]) started.
[        ] :gradle:processResources (Thread[Execution worker,5,main]) started.
[        ] > Task :gradle:processResources
[   +4 ms] Watching 8 directories to track changes
[        ] Watching 9 directories to track changes
[        ] Caching disabled for task ':gradle:processResources' because:
[        ]   Build cache is disabled
[        ] Task ':gradle:processResources' is not up-to-date because:
[        ]   No history is available.
[   +2 ms] Watching 8 directories to track changes
[        ] file or directory '/opt/hostedtoolcache/flutter/stable-3.24.0-x64/flutter/packages/flutter_tools/gradle/src/main/resources', not found
[        ] Watching 11 directories to track changes
[        ] Resolve mutations for :gradle:classes (Thread[Execution worker,5,main]) started.
[        ] :gradle:classes (Thread[Execution worker Thread 3,5,main]) started.
[        ] > Task :gradle:classes
[        ] Skipping task ':gradle:classes' as it has no actions.
[        ] Resolve mutations for :gradle:jar (Thread[Execution worker Thread 3,5,main]) started.
[        ] :gradle:jar (Thread[Execution worker Thread 3,5,main]) started.
[  +88 ms] > Task :gradle:jar
[        ] Watching 12 directories to track changes
[        ] Watching 13 directories to track changes
[        ] Watching 14 directories to track changes
[        ] Caching disabled for task ':gradle:jar' because:
[        ]   Build cache is disabled
[        ] Task ':gradle:jar' is not up-to-date because:
[        ]   No history is available.
[        ] Watching 13 directories to track changes
[        ] file or directory '/opt/hostedtoolcache/flutter/stable-3.24.0-x64/flutter/packages/flutter_tools/gradle/build/classes/java/main', not found
[        ] Watching 14 directories to track changes
[  +98 ms] Downloading https://dl.google.com/dl/android/maven2/com/android/tools/build/gradle/8.3.2/gradle-8.3.2.pom to /home/runner/.gradle/.tmp/gradle_download12418881226747605979bin
[  +99 ms] Downloading https://dl.google.com/dl/android/maven2/com/android/tools/build/gradle/8.3.2/gradle-8.3.2.module to /home/runner/.gradle/.tmp/gradle_download17084057323674122508bin
[        ] Resource missing. [HTTP GET: https://dl.google.com/dl/android/maven2/org/jetbrains/kotlin/kotlin-gradle-plugin/1.9.22/kotlin-gradle-plugin-1.9.22.pom]
[  +99 ms] Downloading https://repo.maven.apache.org/maven2/org/jetbrains/kotlin/kotlin-gradle-plugin/1.9.22/kotlin-gradle-plugin-1.9.22.pom to /home/runner/.gradle/.tmp/gradle_download11368820946024046334bin
[        ] Resource missing. [HTTP GET: https://dl.google.com/dl/android/maven2/org/jetbrains/kotlin/kotlin-gradle-plugins-bom/1.9.22/kotlin-gradle-plugins-bom-1.9.22.pom]
[        ] Downloading https://repo.maven.apache.org/maven2/org/jetbrains/kotlin/kotlin-gradle-plugins-bom/1.9.22/kotlin-gradle-plugins-bom-1.9.22.pom to /home/runner/.gradle/.tmp/gradle_download4507800340807059232bin
[  +99 ms] Downloading https://repo.maven.apache.org/maven2/org/jetbrains/kotlin/kotlin-gradle-plugins-bom/1.9.22/kotlin-gradle-plugins-bom-1.9.22.module to /home/runner/.gradle/.tmp/gradle_download4526964647953730927bin
[        ] Downloading https://repo.maven.apache.org/maven2/org/jetbrains/kotlin/kotlin-gradle-plugin/1.9.22/kotlin-gradle-plugin-1.9.22.module to /home/runner/.gradle/.tmp/gradle_download2769916410954995007bin
[  +99 ms] Downloading https://dl.google.com/dl/android/maven2/com/android/tools/sdk-common/31.3.2/sdk-common-31.3.2.pom to /home/runner/.gradle/.tmp/gradle_download14155843549788470769bin
[        ] Downloading https://dl.google.com/dl/android/maven2/com/android/tools/sdklib/31.3.2/sdklib-31.3.2.pom to /home/runner/.gradle/.tmp/gradle_download6536701179823640248bin
[        ] Downloading https://dl.google.com/dl/android/maven2/com/android/tools/build/gradle-settings-api/8.3.2/gradle-settings-api-8.3.2.pom to /home/runner/.gradle/.tmp/gradle_download6305175908062944095bin
[        ] Downloading https://dl.google.com/dl/android/maven2/com/android/tools/repository/31.3.2/repository-31.3.2.pom to /home/runner/.gradle/.tmp/gradle_download15017076291076044436bin
[        ] Downloading https://dl.google.com/dl/android/maven2/com/android/tools/build/gradle-settings-api/8.3.2/gradle-settings-api-8.3.2.module to /home/runner/.gradle/.tmp/gradle_download12636049342844404877bin
[        ] Downloading https://dl.google.com/dl/android/maven2/com/android/tools/build/aapt2-proto/8.3.2-10880808/aapt2-proto-8.3.2-10880808.pom to /home/runner/.gradle/.tmp/gradle_download330989592436532753bin
[        ] Downloading https://dl.google.com/dl/android/maven2/com/android/tools/ddms/ddmlib/31.3.2/ddmlib-31.3.2.pom to /home/runner/.gradle/.tmp/gradle_download14799099573690583097bin
[  +99 ms] Downloading https://dl.google.com/dl/android/maven2/com/android/tools/build/aaptcompiler/8.3.2/aaptcompiler-8.3.2.pom to /home/runner/.gradle/.tmp/gradle_download17084857509846998493bin
[        ] Downloading https://dl.google.com/dl/android/maven2/com/android/tools/build/aapt2-proto/8.3.2-10880808/aapt2-proto-8.3.2-10880808.module to /home/runner/.gradle/.tmp/gradle_download2346167773089320211bin
[        ] Downloading https://dl.google.com/dl/android/maven2/com/android/tools/lint/lint-model/31.3.2/lint-model-31.3.2.pom to /home/runner/.gradle/.tmp/gradle_download7679710965943929963bin
[        ] Downloading https://dl.google.com/dl/android/maven2/com/android/tools/analytics-library/shared/31.3.2/shared-31.3.2.pom to /home/runner/.gradle/.tmp/gradle_download13967018871992243968bin
[        ] Downloading https://dl.google.com/dl/android/maven2/com/android/tools/analytics-library/crash/31.3.2/crash-31.3.2.pom to /home/runner/.gradle/.tmp/gradle_download3474281290522791259bin
[        ] Downloading https://dl.google.com/dl/android/maven2/com/android/tools/build/aaptcompiler/8.3.2/aaptcompiler-8.3.2.module to /home/runner/.gradle/.tmp/gradle_download17688319754163043307bin
[  +99 ms] Downloading https://dl.google.com/dl/android/maven2/com/android/tools/lint/lint-typedef-remover/31.3.2/lint-typedef-remover-31.3.2.pom to /home/runner/.gradle/.tmp/gradle_download16178623022763371387bin
[        ] Downloading https://dl.google.com/dl/android/maven2/com/android/databinding/baseLibrary/8.3.2/baseLibrary-8.3.2.pom to /home/runner/.gradle/.tmp/gradle_download15666467098319608048bin
[        ] Downloading https://dl.google.com/dl/android/maven2/com/android/tools/layoutlib/layoutlib-api/31.3.2/layoutlib-api-31.3.2.pom to /home/runner/.gradle/.tmp/gradle_download12314225348523895062bin
[        ] Downloading https://dl.google.com/dl/android/maven2/com/android/tools/build/builder-test-api/8.3.2/builder-test-api-8.3.2.pom to /home/runner/.gradle/.tmp/gradle_download15591103591709546092bin
[  +99 ms] Downloading https://dl.google.com/dl/android/maven2/com/android/tools/utp/android-device-provider-ddmlib-proto/31.3.2/android-device-provider-ddmlib-proto-31.3.2.pom to /home/runner/.gradle/.tmp/gradle_download16935294645680874970bin
[        ] Downloading https://dl.google.com/dl/android/maven2/androidx/databinding/databinding-compiler-common/8.3.2/databinding-compiler-common-8.3.2.pom to /home/runner/.gradle/.tmp/gradle_download10548375904540262182bin
[        ] Downloading https://dl.google.com/dl/android/maven2/androidx/databinding/databinding-common/8.3.2/databinding-common-8.3.2.pom to /home/runner/.gradle/.tmp/gradle_download6996475850211576558bin
[        ] Downloading https://dl.google.com/dl/android/maven2/com/android/tools/utp/android-device-provider-gradle-proto/31.3.2/android-device-provider-gradle-proto-31.3.2.pom to /home/runner/.gradle/.tmp/gradle_download13843677765422019892bin
[        ] Downloading https://dl.google.com/dl/android/maven2/com/android/tools/utp/android-test-plugin-host-additional-test-output-proto/31.3.2/android-test-plugin-host-additional-test-output-proto-31.3.2.pom to /home/runner/.gradle/.tmp/gradle_download11884512409735396744bin
[        ] Downloading https://dl.google.com/dl/android/maven2/com/android/tools/build/builder-test-api/8.3.2/builder-test-api-8.3.2.module to /home/runner/.gradle/.tmp/gradle_download8307965438989770069bin
[        ] Downloading https://dl.google.com/dl/android/maven2/com/android/tools/utp/android-test-plugin-host-coverage-proto/31.3.2/android-test-plugin-host-coverage-proto-31.3.2.pom to /home/runner/.gradle/.tmp/gradle_download3633503603688377373bin
[  +99 ms] Downloading https://dl.google.com/dl/android/maven2/com/android/tools/utp/android-test-plugin-host-apk-installer-proto/31.3.2/android-test-plugin-host-apk-installer-proto-31.3.2.pom to /home/runner/.gradle/.tmp/gradle_download5159401811725442625bin
[        ] Downloading https://dl.google.com/dl/android/maven2/com/android/tools/utp/android-test-plugin-host-emulator-control-proto/31.3.2/android-test-plugin-host-emulator-control-proto-31.3.2.pom to /home/runner/.gradle/.tmp/gradle_download3179696178403468341bin
[        ] Downloading https://dl.google.com/dl/android/maven2/com/android/tools/utp/android-test-plugin-host-logcat-proto/31.3.2/android-test-plugin-host-logcat-proto-31.3.2.pom to /home/runner/.gradle/.tmp/gradle_download15278842376368863254bin
[        ] Downloading https://dl.google.com/dl/android/maven2/com/android/tools/utp/android-test-plugin-host-retention-proto/31.3.2/android-test-plugin-host-retention-proto-31.3.2.pom to /home/runner/.gradle/.tmp/gradle_download7094881332178616196bin
[        ] Resource missing. [HTTP GET: https://dl.google.com/dl/android/maven2/org/jetbrains/kotlin/kotlin-stdlib-jdk8/1.9.20/kotlin-stdlib-jdk8-1.9.20.pom]
[        ] Downloading https://dl.google.com/dl/android/maven2/com/android/tools/build/transform-api/2.0.0-deprecated-use-gradle-api/transform-api-2.0.0-deprecated-use-gradle-api.pom to /home/runner/.gradle/.tmp/gradle_download12985043724932400472bin
[        ] Resource missing. [HTTP GET: https://dl.google.com/dl/android/maven2/org/apache/httpcomponents/httpmime/4.5.6/httpmime-4.5.6.pom]
[        ] Downloading https://repo.maven.apache.org/maven2/org/jetbrains/kotlin/kotlin-stdlib-jdk8/1.9.20/kotlin-stdlib-jdk8-1.9.20.pom to /home/runner/.gradle/.tmp/gradle_download18045662483696597365bin
[        ] Resource missing. [HTTP GET: https://dl.google.com/dl/android/maven2/commons-io/commons-io/2.13.0/commons-io-2.13.0.pom]
[        ] Downloading https://repo.maven.apache.org/maven2/org/apache/httpcomponents/httpmime/4.5.6/httpmime-4.5.6.pom to /home/runner/.gradle/.tmp/gradle_download4111654934636373985bin
[        ] Resource missing. [HTTP GET: https://dl.google.com/dl/android/maven2/org/ow2/asm/asm/9.6/asm-9.6.pom]
[        ] Downloading https://repo.maven.apache.org/maven2/commons-io/commons-io/2.13.0/commons-io-2.13.0.pom to /home/runner/.gradle/.tmp/gradle_download11693623071202262369bin
[        ] Resource missing. [HTTP GET: https://dl.google.com/dl/android/maven2/org/apache/httpcomponents/httpcomponents-client/4.5.6/httpcomponents-client-4.5.6.pom]
[        ] Downloading https://repo.maven.apache.org/maven2/org/ow2/asm/asm/9.6/asm-9.6.pom to /home/runner/.gradle/.tmp/gradle_download18369214142581899575bin
[  +99 ms] Downloading https://repo.maven.apache.org/maven2/org/apache/httpcomponents/httpcomponents-client/4.5.6/httpcomponents-client-4.5.6.pom to /home/runner/.gradle/.tmp/gradle_download1211752234879483024bin
[        ] Resource missing. [HTTP GET: https://dl.google.com/dl/android/maven2/org/apache/commons/commons-parent/58/commons-parent-58.pom]
[        ] Downloading https://repo.maven.apache.org/maven2/org/apache/commons/commons-parent/58/commons-parent-58.pom to /home/runner/.gradle/.tmp/gradle_download9245044417048388716bin
[        ] Resource missing. [HTTP GET: https://dl.google.com/dl/android/maven2/org/ow2/ow2/1.5.1/ow2-1.5.1.pom]
[        ] Resource missing. [HTTP GET: https://dl.google.com/dl/android/maven2/org/apache/httpcomponents/httpcomponents-parent/10/httpcomponents-parent-10.pom]
[        ] Downloading https://repo.maven.apache.org/maven2/org/ow2/ow2/1.5.1/ow2-1.5.1.pom to /home/runner/.gradle/.tmp/gradle_download3273100510146424606bin
[        ] Downloading https://repo.maven.apache.org/maven2/org/apache/httpcomponents/httpcomponents-parent/10/httpcomponents-parent-10.pom to /home/runner/.gradle/.tmp/gradle_download9238906268053312746bin
[        ] Downloading https://dl.google.com/dl/android/maven2/com/android/tools/utp/android-test-plugin-result-listener-gradle-proto/31.3.2/android-test-plugin-result-listener-gradle-proto-31.3.2.pom to /home/runner/.gradle/.tmp/gradle_download7990781278412068217bin
[        ] Resource missing. [HTTP GET: https://dl.google.com/dl/android/maven2/org/apache/apache/29/apache-29.pom]
[        ] Downloading https://repo.maven.apache.org/maven2/org/apache/apache/29/apache-29.pom to /home/runner/.gradle/.tmp/gradle_download13693911413845455586bin
[        ] Resource missing. [HTTP GET: https://dl.google.com/dl/android/maven2/org/ow2/asm/asm-analysis/9.6/asm-analysis-9.6.pom]
[        ] Resource missing. [HTTP GET: https://dl.google.com/dl/android/maven2/org/apache/apache/18/apache-18.pom]
[        ] Resource missing. [HTTP GET: https://dl.google.com/dl/android/maven2/org/ow2/asm/asm-commons/9.6/asm-commons-9.6.pom]
[  +97 ms] Downloading https://repo.maven.apache.org/maven2/org/ow2/asm/asm-analysis/9.6/asm-analysis-9.6.pom to /home/runner/.gradle/.tmp/gradle_download16973224711196397255bin
[        ] Downloading https://repo.maven.apache.org/maven2/org/apache/apache/18/apache-18.pom to /home/runner/.gradle/.tmp/gradle_download1306990301191676830bin
[        ] Resource missing. [HTTP GET: https://dl.google.com/dl/android/maven2/org/junit/junit-bom/5.9.3/junit-bom-5.9.3.pom]
[        ] Downloading https://repo.maven.apache.org/maven2/org/ow2/asm/asm-commons/9.6/asm-commons-9.6.pom to /home/runner/.gradle/.tmp/gradle_download15988981502126868134bin
[        ] Downloading https://repo.maven.apache.org/maven2/org/junit/junit-bom/5.9.3/junit-bom-5.9.3.pom to /home/runner/.gradle/.tmp/gradle_download17492350499208113034bin
[        ] Resource missing. [HTTP GET: https://dl.google.com/dl/android/maven2/org/ow2/asm/asm-util/9.6/asm-util-9.6.pom]
[        ] Resource missing. [HTTP GET: https://dl.google.com/dl/android/maven2/org/bouncycastle/bcpkix-jdk15on/1.67/bcpkix-jdk15on-1.67.pom]
[        ] Downloading https://repo.maven.apache.org/maven2/org/ow2/asm/asm-util/9.6/asm-util-9.6.pom to /home/runner/.gradle/.tmp/gradle_download4771104393047813812bin
[        ] Downloading https://repo.maven.apache.org/maven2/org/junit/junit-bom/5.9.3/junit-bom-5.9.3.module to /home/runner/.gradle/.tmp/gradle_download4455671698315948456bin
[        ] Resource missing. [HTTP GET: https://dl.google.com/dl/android/maven2/org/glassfish/jaxb/jaxb-runtime/2.3.2/jaxb-runtime-2.3.2.pom]
[        ] Downloading https://repo.maven.apache.org/maven2/org/bouncycastle/bcpkix-jdk15on/1.67/bcpkix-jdk15on-1.67.pom to /home/runner/.gradle/.tmp/gradle_download14921446248850557909bin
[        ] Downloading https://repo.maven.apache.org/maven2/org/glassfish/jaxb/jaxb-runtime/2.3.2/jaxb-runtime-2.3.2.pom to /home/runner/.gradle/.tmp/gradle_download14236902079910056403bin
[        ] Resource missing. [HTTP GET: https://dl.google.com/dl/android/maven2/net/sf/jopt-simple/jopt-simple/4.9/jopt-simple-4.9.pom]
[        ] Downloading https://repo.maven.apache.org/maven2/net/sf/jopt-simple/jopt-simple/4.9/jopt-simple-4.9.pom to /home/runner/.gradle/.tmp/gradle_download8266377961341823748bin
[        ] Resource missing. [HTTP GET: https://dl.google.com/dl/android/maven2/com/sun/xml/bind/mvn/jaxb-runtime-parent/2.3.2/jaxb-runtime-parent-2.3.2.pom]
[        ] Downloading https://dl.google.com/dl/android/maven2/com/android/tools/build/jetifier/jetifier-core/1.0.0-beta10/jetifier-core-1.0.0-beta10.pom to /home/runner/.gradle/.tmp/gradle_download2301359334633413852bin
[  +96 ms] Downloading https://dl.google.com/dl/android/maven2/com/android/tools/build/bundletool/1.15.6/bundletool-1.15.6.pom to /home/runner/.gradle/.tmp/gradle_download12300767809270253860bin
[        ] Downloading https://repo.maven.apache.org/maven2/com/sun/xml/bind/mvn/jaxb-runtime-parent/2.3.2/jaxb-runtime-parent-2.3.2.pom to /home/runner/.gradle/.tmp/gradle_download3040034304357687840bin
[        ] Downloading https://dl.google.com/dl/android/maven2/com/android/tools/build/jetifier/jetifier-core/1.0.0-beta10/jetifier-core-1.0.0-beta10.module to /home/runner/.gradle/.tmp/gradle_download6474717502786871022bin
[        ] Downloading https://dl.google.com/dl/android/maven2/com/android/tools/build/jetifier/jetifier-processor/1.0.0-beta10/jetifier-processor-1.0.0-beta10.pom to /home/runner/.gradle/.tmp/gradle_download3684706431599598729bin
[        ] Resource missing. [HTTP GET: https://dl.google.com/dl/android/maven2/com/squareup/javapoet/1.10.0/javapoet-1.10.0.pom]
[        ] Resource missing. [HTTP GET: https://dl.google.com/dl/android/maven2/com/sun/xml/bind/mvn/jaxb-parent/2.3.2/jaxb-parent-2.3.2.pom]
[        ] Downloading https://repo.maven.apache.org/maven2/com/squareup/javapoet/1.10.0/javapoet-1.10.0.pom to /home/runner/.gradle/.tmp/gradle_download5288614353702805523bin
[        ] Downloading https://dl.google.com/dl/android/maven2/com/android/tools/build/jetifier/jetifier-processor/1.0.0-beta10/jetifier-processor-1.0.0-beta10.module to /home/runner/.gradle/.tmp/gradle_download12628717011379247787bin
[        ] Resource missing. [HTTP GET: https://dl.google.com/dl/android/maven2/com/google/protobuf/protobuf-java/3.22.3/protobuf-java-3.22.3.pom]
[        ] Downloading https://repo.maven.apache.org/maven2/com/sun/xml/bind/mvn/jaxb-parent/2.3.2/jaxb-parent-2.3.2.pom to /home/runner/.gradle/.tmp/gradle_download13961513299186231052bin
[        ] Resource missing. [HTTP GET: https://dl.google.com/dl/android/maven2/com/google/protobuf/protobuf-java-util/3.22.3/protobuf-java-util-3.22.3.pom]
[        ] Downloading https://repo.maven.apache.org/maven2/com/google/protobuf/protobuf-java/3.22.3/protobuf-java-3.22.3.pom to /home/runner/.gradle/.tmp/gradle_download13522963695823463898bin
[        ] Resource missing. [HTTP GET: https://dl.google.com/dl/android/maven2/com/google/code/gson/gson/2.10.1/gson-2.10.1.pom]
[        ] Downloading https://repo.maven.apache.org/maven2/com/google/protobuf/protobuf-java-util/3.22.3/protobuf-java-util-3.22.3.pom to /home/runner/.gradle/.tmp/gradle_download16794332279555605493bin
[        ] Resource missing. [HTTP GET: https://dl.google.com/dl/android/maven2/com/sun/xml/bind/jaxb-bom-ext/2.3.2/jaxb-bom-ext-2.3.2.pom]
[  +98 ms] Resource missing. [HTTP GET: https://dl.google.com/dl/android/maven2/com/google/protobuf/protobuf-parent/3.22.3/protobuf-parent-3.22.3.pom]
[   +3 ms] Downloading https://repo.maven.apache.org/maven2/com/google/code/gson/gson/2.10.1/gson-2.10.1.pom to /home/runner/.gradle/.tmp/gradle_download7573499476405825658bin
[        ] Downloading https://repo.maven.apache.org/maven2/com/sun/xml/bind/jaxb-bom-ext/2.3.2/jaxb-bom-ext-2.3.2.pom to /home/runner/.gradle/.tmp/gradle_download3107459187415337363bin
[        ] Downloading https://repo.maven.apache.org/maven2/com/google/protobuf/protobuf-parent/3.22.3/protobuf-parent-3.22.3.pom to /home/runner/.gradle/.tmp/gradle_download9220782967081850446bin
[        ] Resource missing. [HTTP GET: https://dl.google.com/dl/android/maven2/com/google/code/gson/gson-parent/2.10.1/gson-parent-2.10.1.pom]
[        ] Resource missing. [HTTP GET: https://dl.google.com/dl/android/maven2/com/google/protobuf/protobuf-bom/3.22.3/protobuf-bom-3.22.3.pom]
[        ] Downloading https://repo.maven.apache.org/maven2/com/google/code/gson/gson-parent/2.10.1/gson-parent-2.10.1.pom to /home/runner/.gradle/.tmp/gradle_download7140452434708524092bin
[        ] Resource missing. [HTTP GET: https://dl.google.com/dl/android/maven2/org/glassfish/jaxb/jaxb-bom/2.3.2/jaxb-bom-2.3.2.pom]
[        ] Downloading https://repo.maven.apache.org/maven2/com/google/protobuf/protobuf-bom/3.22.3/protobuf-bom-3.22.3.pom to /home/runner/.gradle/.tmp/gradle_download4747184891672056699bin
[        ] Downloading https://repo.maven.apache.org/maven2/org/glassfish/jaxb/jaxb-bom/2.3.2/jaxb-bom-2.3.2.pom to /home/runner/.gradle/.tmp/gradle_download13095740382537627342bin
[        ] Resource missing. [HTTP GET: https://dl.google.com/dl/android/maven2/io/grpc/grpc-core/1.57.0/grpc-core-1.57.0.pom]
[  +94 ms] Resource missing. [HTTP GET: https://dl.google.com/dl/android/maven2/io/grpc/grpc-netty/1.57.0/grpc-netty-1.57.0.pom]
[        ] Downloading https://repo.maven.apache.org/maven2/io/grpc/grpc-core/1.57.0/grpc-core-1.57.0.pom to /home/runner/.gradle/.tmp/gradle_download14329677403350521914bin
[        ] Resource missing. [HTTP GET: https://dl.google.com/dl/android/maven2/io/grpc/grpc-protobuf/1.57.0/grpc-protobuf-1.57.0.pom]
[        ] Resource missing. [HTTP GET: https://dl.google.com/dl/android/maven2/org/eclipse/ee4j/project/1.0.5/project-1.0.5.pom]
[        ] Downloading https://repo.maven.apache.org/maven2/io/grpc/grpc-netty/1.57.0/grpc-netty-1.57.0.pom to /home/runner/.gradle/.tmp/gradle_download2346847349270453352bin
[        ] Downloading https://repo.maven.apache.org/maven2/io/grpc/grpc-protobuf/1.57.0/grpc-protobuf-1.57.0.pom to /home/runner/.gradle/.tmp/gradle_download18227715112585306644bin
[        ] Downloading https://repo.maven.apache.org/maven2/org/eclipse/ee4j/project/1.0.5/project-1.0.5.pom to /home/runner/.gradle/.tmp/gradle_download3190427361486692457bin
[        ] Resource missing. [HTTP GET: https://dl.google.com/dl/android/maven2/io/grpc/grpc-stub/1.57.0/grpc-stub-1.57.0.pom]
[        ] Resource missing. [HTTP GET: https://dl.google.com/dl/android/maven2/com/google/crypto/tink/tink/1.7.0/tink-1.7.0.pom]
[        ] Downloading https://repo.maven.apache.org/maven2/io/grpc/grpc-stub/1.57.0/grpc-stub-1.57.0.pom to /home/runner/.gradle/.tmp/gradle_download12755318604628059051bin
[        ] Downloading https://dl.google.com/dl/android/maven2/com/google/testing/platform/core-proto/0.0.9-alpha02/core-proto-0.0.9-alpha02.pom to /home/runner/.gradle/.tmp/gradle_download18012375935904340144bin
[        ] Downloading https://repo.maven.apache.org/maven2/com/google/crypto/tink/tink/1.7.0/tink-1.7.0.pom to /home/runner/.gradle/.tmp/gradle_download18305990921228573866bin
[        ] Resource missing. [HTTP GET: https://dl.google.com/dl/android/maven2/net/sf/kxml/kxml2/2.3.0/kxml2-2.3.0.pom]
[        ] Resource missing. [HTTP GET: https://dl.google.com/dl/android/maven2/com/google/flatbuffers/flatbuffers-java/1.12.0/flatbuffers-java-1.12.0.pom]
[        ] Resource missing. [HTTP GET: https://dl.google.com/dl/android/maven2/org/tensorflow/tensorflow-lite-metadata/0.1.0-rc2/tensorflow-lite-metadata-0.1.0-rc2.pom]
[        ] Downloading https://repo.maven.apache.org/maven2/net/sf/kxml/kxml2/2.3.0/kxml2-2.3.0.pom to /home/runner/.gradle/.tmp/gradle_download1278859708666265902bin
[  +98 ms] Downloading https://repo.maven.apache.org/maven2/com/google/flatbuffers/flatbuffers-java/1.12.0/flatbuffers-java-1.12.0.pom to /home/runner/.gradle/.tmp/gradle_download2905627053743656183bin
[        ] Downloading https://repo.maven.apache.org/maven2/org/tensorflow/tensorflow-lite-metadata/0.1.0-rc2/tensorflow-lite-metadata-0.1.0-rc2.pom to /home/runner/.gradle/.tmp/gradle_download10907699653437094171bin
[        ] Downloading https://dl.google.com/dl/android/maven2/com/android/tools/build/builder-model/8.3.2/builder-model-8.3.2.pom to /home/runner/.gradle/.tmp/gradle_download11149602804717083461bin
[        ] Downloading https://dl.google.com/dl/android/maven2/com/android/tools/build/builder/8.3.2/builder-8.3.2.pom to /home/runner/.gradle/.tmp/gradle_download6740826458212389442bin
[        ] Downloading https://dl.google.com/dl/android/maven2/com/android/tools/build/gradle-api/8.3.2/gradle-api-8.3.2.pom to /home/runner/.gradle/.tmp/gradle_download2383856241350051795bin
[        ] Downloading https://dl.google.com/dl/android/maven2/com/android/tools/build/builder/8.3.2/builder-8.3.2.module to /home/runner/.gradle/.tmp/gradle_download15072075660511844971bin
[        ] Downloading https://dl.google.com/dl/android/maven2/com/android/tools/build/builder-model/8.3.2/builder-model-8.3.2.module to /home/runner/.gradle/.tmp/gradle_download17350803179480639669bin
[  +98 ms] Downloading https://dl.google.com/dl/android/maven2/com/android/tools/build/gradle-api/8.3.2/gradle-api-8.3.2.module to /home/runner/.gradle/.tmp/gradle_download1182007948883214918bin
[        ] Resource missing. [HTTP GET: https://dl.google.com/dl/android/maven2/org/jetbrains/kotlin/kotlin-gradle-plugin-idea/1.9.22/kotlin-gradle-plugin-idea-1.9.22.pom]
[        ] Downloading https://repo.maven.apache.org/maven2/org/jetbrains/kotlin/kotlin-gradle-plugin-idea/1.9.22/kotlin-gradle-plugin-idea-1.9.22.pom to /home/runner/.gradle/.tmp/gradle_download11347410916598700161bin
[  +99 ms] Downloading https://repo.maven.apache.org/maven2/org/jetbrains/kotlin/kotlin-gradle-plugin-idea/1.9.22/kotlin-gradle-plugin-idea-1.9.22.module to /home/runner/.gradle/.tmp/gradle_download4866238050984935133bin
[        ] Resource missing. [HTTP GET: https://dl.google.com/dl/android/maven2/org/jetbrains/kotlin/kotlin-gradle-plugin-api/1.9.22/kotlin-gradle-plugin-api-1.9.22.pom]
[        ] Resource missing. [HTTP GET: https://dl.google.com/dl/android/maven2/org/jetbrains/kotlin/kotlin-gradle-plugin-model/1.9.22/kotlin-gradle-plugin-model-1.9.22.pom]
[        ] Resource missing. [HTTP GET: https://dl.google.com/dl/android/maven2/org/jetbrains/kotlin/kotlin-gradle-plugin-idea-proto/1.9.22/kotlin-gradle-plugin-idea-proto-1.9.22.pom]
[        ] Downloading https://repo.maven.apache.org/maven2/org/jetbrains/kotlin/kotlin-gradle-plugin-model/1.9.22/kotlin-gradle-plugin-model-1.9.22.pom to /home/runner/.gradle/.tmp/gradle_download13289658774611068343bin
[        ] Downloading https://repo.maven.apache.org/maven2/org/jetbrains/kotlin/kotlin-gradle-plugin-api/1.9.22/kotlin-gradle-plugin-api-1.9.22.pom to /home/runner/.gradle/.tmp/gradle_download10186976859336005062bin
[        ] Downloading https://repo.maven.apache.org/maven2/org/jetbrains/kotlin/kotlin-gradle-plugin-idea-proto/1.9.22/kotlin-gradle-plugin-idea-proto-1.9.22.pom to /home/runner/.gradle/.tmp/gradle_download2187330770071961292bin
[        ] Downloading https://repo.maven.apache.org/maven2/org/jetbrains/kotlin/kotlin-gradle-plugin-model/1.9.22/kotlin-gradle-plugin-model-1.9.22.module to /home/runner/.gradle/.tmp/gradle_download12533969848798130241bin
[        ] Downloading https://repo.maven.apache.org/maven2/org/jetbrains/kotlin/kotlin-gradle-plugin-api/1.9.22/kotlin-gradle-plugin-api-1.9.22.module to /home/runner/.gradle/.tmp/gradle_download3468672138665816091bin
[        ] Resource missing. [HTTP GET: https://dl.google.com/dl/android/maven2/org/jetbrains/kotlin/kotlin-util-klib/1.9.22/kotlin-util-klib-1.9.22.pom]
[        ] Resource missing. [HTTP GET: https://dl.google.com/dl/android/maven2/org/jetbrains/kotlin/kotlin-klib-commonizer-api/1.9.22/kotlin-klib-commonizer-api-1.9.22.pom]
[        ] Downloading https://repo.maven.apache.org/maven2/org/jetbrains/kotlin/kotlin-util-klib/1.9.22/kotlin-util-klib-1.9.22.pom to /home/runner/.gradle/.tmp/gradle_download4941098774278098332bin
[        ] Resource missing. [HTTP GET: https://dl.google.com/dl/android/maven2/org/jetbrains/kotlin/kotlin-build-tools-api/1.9.22/kotlin-build-tools-api-1.9.22.pom]
[        ] Downloading https://repo.maven.apache.org/maven2/org/jetbrains/kotlin/kotlin-klib-commonizer-api/1.9.22/kotlin-klib-commonizer-api-1.9.22.pom to /home/runner/.gradle/.tmp/gradle_download4677163875563031024bin
[  +99 ms] Downloading https://repo.maven.apache.org/maven2/org/jetbrains/kotlin/kotlin-build-tools-api/1.9.22/kotlin-build-tools-api-1.9.22.pom to /home/runner/.gradle/.tmp/gradle_download17028995282854587227bin
[        ] Resource missing. [HTTP GET: https://dl.google.com/dl/android/maven2/org/jetbrains/kotlin/kotlin-compiler-embeddable/1.9.22/kotlin-compiler-embeddable-1.9.22.pom]
[        ] Downloading https://repo.maven.apache.org/maven2/org/jetbrains/kotlin/kotlin-compiler-embeddable/1.9.22/kotlin-compiler-embeddable-1.9.22.pom to /home/runner/.gradle/.tmp/gradle_download7686658702185622465bin
[        ] Resource missing. [HTTP GET: https://dl.google.com/dl/android/maven2/org/jetbrains/kotlin/kotlin-android-extensions/1.9.22/kotlin-android-extensions-1.9.22.pom]
[        ] Resource missing. [HTTP GET: https://dl.google.com/dl/android/maven2/org/jetbrains/kotlin/kotlin-compiler-runner/1.9.22/kotlin-compiler-runner-1.9.22.pom]
[        ] Downloading https://repo.maven.apache.org/maven2/org/jetbrains/kotlin/kotlin-android-extensions/1.9.22/kotlin-android-extensions-1.9.22.pom to /home/runner/.gradle/.tmp/gradle_download8438978658869190108bin
[        ] Downloading https://repo.maven.apache.org/maven2/org/jetbrains/kotlin/kotlin-compiler-runner/1.9.22/kotlin-compiler-runner-1.9.22.pom to /home/runner/.gradle/.tmp/gradle_download1828643928387658839bin
[        ] Resource missing. [HTTP GET: https://dl.google.com/dl/android/maven2/org/jetbrains/kotlin/kotlin-scripting-compiler-embeddable/1.9.22/kotlin-scripting-compiler-embeddable-1.9.22.pom]
[        ] Downloading https://repo.maven.apache.org/maven2/org/jetbrains/kotlin/kotlin-scripting-compiler-embeddable/1.9.22/kotlin-scripting-compiler-embeddable-1.9.22.pom to /home/runner/.gradle/.tmp/gradle_download2872454734554818739bin
[  +98 ms] Resource missing. [HTTP GET: https://dl.google.com/dl/android/maven2/org/jetbrains/kotlin/kotlin-scripting-compiler-impl-embeddable/1.9.22/kotlin-scripting-compiler-impl-embeddable-1.9.22.pom]
[        ] Downloading https://repo.maven.apache.org/maven2/org/jetbrains/kotlin/kotlin-scripting-compiler-impl-embeddable/1.9.22/kotlin-scripting-compiler-impl-embeddable-1.9.22.pom to /home/runner/.gradle/.tmp/gradle_download5942947966468971959bin
[        ] Resource missing. [HTTP GET: https://dl.google.com/dl/android/maven2/org/bouncycastle/bcprov-jdk15on/1.67/bcprov-jdk15on-1.67.pom]
[        ] Resource missing. [HTTP GET: https://dl.google.com/dl/android/maven2/javax/inject/javax.inject/1/javax.inject-1.pom]
[        ] Resource missing. [HTTP GET: https://dl.google.com/dl/android/maven2/com/google/guava/guava/32.0.1-jre/guava-32.0.1-jre.pom]
[        ] Downloading https://repo.maven.apache.org/maven2/javax/inject/javax.inject/1/javax.inject-1.pom to /home/runner/.gradle/.tmp/gradle_download3495121108755168452bin
[        ] Downloading https://repo.maven.apache.org/maven2/org/bouncycastle/bcprov-jdk15on/1.67/bcprov-jdk15on-1.67.pom to /home/runner/.gradle/.tmp/gradle_download993269229402343725bin
[        ] Downloading https://repo.maven.apache.org/maven2/com/google/guava/guava/32.0.1-jre/guava-32.0.1-jre.pom to /home/runner/.gradle/.tmp/gradle_download10063289839453936167bin
[  +98 ms] Resource missing. [HTTP GET: https://dl.google.com/dl/android/maven2/org/jetbrains/intellij/deps/trove4j/1.0.20200330/trove4j-1.0.20200330.pom]
[        ] Resource missing. [HTTP GET: https://dl.google.com/dl/android/maven2/org/jetbrains/kotlin/kotlin-reflect/1.9.20/kotlin-reflect-1.9.20.pom]
[        ] Resource missing. [HTTP GET: https://dl.google.com/dl/android/maven2/com/google/guava/guava-parent/32.0.1-jre/guava-parent-32.0.1-jre.pom]
[        ] Downloading https://repo.maven.apache.org/maven2/com/google/guava/guava-parent/32.0.1-jre/guava-parent-32.0.1-jre.pom to /home/runner/.gradle/.tmp/gradle_download8455667154114113871bin
[        ] Downloading https://repo.maven.apache.org/maven2/org/jetbrains/kotlin/kotlin-reflect/1.9.20/kotlin-reflect-1.9.20.pom to /home/runner/.gradle/.tmp/gradle_download10675744307928843200bin
[        ] Downloading https://repo.maven.apache.org/maven2/org/jetbrains/intellij/deps/trove4j/1.0.20200330/trove4j-1.0.20200330.pom to /home/runner/.gradle/.tmp/gradle_download18188036393849797152bin
[        ] Downloading https://dl.google.com/dl/android/maven2/com/android/tools/common/31.3.2/common-31.3.2.pom to /home/runner/.gradle/.tmp/gradle_download18120474678728244342bin
[        ] Resource missing. [HTTP GET: https://dl.google.com/dl/android/maven2/org/apache/httpcomponents/httpcore/4.4.16/httpcore-4.4.16.pom]
[        ] Resource missing. [HTTP GET: https://dl.google.com/dl/android/maven2/org/apache/commons/commons-compress/1.21/commons-compress-1.21.pom]
[        ] Downloading https://repo.maven.apache.org/maven2/org/apache/httpcomponents/httpcore/4.4.16/httpcore-4.4.16.pom to /home/runner/.gradle/.tmp/gradle_download2641960812089172205bin
[        ] Downloading https://repo.maven.apache.org/maven2/org/apache/commons/commons-compress/1.21/commons-compress-1.21.pom to /home/runner/.gradle/.tmp/gradle_download12701468244595814046bin
[  +98 ms] Resource missing. [HTTP GET: https://dl.google.com/dl/android/maven2/org/apache/httpcomponents/httpcomponents-core/4.4.16/httpcomponents-core-4.4.16.pom]
[        ] Resource missing. [HTTP GET: https://dl.google.com/dl/android/maven2/org/apache/commons/commons-parent/52/commons-parent-52.pom]
[        ] Downloading https://repo.maven.apache.org/maven2/org/apache/httpcomponents/httpcomponents-core/4.4.16/httpcomponents-core-4.4.16.pom to /home/runner/.gradle/.tmp/gradle_download8442476786740868074bin
[        ] Downloading https://dl.google.com/dl/android/maven2/com/android/tools/dvlib/31.3.2/dvlib-31.3.2.pom to /home/runner/.gradle/.tmp/gradle_download4539227246755650548bin
[        ] Downloading https://repo.maven.apache.org/maven2/org/apache/commons/commons-parent/52/commons-parent-52.pom to /home/runner/.gradle/.tmp/gradle_download10203992538831154835bin
[        ] Resource missing. [HTTP GET: https://dl.google.com/dl/android/maven2/org/apache/httpcomponents/httpcomponents-parent/11/httpcomponents-parent-11.pom]
[        ] Resource missing. [HTTP GET: https://dl.google.com/dl/android/maven2/org/apache/apache/23/apache-23.pom]
[        ] Downloading https://repo.maven.apache.org/maven2/org/apache/httpcomponents/httpcomponents-parent/11/httpcomponents-parent-11.pom to /home/runner/.gradle/.tmp/gradle_download12266586890148190476bin
[        ] Downloading https://repo.maven.apache.org/maven2/org/apache/apache/23/apache-23.pom to /home/runner/.gradle/.tmp/gradle_download4498694262219385414bin
[  +98 ms] Resource missing. [HTTP GET: https://dl.google.com/dl/android/maven2/org/apache/apache/21/apache-21.pom]
[        ] Downloading https://repo.maven.apache.org/maven2/org/apache/apache/21/apache-21.pom to /home/runner/.gradle/.tmp/gradle_download15118209572188670829bin
[        ] Resource missing. [HTTP GET: https://dl.google.com/dl/android/maven2/com/sun/activation/javax.activation/1.2.0/javax.activation-1.2.0.pom]
[        ] Resource missing. [HTTP GET: https://dl.google.com/dl/android/maven2/com/google/jimfs/jimfs/1.1/jimfs-1.1.pom]
[        ] Downloading https://repo.maven.apache.org/maven2/com/sun/activation/javax.activation/1.2.0/javax.activation-1.2.0.pom to /home/runner/.gradle/.tmp/gradle_download12969227327862861037bin
[        ] Downloading https://repo.maven.apache.org/maven2/com/google/jimfs/jimfs/1.1/jimfs-1.1.pom to /home/runner/.gradle/.tmp/gradle_download8173346452482453452bin
[  +99 ms] Resource missing. [HTTP GET: https://dl.google.com/dl/android/maven2/com/sun/activation/all/1.2.0/all-1.2.0.pom]
[        ] Resource missing. [HTTP GET: https://dl.google.com/dl/android/maven2/com/google/jimfs/jimfs-parent/1.1/jimfs-parent-1.1.pom]
[        ] Downloading https://repo.maven.apache.org/maven2/com/google/jimfs/jimfs-parent/1.1/jimfs-parent-1.1.pom to /home/runner/.gradle/.tmp/gradle_download12664455747975965574bin
[        ] Downloading https://repo.maven.apache.org/maven2/com/sun/activation/all/1.2.0/all-1.2.0.pom to /home/runner/.gradle/.tmp/gradle_download17681864866377818219bin
[        ] Resource missing. [HTTP GET: https://dl.google.com/dl/android/maven2/net/java/jvnet-parent/1/jvnet-parent-1.pom]
[        ] Downloading https://repo.maven.apache.org/maven2/net/java/jvnet-parent/1/jvnet-parent-1.pom to /home/runner/.gradle/.tmp/gradle_download348796221299463258bin
[  +99 ms] Resource missing. [HTTP GET: https://dl.google.com/dl/android/maven2/org/jetbrains/annotations/23.0.0/annotations-23.0.0.pom]
[        ] Downloading https://repo.maven.apache.org/maven2/org/jetbrains/annotations/23.0.0/annotations-23.0.0.pom to /home/runner/.gradle/.tmp/gradle_download4070352006404249927bin
[        ] Resource missing. [HTTP GET: https://dl.google.com/dl/android/maven2/org/apache/httpcomponents/httpclient/4.5.14/httpclient-4.5.14.pom]
[        ] Downloading https://repo.maven.apache.org/maven2/org/apache/httpcomponents/httpclient/4.5.14/httpclient-4.5.14.pom to /home/runner/.gradle/.tmp/gradle_download6859806843756737016bin
[  +99 ms] Downloading https://dl.google.com/dl/android/maven2/com/android/tools/annotations/31.3.2/annotations-31.3.2.pom to /home/runner/.gradle/.tmp/gradle_download6311639758113114395bin
[        ] Resource missing. [HTTP GET: https://dl.google.com/dl/android/maven2/org/apache/httpcomponents/httpcomponents-client/4.5.14/httpcomponents-client-4.5.14.pom]
[        ] Downloading https://repo.maven.apache.org/maven2/org/apache/httpcomponents/httpcomponents-client/4.5.14/httpcomponents-client-4.5.14.pom to /home/runner/.gradle/.tmp/gradle_download5901093932171625671bin
[        ] Resource missing. [HTTP GET: https://dl.google.com/dl/android/maven2/net/java/dev/jna/jna-platform/5.6.0/jna-platform-5.6.0.pom]
[        ] Downloading https://repo.maven.apache.org/maven2/net/java/dev/jna/jna-platform/5.6.0/jna-platform-5.6.0.pom to /home/runner/.gradle/.tmp/gradle_download16920143945769846721bin
[  +99 ms] Downloading https://dl.google.com/dl/android/maven2/com/android/tools/analytics-library/protos/31.3.2/protos-31.3.2.pom to /home/runner/.gradle/.tmp/gradle_download8178141755723213337bin
[        ] Resource missing. [HTTP GET: https://dl.google.com/dl/android/maven2/com/googlecode/juniversalchardet/juniversalchardet/1.0.3/juniversalchardet-1.0.3.pom]
[        ] Downloading https://repo.maven.apache.org/maven2/com/googlecode/juniversalchardet/juniversalchardet/1.0.3/juniversalchardet-1.0.3.pom to /home/runner/.gradle/.tmp/gradle_download5725169755294727709bin
[  +99 ms] Resource missing. [HTTP GET: https://dl.google.com/dl/android/maven2/javax/annotation/javax.annotation-api/1.3.2/javax.annotation-api-1.3.2.pom]
[        ] Downloading https://repo.maven.apache.org/maven2/javax/annotation/javax.annotation-api/1.3.2/javax.annotation-api-1.3.2.pom to /home/runner/.gradle/.tmp/gradle_download11849892147047291006bin
[        ] Resource missing. [HTTP GET: https://dl.google.com/dl/android/maven2/net/java/jvnet-parent/3/jvnet-parent-3.pom]
[        ] Downloading https://repo.maven.apache.org/maven2/net/java/jvnet-parent/3/jvnet-parent-3.pom to /home/runner/.gradle/.tmp/gradle_download16416668701938009867bin
[        ] Resource missing. [HTTP GET: https://dl.google.com/dl/android/maven2/org/jetbrains/kotlin/kotlin-stdlib/1.9.20/kotlin-stdlib-1.9.20.pom]
[ +100 ms] Resource missing. [HTTP GET: https://dl.google.com/dl/android/maven2/org/jetbrains/kotlin/kotlin-stdlib-jdk7/1.9.20/kotlin-stdlib-jdk7-1.9.20.pom]
[        ] Downloading https://repo.maven.apache.org/maven2/org/jetbrains/kotlin/kotlin-stdlib/1.9.20/kotlin-stdlib-1.9.20.pom to /home/runner/.gradle/.tmp/gradle_download17677271914274304829bin
[        ] Downloading https://repo.maven.apache.org/maven2/org/jetbrains/kotlin/kotlin-stdlib-jdk7/1.9.20/kotlin-stdlib-jdk7-1.9.20.pom to /home/runner/.gradle/.tmp/gradle_download13327629884798694715bin
[        ] Downloading https://repo.maven.apache.org/maven2/org/jetbrains/kotlin/kotlin-stdlib/1.9.20/kotlin-stdlib-1.9.20.module to /home/runner/.gradle/.tmp/gradle_download3561887896754587001bin
[        ] Resource missing. [HTTP GET: https://dl.google.com/dl/android/maven2/org/ow2/asm/asm-tree/9.6/asm-tree-9.6.pom]
[        ] Downloading https://repo.maven.apache.org/maven2/org/ow2/asm/asm-tree/9.6/asm-tree-9.6.pom to /home/runner/.gradle/.tmp/gradle_download11606461487211999031bin
[  +98 ms] Resource missing. [HTTP GET: https://dl.google.com/dl/android/maven2/org/jvnet/staxex/stax-ex/1.8.1/stax-ex-1.8.1.pom]
[        ] Resource missing. [HTTP GET: https://dl.google.com/dl/android/maven2/com/sun/istack/istack-commons-runtime/3.0.8/istack-commons-runtime-3.0.8.pom]
[        ] Resource missing. [HTTP GET: https://dl.google.com/dl/android/maven2/jakarta/xml/bind/jakarta.xml.bind-api/2.3.2/jakarta.xml.bind-api-2.3.2.pom]
[        ] Resource missing. [HTTP GET: https://dl.google.com/dl/android/maven2/org/glassfish/jaxb/txw2/2.3.2/txw2-2.3.2.pom]
[        ] Downloading https://repo.maven.apache.org/maven2/com/sun/istack/istack-commons-runtime/3.0.8/istack-commons-runtime-3.0.8.pom to /home/runner/.gradle/.tmp/gradle_download7681426465431688058bin
[        ] Downloading https://repo.maven.apache.org/maven2/org/jvnet/staxex/stax-ex/1.8.1/stax-ex-1.8.1.pom to /home/runner/.gradle/.tmp/gradle_download16454367101239564755bin
[        ] Downloading https://repo.maven.apache.org/maven2/jakarta/xml/bind/jakarta.xml.bind-api/2.3.2/jakarta.xml.bind-api-2.3.2.pom to /home/runner/.gradle/.tmp/gradle_download5766108047097337389bin
[        ] Resource missing. [HTTP GET: https://dl.google.com/dl/android/maven2/com/sun/istack/istack-commons/3.0.8/istack-commons-3.0.8.pom]
[        ] Downloading https://repo.maven.apache.org/maven2/org/glassfish/jaxb/txw2/2.3.2/txw2-2.3.2.pom to /home/runner/.gradle/.tmp/gradle_download12948289408457144150bin
[        ] Resource missing. [HTTP GET: https://dl.google.com/dl/android/maven2/jakarta/xml/bind/jakarta.xml.bind-api-parent/2.3.2/jakarta.xml.bind-api-parent-2.3.2.pom]
[        ] Downloading https://repo.maven.apache.org/maven2/com/sun/istack/istack-commons/3.0.8/istack-commons-3.0.8.pom to /home/runner/.gradle/.tmp/gradle_download16037032733179693759bin
[        ] Resource missing. [HTTP GET: https://dl.google.com/dl/android/maven2/com/sun/xml/fastinfoset/FastInfoset/1.2.16/FastInfoset-1.2.16.pom]
[        ] Resource missing. [HTTP GET: https://dl.google.com/dl/android/maven2/com/sun/xml/bind/mvn/jaxb-txw-parent/2.3.2/jaxb-txw-parent-2.3.2.pom]
[        ] Downloading https://repo.maven.apache.org/maven2/jakarta/xml/bind/jakarta.xml.bind-api-parent/2.3.2/jakarta.xml.bind-api-parent-2.3.2.pom to /home/runner/.gradle/.tmp/gradle_download9740727065059433697bin
[        ] Downloading https://repo.maven.apache.org/maven2/com/sun/xml/fastinfoset/FastInfoset/1.2.16/FastInfoset-1.2.16.pom to /home/runner/.gradle/.tmp/gradle_download17061597209852313961bin
[        ] Downloading https://repo.maven.apache.org/maven2/com/sun/xml/bind/mvn/jaxb-txw-parent/2.3.2/jaxb-txw-parent-2.3.2.pom to /home/runner/.gradle/.tmp/gradle_download8634837080271177796bin
[  +98 ms] Resource missing. [HTTP GET: https://dl.google.com/dl/android/maven2/jakarta/activation/jakarta.activation-api/1.2.1/jakarta.activation-api-1.2.1.pom]
[        ] Resource missing. [HTTP GET: https://dl.google.com/dl/android/maven2/com/sun/xml/fastinfoset/fastinfoset-project/1.2.16/fastinfoset-project-1.2.16.pom]
[        ] Downloading https://repo.maven.apache.org/maven2/jakarta/activation/jakarta.activation-api/1.2.1/jakarta.activation-api-1.2.1.pom to /home/runner/.gradle/.tmp/gradle_download1540272663764407717bin
[        ] Downloading https://repo.maven.apache.org/maven2/com/sun/xml/fastinfoset/fastinfoset-project/1.2.16/fastinfoset-project-1.2.16.pom to /home/runner/.gradle/.tmp/gradle_download308603156354502526bin
[        ] Resource missing. [HTTP GET: https://dl.google.com/dl/android/maven2/com/sun/activation/all/1.2.1/all-1.2.1.pom]
[        ] Downloading https://repo.maven.apache.org/maven2/com/sun/activation/all/1.2.1/all-1.2.1.pom to /home/runner/.gradle/.tmp/gradle_download15365300681084938578bin
[        ] Resource missing. [HTTP GET: https://dl.google.com/dl/android/maven2/org/eclipse/ee4j/project/1.0.2/project-1.0.2.pom]
[        ] Downloading https://repo.maven.apache.org/maven2/org/eclipse/ee4j/project/1.0.2/project-1.0.2.pom to /home/runner/.gradle/.tmp/gradle_download16765502439999984225bin
[  +99 ms] Resource missing. [HTTP GET: https://dl.google.com/dl/android/maven2/com/google/dagger/dagger/2.28.3/dagger-2.28.3.pom]
[        ] Resource missing. [HTTP GET: https://dl.google.com/dl/android/maven2/com/google/errorprone/error_prone_annotations/2.3.1/error_prone_annotations-2.3.1.pom]
[        ] Resource missing. [HTTP GET: https://dl.google.com/dl/android/maven2/com/google/auto/value/auto-value-annotations/1.6.2/auto-value-annotations-1.6.2.pom]
[        ] Resource missing. [HTTP GET: https://dl.google.com/dl/android/maven2/org/bitbucket/b_c/jose4j/0.7.0/jose4j-0.7.0.pom]
[        ] Downloading https://repo.maven.apache.org/maven2/com/google/dagger/dagger/2.28.3/dagger-2.28.3.pom to /home/runner/.gradle/.tmp/gradle_download8953948229663116140bin
[        ] Downloading https://repo.maven.apache.org/maven2/com/google/errorprone/error_prone_annotations/2.3.1/error_prone_annotations-2.3.1.pom to /home/runner/.gradle/.tmp/gradle_download4745077554701230415bin
[        ] Downloading https://repo.maven.apache.org/maven2/org/bitbucket/b_c/jose4j/0.7.0/jose4j-0.7.0.pom to /home/runner/.gradle/.tmp/gradle_download381310206447520482bin
[        ] Downloading https://repo.maven.apache.org/maven2/com/google/auto/value/auto-value-annotations/1.6.2/auto-value-annotations-1.6.2.pom to /home/runner/.gradle/.tmp/gradle_download5071211738875852255bin
[        ] Resource missing. [HTTP GET: https://dl.google.com/dl/android/maven2/com/google/errorprone/error_prone_parent/2.3.1/error_prone_parent-2.3.1.pom]
[        ] Resource missing. [HTTP GET: https://dl.google.com/dl/android/maven2/org/slf4j/slf4j-api/1.7.30/slf4j-api-1.7.30.pom]
[        ] Resource missing. [HTTP GET: https://dl.google.com/dl/android/maven2/com/google/auto/value/auto-value-parent/1.6.2/auto-value-parent-1.6.2.pom]
[        ] Downloading https://repo.maven.apache.org/maven2/org/slf4j/slf4j-api/1.7.30/slf4j-api-1.7.30.pom to /home/runner/.gradle/.tmp/gradle_download7940581710576778261bin
[        ] Downloading https://repo.maven.apache.org/maven2/com/google/auto/value/auto-value-parent/1.6.2/auto-value-parent-1.6.2.pom to /home/runner/.gradle/.tmp/gradle_download3602184791726730444bin
[        ] Downloading https://repo.maven.apache.org/maven2/com/google/errorprone/error_prone_parent/2.3.1/error_prone_parent-2.3.1.pom to /home/runner/.gradle/.tmp/gradle_download15068703567852106906bin
[  +97 ms] Resource missing. [HTTP GET: https://dl.google.com/dl/android/maven2/org/slf4j/slf4j-parent/1.7.30/slf4j-parent-1.7.30.pom]
[        ] Resource missing. [HTTP GET: https://dl.google.com/dl/android/maven2/com/google/auto/auto-parent/6/auto-parent-6.pom]
[        ] Downloading https://repo.maven.apache.org/maven2/org/slf4j/slf4j-parent/1.7.30/slf4j-parent-1.7.30.pom to /home/runner/.gradle/.tmp/gradle_download3399450475299902456bin
[        ] Downloading https://repo.maven.apache.org/maven2/com/google/auto/auto-parent/6/auto-parent-6.pom to /home/runner/.gradle/.tmp/gradle_download18261414396719511547bin
[        ] Resource missing. [HTTP GET: https://dl.google.com/dl/android/maven2/org/jdom/jdom2/2.0.6/jdom2-2.0.6.pom]
[  +99 ms] Downloading https://repo.maven.apache.org/maven2/org/jdom/jdom2/2.0.6/jdom2-2.0.6.pom to /home/runner/.gradle/.tmp/gradle_download14802272672127963014bin
[        ] Resource missing. [HTTP GET: https://dl.google.com/dl/android/maven2/com/google/errorprone/error_prone_annotations/2.11.0/error_prone_annotations-2.11.0.pom]
[        ] Downloading https://repo.maven.apache.org/maven2/com/google/errorprone/error_prone_annotations/2.11.0/error_prone_annotations-2.11.0.pom to /home/runner/.gradle/.tmp/gradle_download3918389414946263321bin
[        ] Resource missing. [HTTP GET: https://dl.google.com/dl/android/maven2/com/google/errorprone/error_prone_parent/2.11.0/error_prone_parent-2.11.0.pom]
[        ] Downloading https://repo.maven.apache.org/maven2/com/google/errorprone/error_prone_parent/2.11.0/error_prone_parent-2.11.0.pom to /home/runner/.gradle/.tmp/gradle_download14364087659228873806bin
[  +99 ms] Resource missing. [HTTP GET: https://dl.google.com/dl/android/maven2/com/google/code/findbugs/jsr305/3.0.2/jsr305-3.0.2.pom]
[        ] Resource missing. [HTTP GET: https://dl.google.com/dl/android/maven2/com/google/j2objc/j2objc-annotations/1.3/j2objc-annotations-1.3.pom]
[        ] Downloading https://repo.maven.apache.org/maven2/com/google/code/findbugs/jsr305/3.0.2/jsr305-3.0.2.pom to /home/runner/.gradle/.tmp/gradle_download8862902370646354919bin
[        ] Downloading https://repo.maven.apache.org/maven2/com/google/j2objc/j2objc-annotations/1.3/j2objc-annotations-1.3.pom to /home/runner/.gradle/.tmp/gradle_download4439593202028624039bin
[        ] Resource missing. [HTTP GET: https://dl.google.com/dl/android/maven2/com/google/errorprone/error_prone_annotations/2.18.0/error_prone_annotations-2.18.0.pom]
[  +99 ms] Downloading https://repo.maven.apache.org/maven2/com/google/errorprone/error_prone_annotations/2.18.0/error_prone_annotations-2.18.0.pom to /home/runner/.gradle/.tmp/gradle_download6836603485290598428bin
[        ] Resource missing. [HTTP GET: https://dl.google.com/dl/android/maven2/com/google/errorprone/error_prone_parent/2.18.0/error_prone_parent-2.18.0.pom]
[        ] Downloading https://repo.maven.apache.org/maven2/com/google/errorprone/error_prone_parent/2.18.0/error_prone_parent-2.18.0.pom to /home/runner/.gradle/.tmp/gradle_download4531833481634354326bin
[        ] Resource missing. [HTTP GET: https://dl.google.com/dl/android/maven2/com/google/android/annotations/4.1.1.4/annotations-4.1.1.4.pom]
[        ] Resource missing. [HTTP GET: https://dl.google.com/dl/android/maven2/org/codehaus/mojo/animal-sniffer-annotations/1.23/animal-sniffer-annotations-1.23.pom]
[        ] Resource missing. [HTTP GET: https://dl.google.com/dl/android/maven2/io/grpc/grpc-api/1.57.0/grpc-api-1.57.0.pom]
[        ] Resource missing. [HTTP GET: https://dl.google.com/dl/android/maven2/io/perfmark/perfmark-api/0.26.0/perfmark-api-0.26.0.pom]
[        ] Downloading https://repo.maven.apache.org/maven2/io/grpc/grpc-api/1.57.0/grpc-api-1.57.0.pom to /home/runner/.gradle/.tmp/gradle_download2236844733433353182bin
[        ] Downloading https://repo.maven.apache.org/maven2/io/perfmark/perfmark-api/0.26.0/perfmark-api-0.26.0.pom to /home/runner/.gradle/.tmp/gradle_download10409425193650041283bin
[  +99 ms] Downloading https://repo.maven.apache.org/maven2/org/codehaus/mojo/animal-sniffer-annotations/1.23/animal-sniffer-annotations-1.23.pom to /home/runner/.gradle/.tmp/gradle_download18155230207055538370bin
[        ] Downloading https://repo.maven.apache.org/maven2/com/google/android/annotations/4.1.1.4/annotations-4.1.1.4.pom to /home/runner/.gradle/.tmp/gradle_download13847775334427947207bin
[        ] Downloading https://repo.maven.apache.org/maven2/io/perfmark/perfmark-api/0.26.0/perfmark-api-0.26.0.module to /home/runner/.gradle/.tmp/gradle_download7938707637145438803bin
[        ] Resource missing. [HTTP GET: https://dl.google.com/dl/android/maven2/io/grpc/grpc-context/1.57.0/grpc-context-1.57.0.pom]
[        ] Resource missing. [HTTP GET: https://dl.google.com/dl/android/maven2/org/codehaus/mojo/animal-sniffer-parent/1.23/animal-sniffer-parent-1.23.pom]
[        ] Downloading https://repo.maven.apache.org/maven2/io/grpc/grpc-context/1.57.0/grpc-context-1.57.0.pom to /home/runner/.gradle/.tmp/gradle_download9439893618143491782bin
[        ] Downloading https://repo.maven.apache.org/maven2/org/codehaus/mojo/animal-sniffer-parent/1.23/animal-sniffer-parent-1.23.pom to /home/runner/.gradle/.tmp/gradle_download230892240502563394bin
[        ] Resource missing. [HTTP GET: https://dl.google.com/dl/android/maven2/org/codehaus/mojo/mojo-parent/74/mojo-parent-74.pom]
[  +98 ms] Downloading https://repo.maven.apache.org/maven2/org/codehaus/mojo/mojo-parent/74/mojo-parent-74.pom to /home/runner/.gradle/.tmp/gradle_download17833923708558582395bin
[        ] Resource missing. [HTTP GET: https://dl.google.com/dl/android/maven2/org/junit/junit-bom/5.9.2/junit-bom-5.9.2.pom]
[        ] Downloading https://repo.maven.apache.org/maven2/org/junit/junit-bom/5.9.2/junit-bom-5.9.2.pom to /home/runner/.gradle/.tmp/gradle_download296104266263719190bin
[        ] Downloading https://repo.maven.apache.org/maven2/org/junit/junit-bom/5.9.2/junit-bom-5.9.2.module to /home/runner/.gradle/.tmp/gradle_download12051411225864075978bin
[  +99 ms] Resource missing. [HTTP GET: https://dl.google.com/dl/android/maven2/io/netty/netty-transport-native-unix-common/4.1.93.Final/netty-transport-native-unix-common-4.1.93.Final.pom]
[        ] Resource missing. [HTTP GET: https://dl.google.com/dl/android/maven2/io/netty/netty-handler-proxy/4.1.93.Final/netty-handler-proxy-4.1.93.Final.pom]
[        ] Resource missing. [HTTP GET: https://dl.google.com/dl/android/maven2/io/netty/netty-codec-http2/4.1.93.Final/netty-codec-http2-4.1.93.Final.pom]
[        ] Downloading https://repo.maven.apache.org/maven2/io/netty/netty-handler-proxy/4.1.93.Final/netty-handler-proxy-4.1.93.Final.pom to /home/runner/.gradle/.tmp/gradle_download4793999874458652138bin
[        ] Downloading https://repo.maven.apache.org/maven2/io/netty/netty-transport-native-unix-common/4.1.93.Final/netty-transport-native-unix-common-4.1.93.Final.pom to /home/runner/.gradle/.tmp/gradle_download9897009071548011248bin
[        ] Downloading https://repo.maven.apache.org/maven2/io/netty/netty-codec-http2/4.1.93.Final/netty-codec-http2-4.1.93.Final.pom to /home/runner/.gradle/.tmp/gradle_download16937898587844416220bin
[        ] Resource missing. [HTTP GET: https://dl.google.com/dl/android/maven2/io/netty/netty-parent/4.1.93.Final/netty-parent-4.1.93.Final.pom]
[        ] Downloading https://repo.maven.apache.org/maven2/io/netty/netty-parent/4.1.93.Final/netty-parent-4.1.93.Final.pom to /home/runner/.gradle/.tmp/gradle_download13104028303220760272bin
[  +99 ms] Resource missing. [HTTP GET: https://dl.google.com/dl/android/maven2/org/sonatype/oss/oss-parent/9/oss-parent-9.pom]
[        ] Downloading https://repo.maven.apache.org/maven2/org/sonatype/oss/oss-parent/9/oss-parent-9.pom to /home/runner/.gradle/.tmp/gradle_download13366347760561003746bin
[        ] Resource missing. [HTTP GET: https://dl.google.com/dl/android/maven2/com/google/api/grpc/proto-google-common-protos/2.17.0/proto-google-common-protos-2.17.0.pom]
[        ] Resource missing. [HTTP GET: https://dl.google.com/dl/android/maven2/io/grpc/grpc-protobuf-lite/1.57.0/grpc-protobuf-lite-1.57.0.pom]
[        ] Downloading https://repo.maven.apache.org/maven2/com/google/api/grpc/proto-google-common-protos/2.17.0/proto-google-common-protos-2.17.0.pom to /home/runner/.gradle/.tmp/gradle_download11893390254332306394bin
[        ] Downloading https://repo.maven.apache.org/maven2/io/grpc/grpc-protobuf-lite/1.57.0/grpc-protobuf-lite-1.57.0.pom to /home/runner/.gradle/.tmp/gradle_download15127319427357475359bin
[  +99 ms] Resource missing. [HTTP GET: https://dl.google.com/dl/android/maven2/org/checkerframework/checker-qual/2.5.8/checker-qual-2.5.8.pom]
[        ] Downloading https://repo.maven.apache.org/maven2/org/checkerframework/checker-qual/2.5.8/checker-qual-2.5.8.pom to /home/runner/.gradle/.tmp/gradle_download2402809965698630602bin
[        ] Resource missing. [HTTP GET: https://dl.google.com/dl/android/maven2/commons-codec/commons-codec/1.10/commons-codec-1.10.pom]
[        ] Downloading https://dl.google.com/dl/android/maven2/com/android/tools/analytics-library/tracker/31.3.2/tracker-31.3.2.pom to /home/runner/.gradle/.tmp/gradle_download11271007622984178774bin
[        ] Downloading https://repo.maven.apache.org/maven2/commons-codec/commons-codec/1.10/commons-codec-1.10.pom to /home/runner/.gradle/.tmp/gradle_download2502360030090367777bin
[  +99 ms] Downloading https://dl.google.com/dl/android/maven2/com/android/tools/build/manifest-merger/31.3.2/manifest-merger-31.3.2.pom to /home/runner/.gradle/.tmp/gradle_download2585118545752821556bin
[        ] Downloading https://dl.google.com/dl/android/maven2/com/android/signflinger/8.3.2/signflinger-8.3.2.pom to /home/runner/.gradle/.tmp/gradle_download9523903604022719043bin
[        ] Downloading https://dl.google.com/dl/android/maven2/com/android/zipflinger/8.3.2/zipflinger-8.3.2.pom to /home/runner/.gradle/.tmp/gradle_download6193642539226072891bin
[        ] Resource missing. [HTTP GET: https://dl.google.com/dl/android/maven2/org/apache/commons/commons-parent/35/commons-parent-35.pom]
[        ] Downloading https://repo.maven.apache.org/maven2/org/apache/commons/commons-parent/35/commons-parent-35.pom to /home/runner/.gradle/.tmp/gradle_download13207352389130952429bin
[        ] Resource missing. [HTTP GET: https://dl.google.com/dl/android/maven2/org/apache/apache/15/apache-15.pom]
[        ] Downloading https://dl.google.com/dl/android/maven2/com/android/tools/build/manifest-merger/31.3.2/manifest-merger-31.3.2.module to /home/runner/.gradle/.tmp/gradle_download4397073566993059658bin
[        ] Downloading https://dl.google.com/dl/android/maven2/com/android/tools/build/apkzlib/8.3.2/apkzlib-8.3.2.pom to /home/runner/.gradle/.tmp/gradle_download10808351205757583055bin
[        ] Downloading https://dl.google.com/dl/android/maven2/com/android/tools/build/apksig/8.3.2/apksig-8.3.2.pom to /home/runner/.gradle/.tmp/gradle_download10000344619043059747bin
[  +98 ms] Downloading https://repo.maven.apache.org/maven2/org/apache/apache/15/apache-15.pom to /home/runner/.gradle/.tmp/gradle_download1304464519289341465bin
[        ] Resource missing. [HTTP GET: https://dl.google.com/dl/android/maven2/org/jetbrains/kotlin/kotlin-project-model/1.9.22/kotlin-project-model-1.9.22.pom]
[  +99 ms] Downloading https://repo.maven.apache.org/maven2/org/jetbrains/kotlin/kotlin-project-model/1.9.22/kotlin-project-model-1.9.22.pom to /home/runner/.gradle/.tmp/gradle_download5199872958940530111bin
[        ] Resource missing. [HTTP GET: https://dl.google.com/dl/android/maven2/org/jetbrains/kotlin/kotlin-native-utils/1.9.22/kotlin-native-utils-1.9.22.pom]
[        ] Downloading https://repo.maven.apache.org/maven2/org/jetbrains/kotlin/kotlin-native-utils/1.9.22/kotlin-native-utils-1.9.22.pom to /home/runner/.gradle/.tmp/gradle_download9569932513072265340bin
[        ] Resource missing. [HTTP GET: https://dl.google.com/dl/android/maven2/org/jetbrains/kotlin/kotlin-tooling-core/1.9.22/kotlin-tooling-core-1.9.22.pom]
[        ] Resource missing. [HTTP GET: https://dl.google.com/dl/android/maven2/org/jetbrains/kotlin/kotlin-gradle-plugin-annotations/1.9.22/kotlin-gradle-plugin-annotations-1.9.22.pom]
[        ] Downloading https://repo.maven.apache.org/maven2/org/jetbrains/kotlin/kotlin-tooling-core/1.9.22/kotlin-tooling-core-1.9.22.pom to /home/runner/.gradle/.tmp/gradle_download6012688773312756643bin
[        ] Downloading https://repo.maven.apache.org/maven2/org/jetbrains/kotlin/kotlin-gradle-plugin-annotations/1.9.22/kotlin-gradle-plugin-annotations-1.9.22.pom to /home/runner/.gradle/.tmp/gradle_download10960400068783858636bin
[  +99 ms] Resource missing. [HTTP GET: https://dl.google.com/dl/android/maven2/org/jetbrains/kotlin/kotlin-util-io/1.9.22/kotlin-util-io-1.9.22.pom]
[        ] Downloading https://repo.maven.apache.org/maven2/org/jetbrains/kotlin/kotlin-util-io/1.9.22/kotlin-util-io-1.9.22.pom to /home/runner/.gradle/.tmp/gradle_download11822404487817221255bin
[        ] Resource missing. [HTTP GET: https://dl.google.com/dl/android/maven2/org/jetbrains/kotlin/kotlin-daemon-embeddable/1.9.22/kotlin-daemon-embeddable-1.9.22.pom]
[  +99 ms] Downloading https://repo.maven.apache.org/maven2/org/jetbrains/kotlin/kotlin-daemon-embeddable/1.9.22/kotlin-daemon-embeddable-1.9.22.pom to /home/runner/.gradle/.tmp/gradle_download15768137496330478528bin
[        ] Resource missing. [HTTP GET: https://dl.google.com/dl/android/maven2/org/jetbrains/kotlinx/kotlinx-coroutines-core-jvm/1.5.0/kotlinx-coroutines-core-jvm-1.5.0.pom]
[        ] Downloading https://repo.maven.apache.org/maven2/org/jetbrains/kotlinx/kotlinx-coroutines-core-jvm/1.5.0/kotlinx-coroutines-core-jvm-1.5.0.pom to /home/runner/.gradle/.tmp/gradle_download279023817083246622bin
[        ] Downloading https://repo.maven.apache.org/maven2/org/jetbrains/kotlinx/kotlinx-coroutines-core-jvm/1.5.0/kotlinx-coroutines-core-jvm-1.5.0.module to /home/runner/.gradle/.tmp/gradle_download5078644767207711828bin
[        ] Resource missing. [HTTP GET: https://dl.google.com/dl/android/maven2/org/jetbrains/kotlin/kotlin-daemon-client/1.9.22/kotlin-daemon-client-1.9.22.pom]
[  +99 ms] Downloading https://repo.maven.apache.org/maven2/org/jetbrains/kotlin/kotlin-daemon-client/1.9.22/kotlin-daemon-client-1.9.22.pom to /home/runner/.gradle/.tmp/gradle_download203332819074742994bin
[        ] Resource missing. [HTTP GET: https://dl.google.com/dl/android/maven2/org/jetbrains/kotlin/kotlin-scripting-jvm/1.9.22/kotlin-scripting-jvm-1.9.22.pom]
[        ] Downloading https://repo.maven.apache.org/maven2/org/jetbrains/kotlin/kotlin-scripting-jvm/1.9.22/kotlin-scripting-jvm-1.9.22.pom to /home/runner/.gradle/.tmp/gradle_download2459308363191835312bin
[        ] Resource missing. [HTTP GET: https://dl.google.com/dl/android/maven2/org/jetbrains/kotlin/kotlin-scripting-common/1.9.22/kotlin-scripting-common-1.9.22.pom]
[        ] Downloading https://repo.maven.apache.org/maven2/org/jetbrains/kotlin/kotlin-scripting-common/1.9.22/kotlin-scripting-common-1.9.22.pom to /home/runner/.gradle/.tmp/gradle_download2247599308420368533bin
[  +99 ms] Resource missing. [HTTP GET: https://dl.google.com/dl/android/maven2/org/checkerframework/checker-qual/3.33.0/checker-qual-3.33.0.pom]
[        ] Downloading https://repo.maven.apache.org/maven2/org/checkerframework/checker-qual/3.33.0/checker-qual-3.33.0.pom to /home/runner/.gradle/.tmp/gradle_download10174078008146153626bin
[        ] Downloading https://repo.maven.apache.org/maven2/org/checkerframework/checker-qual/3.33.0/checker-qual-3.33.0.module to /home/runner/.gradle/.tmp/gradle_download2406445681027019504bin
[        ] Resource missing. [HTTP GET: https://dl.google.com/dl/android/maven2/com/google/j2objc/j2objc-annotations/2.8/j2objc-annotations-2.8.pom]
[        ] Downloading https://repo.maven.apache.org/maven2/com/google/j2objc/j2objc-annotations/2.8/j2objc-annotations-2.8.pom to /home/runner/.gradle/.tmp/gradle_download3838663714485815852bin
[  +99 ms] Resource missing. [HTTP GET: https://dl.google.com/dl/android/maven2/com/google/guava/failureaccess/1.0.1/failureaccess-1.0.1.pom]
[        ] Resource missing. [HTTP GET: https://dl.google.com/dl/android/maven2/com/google/guava/listenablefuture/9999.0-empty-to-avoid-conflict-with-guava/listenablefuture-9999.0-empty-to-avoid-conflict-with-guava.pom]
[        ] Downloading https://repo.maven.apache.org/maven2/com/google/guava/failureaccess/1.0.1/failureaccess-1.0.1.pom to /home/runner/.gradle/.tmp/gradle_download6138319556195221539bin
[        ] Downloading https://repo.maven.apache.org/maven2/com/google/guava/listenablefuture/9999.0-empty-to-avoid-conflict-with-guava/listenablefuture-9999.0-empty-to-avoid-conflict-with-guava.pom to /home/runner/.gradle/.tmp/gradle_download1305898554655910266bin
[        ] Resource missing. [HTTP GET: https://dl.google.com/dl/android/maven2/com/google/guava/guava-parent/26.0-android/guava-parent-26.0-android.pom]
[        ] Downloading https://repo.maven.apache.org/maven2/com/google/guava/guava-parent/26.0-android/guava-parent-26.0-android.pom to /home/runner/.gradle/.tmp/gradle_download10896130230283699377bin
[  +99 ms] Resource missing. [HTTP GET: https://dl.google.com/dl/android/maven2/commons-codec/commons-codec/1.11/commons-codec-1.11.pom]
[        ] Downloading https://repo.maven.apache.org/maven2/commons-codec/commons-codec/1.11/commons-codec-1.11.pom to /home/runner/.gradle/.tmp/gradle_download11703111701697886240bin
[        ] Resource missing. [HTTP GET: https://dl.google.com/dl/android/maven2/org/apache/commons/commons-parent/42/commons-parent-42.pom]
[        ] Downloading https://repo.maven.apache.org/maven2/org/apache/commons/commons-parent/42/commons-parent-42.pom to /home/runner/.gradle/.tmp/gradle_download15579071773279237278bin
[ +100 ms] Resource missing. [HTTP GET: https://dl.google.com/dl/android/maven2/commons-logging/commons-logging/1.2/commons-logging-1.2.pom]
[        ] Downloading https://repo.maven.apache.org/maven2/commons-logging/commons-logging/1.2/commons-logging-1.2.pom to /home/runner/.gradle/.tmp/gradle_download1439464244551940941bin
[        ] Resource missing. [HTTP GET: https://dl.google.com/dl/android/maven2/org/apache/commons/commons-parent/34/commons-parent-34.pom]
[        ] Downloading https://repo.maven.apache.org/maven2/org/apache/commons/commons-parent/34/commons-parent-34.pom to /home/runner/.gradle/.tmp/gradle_download16804930825406375804bin
[  +98 ms] Resource missing. [HTTP GET: https://dl.google.com/dl/android/maven2/org/apache/apache/13/apache-13.pom]
[        ] Downloading https://repo.maven.apache.org/maven2/org/apache/apache/13/apache-13.pom to /home/runner/.gradle/.tmp/gradle_download9757062212966255669bin
[        ] Resource missing. [HTTP GET: https://dl.google.com/dl/android/maven2/net/java/dev/jna/jna/5.6.0/jna-5.6.0.pom]
[ +100 ms] Downloading https://repo.maven.apache.org/maven2/net/java/dev/jna/jna/5.6.0/jna-5.6.0.pom to /home/runner/.gradle/.tmp/gradle_download179794236338678922bin
[        ] Resource missing. [HTTP GET: https://dl.google.com/dl/android/maven2/io/netty/netty-common/4.1.93.Final/netty-common-4.1.93.Final.pom]
[        ] Resource missing. [HTTP GET: https://dl.google.com/dl/android/maven2/io/netty/netty-transport/4.1.93.Final/netty-transport-4.1.93.Final.pom]
[        ] Resource missing. [HTTP GET: https://dl.google.com/dl/android/maven2/io/netty/netty-codec/4.1.93.Final/netty-codec-4.1.93.Final.pom]
[        ] Resource missing. [HTTP GET: https://dl.google.com/dl/android/maven2/io/netty/netty-buffer/4.1.93.Final/netty-buffer-4.1.93.Final.pom]
[        ] Downloading https://repo.maven.apache.org/maven2/io/netty/netty-codec/4.1.93.Final/netty-codec-4.1.93.Final.pom to /home/runner/.gradle/.tmp/gradle_download16282285176072160425bin
[        ] Downloading https://repo.maven.apache.org/maven2/io/netty/netty-buffer/4.1.93.Final/netty-buffer-4.1.93.Final.pom to /home/runner/.gradle/.tmp/gradle_download15050144493132601957bin
[        ] Downloading https://repo.maven.apache.org/maven2/io/netty/netty-transport/4.1.93.Final/netty-transport-4.1.93.Final.pom to /home/runner/.gradle/.tmp/gradle_download3637275086412835298bin
[        ] Downloading https://repo.maven.apache.org/maven2/io/netty/netty-common/4.1.93.Final/netty-common-4.1.93.Final.pom to /home/runner/.gradle/.tmp/gradle_download18060688441004750071bin
[        ] Resource missing. [HTTP GET: https://dl.google.com/dl/android/maven2/io/netty/netty-handler/4.1.93.Final/netty-handler-4.1.93.Final.pom]
[        ] Resource missing. [HTTP GET: https://dl.google.com/dl/android/maven2/io/netty/netty-codec-http/4.1.93.Final/netty-codec-http-4.1.93.Final.pom]
[        ] Downloading https://repo.maven.apache.org/maven2/io/netty/netty-codec-http/4.1.93.Final/netty-codec-http-4.1.93.Final.pom to /home/runner/.gradle/.tmp/gradle_download5860401856983092190bin
[        ] Downloading https://repo.maven.apache.org/maven2/io/netty/netty-handler/4.1.93.Final/netty-handler-4.1.93.Final.pom to /home/runner/.gradle/.tmp/gradle_download16136366828766651317bin
[  +98 ms] Resource missing. [HTTP GET: https://dl.google.com/dl/android/maven2/io/netty/netty-codec-socks/4.1.93.Final/netty-codec-socks-4.1.93.Final.pom]
[        ] Downloading https://repo.maven.apache.org/maven2/io/netty/netty-codec-socks/4.1.93.Final/netty-codec-socks-4.1.93.Final.pom to /home/runner/.gradle/.tmp/gradle_download9844090378974938975bin
[        ] Resource missing. [HTTP GET: https://dl.google.com/dl/android/maven2/io/netty/netty-resolver/4.1.93.Final/netty-resolver-4.1.93.Final.pom]
[ +100 ms] Downloading https://repo.maven.apache.org/maven2/io/netty/netty-resolver/4.1.93.Final/netty-resolver-4.1.93.Final.pom to /home/runner/.gradle/.tmp/gradle_download12904331729316628915bin
[        ] Downloading https://repo.maven.apache.org/maven2/org/jetbrains/kotlin/kotlin-gradle-plugin-model/1.9.22/kotlin-gradle-plugin-model-1.9.22.jar to /home/runner/.gradle/.tmp/gradle_download17417808444800006540bin
[        ] Downloading https://repo.maven.apache.org/maven2/org/jetbrains/kotlin/kotlin-gradle-plugin-api/1.9.22/kotlin-gradle-plugin-api-1.9.22.jar to /home/runner/.gradle/.tmp/gradle_download18171392806645644065bin
[        ] Downloading https://repo.maven.apache.org/maven2/org/jetbrains/kotlin/kotlin-gradle-plugin/1.9.22/kotlin-gradle-plugin-1.9.22-gradle82.jar to /home/runner/.gradle/.tmp/gradle_download7922380371137817536bin
[        ] Downloading https://dl.google.com/dl/android/maven2/com/android/tools/build/gradle-settings-api/8.3.2/gradle-settings-api-8.3.2.jar to /home/runner/.gradle/.tmp/gradle_download15552032239702853516bin
[ +108 ms] Downloading https://dl.google.com/dl/android/maven2/com/android/tools/build/gradle/8.3.2/gradle-8.3.2.jar to /home/runner/.gradle/.tmp/gradle_download6271540269979526836bin
[        ] Downloading https://dl.google.com/dl/android/maven2/com/android/tools/lint/lint-model/31.3.2/lint-model-31.3.2.jar to /home/runner/.gradle/.tmp/gradle_download8290496516298367367bin
[        ] Downloading https://dl.google.com/dl/android/maven2/com/android/tools/build/builder/8.3.2/builder-8.3.2.jar to /home/runner/.gradle/.tmp/gradle_download9697630783332994556bin
[        ] Downloading https://dl.google.com/dl/android/maven2/com/android/tools/sdk-common/31.3.2/sdk-common-31.3.2.jar to /home/runner/.gradle/.tmp/gradle_download9985206327588573300bin
[  +93 ms] Downloading https://dl.google.com/dl/android/maven2/com/android/tools/build/manifest-merger/31.3.2/manifest-merger-31.3.2.jar to /home/runner/.gradle/.tmp/gradle_download13850415001349390520bin
[  +96 ms] Downloading https://dl.google.com/dl/android/maven2/com/android/tools/sdklib/31.3.2/sdklib-31.3.2.jar to /home/runner/.gradle/.tmp/gradle_download5976958666041528811bin
[        ] Downloading https://dl.google.com/dl/android/maven2/com/android/tools/repository/31.3.2/repository-31.3.2.jar to /home/runner/.gradle/.tmp/gradle_download8163495548806340112bin
[  +99 ms] Downloading https://dl.google.com/dl/android/maven2/com/android/tools/build/gradle-api/8.3.2/gradle-api-8.3.2.jar to /home/runner/.gradle/.tmp/gradle_download1109767546586651814bin
[   +1 ms] Downloading https://dl.google.com/dl/android/maven2/com/android/tools/build/builder-test-api/8.3.2/builder-test-api-8.3.2.jar to /home/runner/.gradle/.tmp/gradle_download4539823616273460665bin
[        ] Downloading https://dl.google.com/dl/android/maven2/com/android/tools/build/bundletool/1.15.6/bundletool-1.15.6.jar to /home/runner/.gradle/.tmp/gradle_download1832933390216565039bin
[        ] Downloading https://dl.google.com/dl/android/maven2/com/android/tools/ddms/ddmlib/31.3.2/ddmlib-31.3.2.jar to /home/runner/.gradle/.tmp/gradle_download13790257552926100210bin
[ +101 ms] Downloading https://dl.google.com/dl/android/maven2/com/android/tools/build/aapt2-proto/8.3.2-10880808/aapt2-proto-8.3.2-10880808.jar to /home/runner/.gradle/.tmp/gradle_download16083837030397976604bin
[        ] Downloading https://dl.google.com/dl/android/maven2/com/android/tools/build/aaptcompiler/8.3.2/aaptcompiler-8.3.2.jar to /home/runner/.gradle/.tmp/gradle_download17698980220445059508bin
[        ] Downloading https://dl.google.com/dl/android/maven2/com/android/tools/analytics-library/tracker/31.3.2/tracker-31.3.2.jar to /home/runner/.gradle/.tmp/gradle_download176664523189297407bin
[  +95 ms] Downloading https://dl.google.com/dl/android/maven2/com/android/tools/analytics-library/crash/31.3.2/crash-31.3.2.jar to /home/runner/.gradle/.tmp/gradle_download10102403142661547907bin
[        ] Downloading https://dl.google.com/dl/android/maven2/com/android/tools/lint/lint-typedef-remover/31.3.2/lint-typedef-remover-31.3.2.jar to /home/runner/.gradle/.tmp/gradle_download13201795329166021270bin
[        ] Downloading https://dl.google.com/dl/android/maven2/com/android/tools/analytics-library/shared/31.3.2/shared-31.3.2.jar to /home/runner/.gradle/.tmp/gradle_download14134650393291219726bin
[        ] Downloading https://dl.google.com/dl/android/maven2/androidx/databinding/databinding-common/8.3.2/databinding-common-8.3.2.jar to /home/runner/.gradle/.tmp/gradle_download11204134335322558499bin
[        ] Downloading https://dl.google.com/dl/android/maven2/com/android/databinding/baseLibrary/8.3.2/baseLibrary-8.3.2.jar to /home/runner/.gradle/.tmp/gradle_download3662594477551061264bin
[        ] Downloading https://dl.google.com/dl/android/maven2/androidx/databinding/databinding-compiler-common/8.3.2/databinding-compiler-common-8.3.2.jar to /home/runner/.gradle/.tmp/gradle_download15520308097044927143bin
[        ] Downloading https://dl.google.com/dl/android/maven2/com/android/tools/layoutlib/layoutlib-api/31.3.2/layoutlib-api-31.3.2.jar to /home/runner/.gradle/.tmp/gradle_download7883243564872281363bin
[        ] Downloading https://dl.google.com/dl/android/maven2/com/android/tools/utp/android-device-provider-ddmlib-proto/31.3.2/android-device-provider-ddmlib-proto-31.3.2.jar to /home/runner/.gradle/.tmp/gradle_download6949025311154195818bin
[        ] Downloading https://dl.google.com/dl/android/maven2/com/android/tools/utp/android-test-plugin-host-additional-test-output-proto/31.3.2/android-test-plugin-host-additional-test-output-proto-31.3.2.jar to /home/runner/.gradle/.tmp/gradle_download3338521339763464651bin
[        ] Downloading https://dl.google.com/dl/android/maven2/com/android/tools/utp/android-test-plugin-host-coverage-proto/31.3.2/android-test-plugin-host-coverage-proto-31.3.2.jar to /home/runner/.gradle/.tmp/gradle_download8362383542529257077bin
[  +98 ms] Downloading https://dl.google.com/dl/android/maven2/com/android/tools/utp/android-device-provider-gradle-proto/31.3.2/android-device-provider-gradle-proto-31.3.2.jar to /home/runner/.gradle/.tmp/gradle_download4180123078201573850bin
[        ] Downloading https://dl.google.com/dl/android/maven2/com/android/tools/utp/android-test-plugin-host-emulator-control-proto/31.3.2/android-test-plugin-host-emulator-control-proto-31.3.2.jar to /home/runner/.gradle/.tmp/gradle_download4432309849609163200bin
[        ] Downloading https://dl.google.com/dl/android/maven2/com/android/tools/utp/android-test-plugin-host-retention-proto/31.3.2/android-test-plugin-host-retention-proto-31.3.2.jar to /home/runner/.gradle/.tmp/gradle_download7540169919242438259bin
[        ] Downloading https://dl.google.com/dl/android/maven2/com/android/tools/utp/android-test-plugin-host-logcat-proto/31.3.2/android-test-plugin-host-logcat-proto-31.3.2.jar to /home/runner/.gradle/.tmp/gradle_download8364563576455991135bin
[        ] Downloading https://dl.google.com/dl/android/maven2/com/android/tools/utp/android-test-plugin-host-apk-installer-proto/31.3.2/android-test-plugin-host-apk-installer-proto-31.3.2.jar to /home/runner/.gradle/.tmp/gradle_download4780207168031288073bin
[        ] Downloading https://dl.google.com/dl/android/maven2/com/android/tools/utp/android-test-plugin-result-listener-gradle-proto/31.3.2/android-test-plugin-result-listener-gradle-proto-31.3.2.jar to /home/runner/.gradle/.tmp/gradle_download16571229391377238173bin
[  +99 ms] Downloading https://dl.google.com/dl/android/maven2/com/android/tools/build/jetifier/jetifier-processor/1.0.0-beta10/jetifier-processor-1.0.0-beta10.jar to /home/runner/.gradle/.tmp/gradle_download5953486988991994353bin
[        ] Downloading https://dl.google.com/dl/android/maven2/com/android/tools/build/builder-model/8.3.2/builder-model-8.3.2.jar to /home/runner/.gradle/.tmp/gradle_download9453059960045478137bin
[        ] Downloading https://dl.google.com/dl/android/maven2/com/android/tools/common/31.3.2/common-31.3.2.jar to /home/runner/.gradle/.tmp/gradle_download4386345587906183530bin
[        ] Downloading https://dl.google.com/dl/android/maven2/com/android/tools/dvlib/31.3.2/dvlib-31.3.2.jar to /home/runner/.gradle/.tmp/gradle_download13363407334798589596bin
[        ] Downloading https://dl.google.com/dl/android/maven2/com/android/tools/build/jetifier/jetifier-core/1.0.0-beta10/jetifier-core-1.0.0-beta10.jar to /home/runner/.gradle/.tmp/gradle_download18220588256956938714bin
[        ] Downloading https://repo.maven.apache.org/maven2/org/jetbrains/kotlin/kotlin-stdlib-jdk7/1.9.20/kotlin-stdlib-jdk7-1.9.20.jar to /home/runner/.gradle/.tmp/gradle_download841957405959104057bin
[        ] Downloading https://repo.maven.apache.org/maven2/org/jetbrains/kotlin/kotlin-stdlib-jdk8/1.9.20/kotlin-stdlib-jdk8-1.9.20.jar to /home/runner/.gradle/.tmp/gradle_download11702053547562586048bin
[        ] Downloading https://repo.maven.apache.org/maven2/org/jetbrains/kotlin/kotlin-reflect/1.9.20/kotlin-reflect-1.9.20.jar to /home/runner/.gradle/.tmp/gradle_download11999235061227377687bin
[        ] Downloading https://repo.maven.apache.org/maven2/org/jetbrains/kotlin/kotlin-stdlib/1.9.20/kotlin-stdlib-1.9.20.jar to /home/runner/.gradle/.tmp/gradle_download15237082527959566029bin
[        ] Downloading https://repo.maven.apache.org/maven2/org/apache/httpcomponents/httpmime/4.5.6/httpmime-4.5.6.jar to /home/runner/.gradle/.tmp/gradle_download8313629783423315988bin
[        ] Downloading https://dl.google.com/dl/android/maven2/com/android/tools/build/transform-api/2.0.0-deprecated-use-gradle-api/transform-api-2.0.0-deprecated-use-gradle-api.jar to /home/runner/.gradle/.tmp/gradle_download2836035360292509269bin
[        ] Downloading https://repo.maven.apache.org/maven2/commons-io/commons-io/2.13.0/commons-io-2.13.0.jar to /home/runner/.gradle/.tmp/gradle_download7360175819676318674bin
[        ] Downloading https://repo.maven.apache.org/maven2/org/ow2/asm/asm-commons/9.6/asm-commons-9.6.jar to /home/runner/.gradle/.tmp/gradle_download12830752915014987600bin
[        ] Downloading https://repo.maven.apache.org/maven2/org/ow2/asm/asm-analysis/9.6/asm-analysis-9.6.jar to /home/runner/.gradle/.tmp/gradle_download17833536121576394489bin
[        ] Downloading https://repo.maven.apache.org/maven2/org/ow2/asm/asm-tree/9.6/asm-tree-9.6.jar to /home/runner/.gradle/.tmp/gradle_download13782380118605450683bin
[        ] Downloading https://repo.maven.apache.org/maven2/org/ow2/asm/asm-util/9.6/asm-util-9.6.jar to /home/runner/.gradle/.tmp/gradle_download5014911691382774026bin
[        ] Downloading https://repo.maven.apache.org/maven2/org/ow2/asm/asm/9.6/asm-9.6.jar to /home/runner/.gradle/.tmp/gradle_download441558128951073693bin
[        ] Downloading https://repo.maven.apache.org/maven2/org/bouncycastle/bcpkix-jdk15on/1.67/bcpkix-jdk15on-1.67.jar to /home/runner/.gradle/.tmp/gradle_download11668607351667872282bin
[  +99 ms] Downloading https://repo.maven.apache.org/maven2/net/sf/jopt-simple/jopt-simple/4.9/jopt-simple-4.9.jar to /home/runner/.gradle/.tmp/gradle_download14863302637125223995bin
[        ] Downloading https://repo.maven.apache.org/maven2/org/glassfish/jaxb/jaxb-runtime/2.3.2/jaxb-runtime-2.3.2.jar to /home/runner/.gradle/.tmp/gradle_download11148868321662299784bin
[        ] Downloading https://repo.maven.apache.org/maven2/com/squareup/javapoet/1.10.0/javapoet-1.10.0.jar to /home/runner/.gradle/.tmp/gradle_download10922316056412198510bin
[        ] Downloading https://repo.maven.apache.org/maven2/com/google/protobuf/protobuf-java-util/3.22.3/protobuf-java-util-3.22.3.jar to /home/runner/.gradle/.tmp/gradle_download2975604652191312351bin
[        ] Downloading https://repo.maven.apache.org/maven2/io/grpc/grpc-protobuf/1.57.0/grpc-protobuf-1.57.0.jar to /home/runner/.gradle/.tmp/gradle_download3121552258330460755bin
[        ] Downloading https://repo.maven.apache.org/maven2/com/google/crypto/tink/tink/1.7.0/tink-1.7.0.jar to /home/runner/.gradle/.tmp/gradle_download3292194714213206765bin
[        ] Downloading https://dl.google.com/dl/android/maven2/com/android/tools/build/apkzlib/8.3.2/apkzlib-8.3.2.jar to /home/runner/.gradle/.tmp/gradle_download15237616517918657319bin
[        ] Downloading https://repo.maven.apache.org/maven2/com/google/api/grpc/proto-google-common-protos/2.17.0/proto-google-common-protos-2.17.0.jar to /home/runner/.gradle/.tmp/gradle_download5607279105311147555bin
[        ] Downloading https://dl.google.com/dl/android/maven2/com/android/tools/analytics-library/protos/31.3.2/protos-31.3.2.jar to /home/runner/.gradle/.tmp/gradle_download5929198035863546632bin
[        ] Downloading https://repo.maven.apache.org/maven2/com/google/protobuf/protobuf-java/3.22.3/protobuf-java-3.22.3.jar to /home/runner/.gradle/.tmp/gradle_download10119082924576839107bin
[        ] Downloading https://repo.maven.apache.org/maven2/io/grpc/grpc-netty/1.57.0/grpc-netty-1.57.0.jar to /home/runner/.gradle/.tmp/gradle_download9111909829589315616bin
[        ] Downloading https://repo.maven.apache.org/maven2/io/grpc/grpc-core/1.57.0/grpc-core-1.57.0.jar to /home/runner/.gradle/.tmp/gradle_download14165991034256770681bin
[        ] Downloading https://repo.maven.apache.org/maven2/com/google/code/gson/gson/2.10.1/gson-2.10.1.jar to /home/runner/.gradle/.tmp/gradle_download14976006124984099995bin
[        ] Downloading https://repo.maven.apache.org/maven2/io/grpc/grpc-stub/1.57.0/grpc-stub-1.57.0.jar to /home/runner/.gradle/.tmp/gradle_download15669854204361113623bin
[  +99 ms] Downloading https://dl.google.com/dl/android/maven2/com/google/testing/platform/core-proto/0.0.9-alpha02/core-proto-0.0.9-alpha02.jar to /home/runner/.gradle/.tmp/gradle_download9280009247041573856bin
[        ] Downloading https://repo.maven.apache.org/maven2/net/sf/kxml/kxml2/2.3.0/kxml2-2.3.0.jar to /home/runner/.gradle/.tmp/gradle_download2587779462627781784bin
[        ] Downloading https://repo.maven.apache.org/maven2/com/google/flatbuffers/flatbuffers-java/1.12.0/flatbuffers-java-1.12.0.jar to /home/runner/.gradle/.tmp/gradle_download1755878181911555671bin
[        ] Downloading https://repo.maven.apache.org/maven2/org/tensorflow/tensorflow-lite-metadata/0.1.0-rc2/tensorflow-lite-metadata-0.1.0-rc2.jar to /home/runner/.gradle/.tmp/gradle_download14154553470655817575bin
[        ] Downloading https://repo.maven.apache.org/maven2/org/jetbrains/kotlin/kotlin-gradle-plugin-idea-proto/1.9.22/kotlin-gradle-plugin-idea-proto-1.9.22.jar to /home/runner/.gradle/.tmp/gradle_download2558719550438504211bin
[        ] Downloading https://repo.maven.apache.org/maven2/org/jetbrains/kotlin/kotlin-gradle-plugin-idea/1.9.22/kotlin-gradle-plugin-idea-1.9.22.jar to /home/runner/.gradle/.tmp/gradle_download9522722341996331703bin
[        ] Downloading https://repo.maven.apache.org/maven2/org/jetbrains/kotlin/kotlin-klib-commonizer-api/1.9.22/kotlin-klib-commonizer-api-1.9.22.jar to /home/runner/.gradle/.tmp/gradle_download5523491746194056890bin
[        ] Downloading https://repo.maven.apache.org/maven2/org/jetbrains/kotlin/kotlin-build-tools-api/1.9.22/kotlin-build-tools-api-1.9.22.jar to /home/runner/.gradle/.tmp/gradle_download7221424315290205626bin
[        ] Downloading https://repo.maven.apache.org/maven2/org/jetbrains/kotlin/kotlin-native-utils/1.9.22/kotlin-native-utils-1.9.22.jar to /home/runner/.gradle/.tmp/gradle_download1163538127204675886bin
[        ] Downloading https://repo.maven.apache.org/maven2/org/jetbrains/kotlin/kotlin-util-klib/1.9.22/kotlin-util-klib-1.9.22.jar to /home/runner/.gradle/.tmp/gradle_download6332922778792670387bin
[        ] Downloading https://repo.maven.apache.org/maven2/org/jetbrains/kotlin/kotlin-android-extensions/1.9.22/kotlin-android-extensions-1.9.22.jar to /home/runner/.gradle/.tmp/gradle_download3653328082862388661bin
[        ] Downloading https://repo.maven.apache.org/maven2/org/jetbrains/kotlin/kotlin-compiler-embeddable/1.9.22/kotlin-compiler-embeddable-1.9.22.jar to /home/runner/.gradle/.tmp/gradle_download8914212293854663327bin
[        ] Downloading https://repo.maven.apache.org/maven2/org/jetbrains/kotlin/kotlin-scripting-compiler-impl-embeddable/1.9.22/kotlin-scripting-compiler-impl-embeddable-1.9.22.jar to /home/runner/.gradle/.tmp/gradle_download1718882399813469865bin
[        ] Downloading https://repo.maven.apache.org/maven2/org/jetbrains/kotlin/kotlin-scripting-compiler-embeddable/1.9.22/kotlin-scripting-compiler-embeddable-1.9.22.jar to /home/runner/.gradle/.tmp/gradle_download17603422577448720902bin
[        ] Downloading https://repo.maven.apache.org/maven2/org/jetbrains/kotlin/kotlin-compiler-runner/1.9.22/kotlin-compiler-runner-1.9.22.jar to /home/runner/.gradle/.tmp/gradle_download15152796853191490946bin
[  +96 ms] Downloading https://repo.maven.apache.org/maven2/com/google/jimfs/jimfs/1.1/jimfs-1.1.jar to /home/runner/.gradle/.tmp/gradle_download7903784360331119957bin
[        ] Downloading https://repo.maven.apache.org/maven2/io/grpc/grpc-protobuf-lite/1.57.0/grpc-protobuf-lite-1.57.0.jar to /home/runner/.gradle/.tmp/gradle_download16630800988337760219bin
[        ] Downloading https://repo.maven.apache.org/maven2/io/grpc/grpc-context/1.57.0/grpc-context-1.57.0.jar to /home/runner/.gradle/.tmp/gradle_download1052800848029091790bin
[        ] Downloading https://repo.maven.apache.org/maven2/io/grpc/grpc-api/1.57.0/grpc-api-1.57.0.jar to /home/runner/.gradle/.tmp/gradle_download5125484696709299216bin
[        ] Downloading https://repo.maven.apache.org/maven2/com/google/guava/guava/32.0.1-jre/guava-32.0.1-jre.jar to /home/runner/.gradle/.tmp/gradle_download8813135369636634478bin
[        ] Downloading https://repo.maven.apache.org/maven2/javax/inject/javax.inject/1/javax.inject-1.jar to /home/runner/.gradle/.tmp/gradle_download14979835895766710211bin
[        ] Downloading https://repo.maven.apache.org/maven2/com/google/dagger/dagger/2.28.3/dagger-2.28.3.jar to /home/runner/.gradle/.tmp/gradle_download10155526737747235636bin
[        ] Downloading https://repo.maven.apache.org/maven2/org/bouncycastle/bcprov-jdk15on/1.67/bcprov-jdk15on-1.67.jar to /home/runner/.gradle/.tmp/gradle_download15751433976484281749bin
[        ] Downloading https://repo.maven.apache.org/maven2/org/apache/commons/commons-compress/1.21/commons-compress-1.21.jar to /home/runner/.gradle/.tmp/gradle_download15443629062539107916bin
[        ] Downloading https://repo.maven.apache.org/maven2/org/jetbrains/intellij/deps/trove4j/1.0.20200330/trove4j-1.0.20200330.jar to /home/runner/.gradle/.tmp/gradle_download7191442091290187292bin
[  +98 ms] Downloading https://repo.maven.apache.org/maven2/org/apache/httpcomponents/httpclient/4.5.14/httpclient-4.5.14.jar to /home/runner/.gradle/.tmp/gradle_download18260297126753694821bin
[        ] Downloading https://repo.maven.apache.org/maven2/org/apache/httpcomponents/httpcore/4.4.16/httpcore-4.4.16.jar to /home/runner/.gradle/.tmp/gradle_download7803240896261988244bin
[        ] Downloading https://repo.maven.apache.org/maven2/com/sun/activation/javax.activation/1.2.0/javax.activation-1.2.0.jar to /home/runner/.gradle/.tmp/gradle_download18002602679939841431bin
[        ] Downloading https://repo.maven.apache.org/maven2/org/jetbrains/annotations/23.0.0/annotations-23.0.0.jar to /home/runner/.gradle/.tmp/gradle_download16671186305748446184bin
[        ] Downloading https://dl.google.com/dl/android/maven2/com/android/zipflinger/8.3.2/zipflinger-8.3.2.jar to /home/runner/.gradle/.tmp/gradle_download6151489615191034000bin
[        ] Downloading https://dl.google.com/dl/android/maven2/com/android/tools/annotations/31.3.2/annotations-31.3.2.jar to /home/runner/.gradle/.tmp/gradle_download10014989501861324806bin
[        ] Downloading https://repo.maven.apache.org/maven2/com/googlecode/juniversalchardet/juniversalchardet/1.0.3/juniversalchardet-1.0.3.jar to /home/runner/.gradle/.tmp/gradle_download6890235561915119157bin
[        ] Downloading https://repo.maven.apache.org/maven2/net/java/dev/jna/jna-platform/5.6.0/jna-platform-5.6.0.jar to /home/runner/.gradle/.tmp/gradle_download13161259773547066957bin
[        ] Downloading https://dl.google.com/dl/android/maven2/com/android/signflinger/8.3.2/signflinger-8.3.2.jar to /home/runner/.gradle/.tmp/gradle_download8954394004805864197bin
[  +98 ms] Downloading https://repo.maven.apache.org/maven2/jakarta/xml/bind/jakarta.xml.bind-api/2.3.2/jakarta.xml.bind-api-2.3.2.jar to /home/runner/.gradle/.tmp/gradle_download3381173812802091689bin
[        ] Downloading https://repo.maven.apache.org/maven2/javax/annotation/javax.annotation-api/1.3.2/javax.annotation-api-1.3.2.jar to /home/runner/.gradle/.tmp/gradle_download3341150820311586917bin
[        ] Downloading https://repo.maven.apache.org/maven2/org/jvnet/staxex/stax-ex/1.8.1/stax-ex-1.8.1.jar to /home/runner/.gradle/.tmp/gradle_download4040173874976829567bin
[        ] Downloading https://repo.maven.apache.org/maven2/org/glassfish/jaxb/txw2/2.3.2/txw2-2.3.2.jar to /home/runner/.gradle/.tmp/gradle_download2341825807501410388bin
[        ] Downloading https://repo.maven.apache.org/maven2/com/sun/istack/istack-commons-runtime/3.0.8/istack-commons-runtime-3.0.8.jar to /home/runner/.gradle/.tmp/gradle_download17330371509615238291bin
[        ] Downloading https://repo.maven.apache.org/maven2/com/sun/xml/fastinfoset/FastInfoset/1.2.16/FastInfoset-1.2.16.jar to /home/runner/.gradle/.tmp/gradle_download10795663834059354267bin
[        ] Downloading https://repo.maven.apache.org/maven2/jakarta/activation/jakarta.activation-api/1.2.1/jakarta.activation-api-1.2.1.jar to /home/runner/.gradle/.tmp/gradle_download1690976491537159827bin
[        ] Downloading https://repo.maven.apache.org/maven2/com/google/auto/value/auto-value-annotations/1.6.2/auto-value-annotations-1.6.2.jar to /home/runner/.gradle/.tmp/gradle_download11815396721655733279bin
[        ] Downloading https://repo.maven.apache.org/maven2/com/google/errorprone/error_prone_annotations/2.18.0/error_prone_annotations-2.18.0.jar to /home/runner/.gradle/.tmp/gradle_download15699695157463189751bin
[        ] Downloading https://repo.maven.apache.org/maven2/org/slf4j/slf4j-api/1.7.30/slf4j-api-1.7.30.jar to /home/runner/.gradle/.tmp/gradle_download17777944812977682827bin
[        ] Downloading https://repo.maven.apache.org/maven2/org/bitbucket/b_c/jose4j/0.7.0/jose4j-0.7.0.jar to /home/runner/.gradle/.tmp/gradle_download1115234359362402435bin
[        ] Downloading https://repo.maven.apache.org/maven2/com/google/code/findbugs/jsr305/3.0.2/jsr305-3.0.2.jar to /home/runner/.gradle/.tmp/gradle_download3617202413553828797bin
[        ] Downloading https://repo.maven.apache.org/maven2/org/jdom/jdom2/2.0.6/jdom2-2.0.6.jar to /home/runner/.gradle/.tmp/gradle_download4282990485531498766bin
[        ] Downloading https://repo.maven.apache.org/maven2/com/google/j2objc/j2objc-annotations/2.8/j2objc-annotations-2.8.jar to /home/runner/.gradle/.tmp/gradle_download10628009917933941613bin
[        ] Downloading https://repo.maven.apache.org/maven2/org/codehaus/mojo/animal-sniffer-annotations/1.23/animal-sniffer-annotations-1.23.jar to /home/runner/.gradle/.tmp/gradle_download4654568799971723828bin
[        ] Downloading https://repo.maven.apache.org/maven2/com/google/android/annotations/4.1.1.4/annotations-4.1.1.4.jar to /home/runner/.gradle/.tmp/gradle_download776728002443162533bin
[ +101 ms] Downloading https://repo.maven.apache.org/maven2/io/netty/netty-codec-http2/4.1.93.Final/netty-codec-http2-4.1.93.Final.jar to /home/runner/.gradle/.tmp/gradle_download16663168345421142934bin
[        ] Downloading https://repo.maven.apache.org/maven2/io/netty/netty-handler-proxy/4.1.93.Final/netty-handler-proxy-4.1.93.Final.jar to /home/runner/.gradle/.tmp/gradle_download6174028959705079164bin
[        ] Downloading https://repo.maven.apache.org/maven2/io/netty/netty-codec-http/4.1.93.Final/netty-codec-http-4.1.93.Final.jar to /home/runner/.gradle/.tmp/gradle_download3366848304500417922bin
[        ] Downloading https://repo.maven.apache.org/maven2/io/perfmark/perfmark-api/0.26.0/perfmark-api-0.26.0.jar to /home/runner/.gradle/.tmp/gradle_download9692411257468470969bin
[        ] Downloading https://repo.maven.apache.org/maven2/io/netty/netty-transport-native-unix-common/4.1.93.Final/netty-transport-native-unix-common-4.1.93.Final.jar to /home/runner/.gradle/.tmp/gradle_download8061012064501413115bin
[        ] Downloading https://repo.maven.apache.org/maven2/io/netty/netty-handler/4.1.93.Final/netty-handler-4.1.93.Final.jar to /home/runner/.gradle/.tmp/gradle_download17944788802705396272bin
[        ] Downloading https://repo.maven.apache.org/maven2/org/checkerframework/checker-qual/3.33.0/checker-qual-3.33.0.jar to /home/runner/.gradle/.tmp/gradle_download7150593581682904246bin
[        ] Downloading https://repo.maven.apache.org/maven2/commons-codec/commons-codec/1.11/commons-codec-1.11.jar to /home/runner/.gradle/.tmp/gradle_download18182884693774844897bin
[        ] Downloading https://repo.maven.apache.org/maven2/org/jetbrains/kotlin/kotlin-gradle-plugin-annotations/1.9.22/kotlin-gradle-plugin-annotations-1.9.22.jar to /home/runner/.gradle/.tmp/gradle_download7491563126267292351bin
[        ] Downloading https://repo.maven.apache.org/maven2/org/jetbrains/kotlin/kotlin-project-model/1.9.22/kotlin-project-model-1.9.22.jar to /home/runner/.gradle/.tmp/gradle_download11262925244518191011bin
[        ] Downloading https://dl.google.com/dl/android/maven2/com/android/tools/build/apksig/8.3.2/apksig-8.3.2.jar to /home/runner/.gradle/.tmp/gradle_download3972264361127678674bin
[        ] Downloading https://repo.maven.apache.org/maven2/org/jetbrains/kotlin/kotlin-tooling-core/1.9.22/kotlin-tooling-core-1.9.22.jar to /home/runner/.gradle/.tmp/gradle_download3957450813954360670bin
[        ] Downloading https://repo.maven.apache.org/maven2/org/jetbrains/kotlin/kotlin-util-io/1.9.22/kotlin-util-io-1.9.22.jar to /home/runner/.gradle/.tmp/gradle_download11155771150267220174bin
[        ] Downloading https://repo.maven.apache.org/maven2/org/jetbrains/kotlin/kotlin-daemon-embeddable/1.9.22/kotlin-daemon-embeddable-1.9.22.jar to /home/runner/.gradle/.tmp/gradle_download1800245505430533349bin
[  +96 ms] Downloading https://repo.maven.apache.org/maven2/org/jetbrains/kotlinx/kotlinx-coroutines-core-jvm/1.5.0/kotlinx-coroutines-core-jvm-1.5.0.jar to /home/runner/.gradle/.tmp/gradle_download16872022934387640554bin
[        ] Downloading https://repo.maven.apache.org/maven2/org/jetbrains/kotlin/kotlin-scripting-jvm/1.9.22/kotlin-scripting-jvm-1.9.22.jar to /home/runner/.gradle/.tmp/gradle_download9431518159661951147bin
[        ] Downloading https://repo.maven.apache.org/maven2/org/jetbrains/kotlin/kotlin-scripting-common/1.9.22/kotlin-scripting-common-1.9.22.jar to /home/runner/.gradle/.tmp/gradle_download15292423923419555646bin
[        ] Downloading https://repo.maven.apache.org/maven2/org/jetbrains/kotlin/kotlin-daemon-client/1.9.22/kotlin-daemon-client-1.9.22.jar to /home/runner/.gradle/.tmp/gradle_download10964502951428590686bin
[        ] Downloading https://repo.maven.apache.org/maven2/com/google/guava/failureaccess/1.0.1/failureaccess-1.0.1.jar to /home/runner/.gradle/.tmp/gradle_download7862859054652430742bin
[        ] Downloading https://repo.maven.apache.org/maven2/com/google/guava/listenablefuture/9999.0-empty-to-avoid-conflict-with-guava/listenablefuture-9999.0-empty-to-avoid-conflict-with-guava.jar to /home/runner/.gradle/.tmp/gradle_download9688863328043074971bin
[        ] Downloading https://repo.maven.apache.org/maven2/net/java/dev/jna/jna/5.6.0/jna-5.6.0.jar to /home/runner/.gradle/.tmp/gradle_download11345812573393785448bin
[        ] Downloading https://repo.maven.apache.org/maven2/commons-logging/commons-logging/1.2/commons-logging-1.2.jar to /home/runner/.gradle/.tmp/gradle_download4792551090934949850bin
[        ] Downloading https://repo.maven.apache.org/maven2/io/netty/netty-codec-socks/4.1.93.Final/netty-codec-socks-4.1.93.Final.jar to /home/runner/.gradle/.tmp/gradle_download18429262195559199578bin
[        ] Downloading https://repo.maven.apache.org/maven2/io/netty/netty-codec/4.1.93.Final/netty-codec-4.1.93.Final.jar to /home/runner/.gradle/.tmp/gradle_download2753999569822888142bin
[        ] Downloading https://repo.maven.apache.org/maven2/io/netty/netty-transport/4.1.93.Final/netty-transport-4.1.93.Final.jar to /home/runner/.gradle/.tmp/gradle_download15555052700449956071bin
[        ] Downloading https://repo.maven.apache.org/maven2/io/netty/netty-resolver/4.1.93.Final/netty-resolver-4.1.93.Final.jar to /home/runner/.gradle/.tmp/gradle_download16323021193780575973bin
[        ] Downloading https://repo.maven.apache.org/maven2/io/netty/netty-common/4.1.93.Final/netty-common-4.1.93.Final.jar to /home/runner/.gradle/.tmp/gradle_download6038460580452206700bin
[        ] Downloading https://repo.maven.apache.org/maven2/io/netty/netty-buffer/4.1.93.Final/netty-buffer-4.1.93.Final.jar to /home/runner/.gradle/.tmp/gradle_download15126398803141591826bin
[+10998 ms] Compiling script '/opt/hostedtoolcache/flutter/stable-3.24.0-x64/flutter/packages/flutter_tools/gradle/src/main/groovy/native_plugin_loader.groovy' using SubsetScriptTransformer.
[ +200 ms] Compiling script '/opt/hostedtoolcache/flutter/stable-3.24.0-x64/flutter/packages/flutter_tools/gradle/src/main/groovy/native_plugin_loader.groovy' using BuildScriptTransformer.
[  +99 ms] Compiling settings file '/home/runner/work/Meka/Meka/Android APP/android/settings.gradle' using BuildScriptTransformer.
[        ] Settings evaluated using settings file '/home/runner/work/Meka/Meka/Android APP/android/settings.gradle'.
[        ] Projects loaded. Root project using build file '/home/runner/work/Meka/Meka/Android APP/android/build.gradle'.
[        ] Included projects: [root project 'android', project ':app', project ':flutter_tts', project ':mobile_scanner', project ':package_info_plus', project ':path_provider_android', project ':permission_handler_android', project ':record_android', project ':shared_preferences_android', project ':speech_to_text', project ':wakelock_plus']
[+2000 ms] > Configure project :
[        ] Evaluating root project 'android' using build file '/home/runner/work/Meka/Meka/Android APP/android/build.gradle'.
[        ] Compiling build file '/home/runner/work/Meka/Meka/Android APP/android/build.gradle' using SubsetScriptTransformer.
[        ] Compiling build file '/home/runner/work/Meka/Meka/Android APP/android/build.gradle' using BuildScriptTransformer.
[+23602 ms] > Configure project :app
[        ] Evaluating project ':app' using build file '/home/runner/work/Meka/Meka/Android APP/android/app/build.gradle'.
[        ] Compiling build file '/home/runner/work/Meka/Meka/Android APP/android/app/build.gradle' using SubsetScriptTransformer.
[        ] Using default execution profile
[        ] Using Kotlin Gradle Plugin gradle82 variant
[        ] Compiling script '/opt/hostedtoolcache/flutter/stable-3.24.0-x64/flutter/packages/flutter_tools/gradle/src/main/groovy/native_plugin_loader.groovy' using SubsetScriptTransformer.
[        ] Compiling script '/opt/hostedtoolcache/flutter/stable-3.24.0-x64/flutter/packages/flutter_tools/gradle/src/main/groovy/native_plugin_loader.groovy' using BuildScriptTransformer.
[        ] Caching disabled for Kotlin DSL plugin specs accessors for classpath '31e0a246d0d20cdd90c13c93ccb5e666' because:
[        ]   Build cache is disabled
[        ] Kotlin DSL plugin specs accessors for classpath '31e0a246d0d20cdd90c13c93ccb5e666' is not up-to-date because:
[        ]   No history is available.
[        ] Cannot use Kotlin build script compile avoidance with /home/runner/.gradle/caches/modules-2/files-2.1/com.android.tools.build/gradle/8.3.2/92b2d743ea3e3cdba8b939a94465b2ba654e7b11/gradle-8.3.2.jar: class com/android/build/gradle/internal/utils/GuavaKtxKt: inline fun immutableListBuilder(): compile avoidance is not supported with public inline functions
[        ] Cannot use Kotlin build script compile avoidance with /home/runner/.gradle/caches/modules-2/files-2.1/org.jetbrains.kotlin/kotlin-gradle-plugin/1.9.22/f598600f8b407cda9d4dcd9a4d901e83af68b90f/kotlin-gradle-plugin-1.9.22-gradle82.jar: class org/jetbrains/kotlin/gradle/internal/KaptWithAndroid: inline fun androidVariantData(): compile avoidance is not supported with public inline functions
[        ] Cannot use Kotlin build script compile avoidance with /home/runner/.gradle/caches/modules-2/files-2.1/com.android.tools/sdk-common/31.3.2/37afecab482cbdb1014e4fa76e13b9ad77807bb6/sdk-common-31.3.2.jar: class com/android/ide/common/util/EnumUtilsKt: inline fun enumValueOfOrDefault(): compile avoidance is not supported with public inline functions
[        ] Cannot use Kotlin build script compile avoidance with /home/runner/.gradle/caches/modules-2/files-2.1/com.android.tools.build/bundletool/1.15.6/d804e9cf5387426500061a8e0eb5602d50a49e56/bundletool-1.15.6.jar: class shadow/bundletool/com/android/utils/NodeCollectionHelperKt: inline fun forEach(): compile avoidance is not supported with public inline functions
[        ] Cannot use Kotlin build script compile avoidance with /home/runner/.gradle/caches/modules-2/files-2.1/com.android.tools/common/31.3.2/1d400887f3cd978e88fd1455aa165c3fdf992c54/common-31.3.2.jar: class com/android/utils/NodeCollectionHelperKt: inline fun forEach(): compile avoidance is not supported with public inline functions
[        ] Cannot use Kotlin build script compile avoidance with /home/runner/.gradle/caches/modules-2/files-2.1/org.jetbrains.kotlin/kotlin-gradle-plugin-idea-proto/1.9.22/f3dfa2a32c488fb0d040b377aefe544f10d4c1f/kotlin-gradle-plugin-idea-proto-1.9.22.jar: class org/jetbrains/kotlin/gradle/idea/proto/generated/IdeaExtrasProtoKt$Dsl: inline fun setValues(): compile avoidance is not supported with public inline functions
[        ] Cannot use Kotlin build script compile avoidance with /home/runner/.gradle/caches/modules-2/files-2.1/org.jetbrains.kotlin/kotlin-gradle-plugin-idea/1.9.22/83cf5d4acdbf6c1e7b32ca96cb79b96e4cce032e/kotlin-gradle-plugin-idea-1.9.22.jar: class org/jetbrains/kotlin/gradle/idea/serialize/IdeaKotlinExtrasSerializer$Companion: inline fun javaIoSerializable(): compile avoidance is not supported with public inline functions
[        ] Cannot use Kotlin build script compile avoidance with /home/runner/.gradle/caches/modules-2/files-2.1/org.jetbrains.kotlin/kotlin-compiler-embeddable/1.9.22/9cd4dc7773cf2a99ecd961a88fbbc9a2da3fb5e1/kotlin-compiler-embeddable-1.9.22.jar: class org/jetbrains/kotlin/konan/file/FileKt: inline fun use(): compile avoidance is not supported with public inline functions
[        ] Cannot use Kotlin build script compile avoidance with /home/runner/.gradle/caches/modules-2/files-2.1/org.jetbrains.kotlin/kotlin-tooling-core/1.9.22/bdc01105250e7ecc8bbcf49a21805685cd557dda/kotlin-tooling-core-1.9.22.jar: class org/jetbrains/kotlin/tooling/core/ClosureKt: inline fun closure(): compile avoidance is not supported with public inline functions
[        ] Cannot use Kotlin build script compile avoidance with /home/runner/.gradle/caches/modules-2/files-2.1/org.jetbrains.kotlin/kotlin-util-io/1.9.22/6810a00fa9f4616c07c5b0b82bef47aa57f22cb0/kotlin-util-io-1.9.22.jar: class org/jetbrains/kotlin/konan/file/FileKt: inline fun use(): compile avoidance is not supported with public inline functions
[        ] Cannot use Kotlin build script compile avoidance with /home/runner/.gradle/caches/modules-2/files-2.1/org.jetbrains.kotlinx/kotlinx-coroutines-core-jvm/1.5.0/d8cebccdcddd029022aa8646a5a953ff88b13ac8/kotlinx-coroutines-core-jvm-1.5.0.jar: class kotlinx/coroutines/CoroutineScopeKt: inline fun currentCoroutineContext(): compile avoidance is not supported with public inline functions
[        ] Caching disabled for Kotlin DSL script compilation (Project/ScriptPlugin/stage1) because:
[        ]   Build cache is disabled
[        ] Kotlin DSL script compilation (Project/ScriptPlugin/stage1) is not up-to-date because:
[        ]   No history is available.
[        ] Resource missing. [HTTP GET: https://dl.google.com/dl/android/maven2/org/jetbrains/kotlin/kotlin-gradle-plugin/1.7.10/kotlin-gradle-plugin-1.7.10.pom]
[        ] Downloading https://repo.maven.apache.org/maven2/org/jetbrains/kotlin/kotlin-gradle-plugin/1.7.10/kotlin-gradle-plugin-1.7.10.pom to /home/runner/.gradle/.tmp/gradle_download14931441886846896582bin
[        ] Downloading https://repo.maven.apache.org/maven2/org/jetbrains/kotlin/kotlin-gradle-plugin/1.7.10/kotlin-gradle-plugin-1.7.10.module to /home/runner/.gradle/.tmp/gradle_download14408637813244602707bin
[        ] Downloading https://dl.google.com/dl/android/maven2/com/android/tools/sdklib/30.3.0/sdklib-30.3.0.pom to /home/runner/.gradle/.tmp/gradle_download11350522899016904724bin
[        ] Downloading https://dl.google.com/dl/android/maven2/com/android/tools/repository/30.3.0/repository-30.3.0.pom to /home/runner/.gradle/.tmp/gradle_download8671319190630141455bin
[        ] Downloading https://dl.google.com/dl/android/maven2/com/android/tools/ddms/ddmlib/30.3.0/ddmlib-30.3.0.pom to /home/runner/.gradle/.tmp/gradle_download14426655020828765215bin
[        ] Downloading https://dl.google.com/dl/android/maven2/com/android/tools/sdk-common/30.3.0/sdk-common-30.3.0.pom to /home/runner/.gradle/.tmp/gradle_download7673326129028659973bin
[        ] Downloading https://dl.google.com/dl/android/maven2/com/android/tools/build/aapt2-proto/7.3.0-8691043/aapt2-proto-7.3.0-8691043.pom to /home/runner/.gradle/.tmp/gradle_download17112619121061179848bin
[        ] Downloading https://dl.google.com/dl/android/maven2/com/android/tools/build/aaptcompiler/7.3.0/aaptcompiler-7.3.0.pom to /home/runner/.gradle/.tmp/gradle_download16751268713876494973bin
[        ] Downloading https://dl.google.com/dl/android/maven2/com/android/tools/analytics-library/crash/30.3.0/crash-30.3.0.pom to /home/runner/.gradle/.tmp/gradle_download434933511332957738bin
[        ] Downloading https://dl.google.com/dl/android/maven2/com/android/tools/analytics-library/shared/30.3.0/shared-30.3.0.pom to /home/runner/.gradle/.tmp/gradle_download9530053510216984493bin
[        ] Downloading https://dl.google.com/dl/android/maven2/com/android/tools/lint/lint-model/30.3.0/lint-model-30.3.0.pom to /home/runner/.gradle/.tmp/gradle_download1898447963470822744bin
[        ] Downloading https://dl.google.com/dl/android/maven2/com/android/tools/build/aaptcompiler/7.3.0/aaptcompiler-7.3.0.module to /home/runner/.gradle/.tmp/gradle_download2695077056713205102bin
[   +1 ms] Downloading https://dl.google.com/dl/android/maven2/com/android/tools/build/aapt2-proto/7.3.0-8691043/aapt2-proto-7.3.0-8691043.module to /home/runner/.gradle/.tmp/gradle_download3923671659548406272bin
[        ] Downloading https://dl.google.com/dl/android/maven2/com/android/tools/lint/lint-typedef-remover/30.3.0/lint-typedef-remover-30.3.0.pom to /home/runner/.gradle/.tmp/gradle_download4096992448874970643bin
[        ] Downloading https://dl.google.com/dl/android/maven2/androidx/databinding/databinding-compiler-common/7.3.0/databinding-compiler-common-7.3.0.pom to /home/runner/.gradle/.tmp/gradle_download12919986931584078695bin
[        ] Downloading https://dl.google.com/dl/android/maven2/com/android/databinding/baseLibrary/7.3.0/baseLibrary-7.3.0.pom to /home/runner/.gradle/.tmp/gradle_download51363726854695708bin
[        ] Downloading https://dl.google.com/dl/android/maven2/com/android/tools/build/builder-test-api/7.3.0/builder-test-api-7.3.0.pom to /home/runner/.gradle/.tmp/gradle_download1431865161092276136bin
[        ] Downloading https://dl.google.com/dl/android/maven2/com/android/tools/layoutlib/layoutlib-api/30.3.0/layoutlib-api-30.3.0.pom to /home/runner/.gradle/.tmp/gradle_download14641450475513559910bin
[        ] Downloading https://dl.google.com/dl/android/maven2/com/android/tools/utp/android-device-provider-ddmlib-proto/30.3.0/android-device-provider-ddmlib-proto-30.3.0.pom to /home/runner/.gradle/.tmp/gradle_download17874856345619615913bin
[        ] Downloading https://dl.google.com/dl/android/maven2/com/android/tools/build/builder-test-api/7.3.0/builder-test-api-7.3.0.module to /home/runner/.gradle/.tmp/gradle_download3161799709981273108bin
[        ] Downloading https://dl.google.com/dl/android/maven2/com/android/tools/utp/android-device-provider-gradle-proto/30.3.0/android-device-provider-gradle-proto-30.3.0.pom to /home/runner/.gradle/.tmp/gradle_download4072238157962101246bin
[        ] Downloading https://dl.google.com/dl/android/maven2/com/android/tools/utp/android-test-plugin-host-additional-test-output-proto/30.3.0/android-test-plugin-host-additional-test-output-proto-30.3.0.pom to /home/runner/.gradle/.tmp/gradle_download11200631926696428292bin
[        ] Downloading https://dl.google.com/dl/android/maven2/com/android/tools/utp/android-test-plugin-host-coverage-proto/30.3.0/android-test-plugin-host-coverage-proto-30.3.0.pom to /home/runner/.gradle/.tmp/gradle_download2674206872971421507bin
[        ] Downloading https://dl.google.com/dl/android/maven2/com/android/tools/utp/android-test-plugin-host-retention-proto/30.3.0/android-test-plugin-host-retention-proto-30.3.0.pom to /home/runner/.gradle/.tmp/gradle_download1057900142017565075bin
[        ] Downloading https://dl.google.com/dl/android/maven2/com/android/tools/utp/android-test-plugin-result-listener-gradle-proto/30.3.0/android-test-plugin-result-listener-gradle-proto-30.3.0.pom to /home/runner/.gradle/.tmp/gradle_download11624540574006409762bin
[        ] Resource missing. [HTTP GET: https://dl.google.com/dl/android/maven2/org/jetbrains/kotlin/kotlin-stdlib-jdk8/1.5.31/kotlin-stdlib-jdk8-1.5.31.pom]
[        ] Downloading https://repo.maven.apache.org/maven2/org/jetbrains/kotlin/kotlin-stdlib-jdk8/1.5.31/kotlin-stdlib-jdk8-1.5.31.pom to /home/runner/.gradle/.tmp/gradle_download1378710823195908790bin
[        ] Downloading https://dl.google.com/dl/android/maven2/androidx/databinding/databinding-common/7.3.0/databinding-common-7.3.0.pom to /home/runner/.gradle/.tmp/gradle_download16474109379579432044bin
[        ] Resource missing. [HTTP GET: https://dl.google.com/dl/android/maven2/commons-io/commons-io/2.4/commons-io-2.4.pom]
[        ] Resource missing. [HTTP GET: https://dl.google.com/dl/android/maven2/org/ow2/asm/asm-analysis/9.1/asm-analysis-9.1.pom]
[        ] Downloading https://repo.maven.apache.org/maven2/commons-io/commons-io/2.4/commons-io-2.4.pom to /home/runner/.gradle/.tmp/gradle_download11343920388830705615bin
[        ] Resource missing. [HTTP GET: https://dl.google.com/dl/android/maven2/org/ow2/asm/asm-commons/9.1/asm-commons-9.1.pom]
[        ] Resource missing. [HTTP GET: https://dl.google.com/dl/android/maven2/org/ow2/asm/asm-util/9.1/asm-util-9.1.pom]
[        ] Downloading https://repo.maven.apache.org/maven2/org/ow2/asm/asm-analysis/9.1/asm-analysis-9.1.pom to /home/runner/.gradle/.tmp/gradle_download10797848867168011084bin
[        ] Downloading https://repo.maven.apache.org/maven2/org/ow2/asm/asm-commons/9.1/asm-commons-9.1.pom to /home/runner/.gradle/.tmp/gradle_download11643497237506796110bin
[        ] Resource missing. [HTTP GET: https://dl.google.com/dl/android/maven2/org/apache/commons/commons-parent/25/commons-parent-25.pom]
[        ] Downloading https://dl.google.com/dl/android/maven2/com/android/tools/build/bundletool/1.9.0/bundletool-1.9.0.pom to /home/runner/.gradle/.tmp/gradle_download13169310569570258139bin
[        ] Downloading https://repo.maven.apache.org/maven2/org/ow2/asm/asm-util/9.1/asm-util-9.1.pom to /home/runner/.gradle/.tmp/gradle_download15646412750522205816bin
[        ] Downloading https://repo.maven.apache.org/maven2/org/apache/commons/commons-parent/25/commons-parent-25.pom to /home/runner/.gradle/.tmp/gradle_download13212601642218910281bin
[        ] Resource missing. [HTTP GET: https://dl.google.com/dl/android/maven2/com/google/protobuf/protobuf-java/3.17.2/protobuf-java-3.17.2.pom]
[        ] Downloading https://repo.maven.apache.org/maven2/com/google/protobuf/protobuf-java/3.17.2/protobuf-java-3.17.2.pom to /home/runner/.gradle/.tmp/gradle_download14131730410979264923bin
[        ] Resource missing. [HTTP GET: https://dl.google.com/dl/android/maven2/com/google/code/gson/gson/2.8.6/gson-2.8.6.pom]
[        ] Resource missing. [HTTP GET: https://dl.google.com/dl/android/maven2/com/google/protobuf/protobuf-java-util/3.17.2/protobuf-java-util-3.17.2.pom]
[        ] Resource missing. [HTTP GET: https://dl.google.com/dl/android/maven2/org/apache/apache/9/apache-9.pom]
[        ] Downloading https://repo.maven.apache.org/maven2/com/google/code/gson/gson/2.8.6/gson-2.8.6.pom to /home/runner/.gradle/.tmp/gradle_download10393532505874364454bin
[        ] Downloading https://repo.maven.apache.org/maven2/com/google/protobuf/protobuf-java-util/3.17.2/protobuf-java-util-3.17.2.pom to /home/runner/.gradle/.tmp/gradle_download3765158044633557404bin
[        ] Downloading https://repo.maven.apache.org/maven2/org/apache/apache/9/apache-9.pom to /home/runner/.gradle/.tmp/gradle_download7043461787272144200bin
[        ] Resource missing. [HTTP GET: https://dl.google.com/dl/android/maven2/com/google/protobuf/protobuf-parent/3.17.2/protobuf-parent-3.17.2.pom]
[        ] Resource missing. [HTTP GET: https://dl.google.com/dl/android/maven2/com/google/code/gson/gson-parent/2.8.6/gson-parent-2.8.6.pom]
[        ] Downloading https://repo.maven.apache.org/maven2/com/google/protobuf/protobuf-parent/3.17.2/protobuf-parent-3.17.2.pom to /home/runner/.gradle/.tmp/gradle_download562443547268794298bin
[        ] Resource missing. [HTTP GET: https://dl.google.com/dl/android/maven2/io/grpc/grpc-core/1.39.0/grpc-core-1.39.0.pom]
[        ] Downloading https://repo.maven.apache.org/maven2/com/google/code/gson/gson-parent/2.8.6/gson-parent-2.8.6.pom to /home/runner/.gradle/.tmp/gradle_download5534468546725879457bin
[        ] Downloading https://repo.maven.apache.org/maven2/io/grpc/grpc-core/1.39.0/grpc-core-1.39.0.pom to /home/runner/.gradle/.tmp/gradle_download1065459652472893194bin
[        ] Resource missing. [HTTP GET: https://dl.google.com/dl/android/maven2/com/google/protobuf/protobuf-bom/3.17.2/protobuf-bom-3.17.2.pom]
[        ] Downloading https://repo.maven.apache.org/maven2/com/google/protobuf/protobuf-bom/3.17.2/protobuf-bom-3.17.2.pom to /home/runner/.gradle/.tmp/gradle_download636632519336655681bin
[   +1 ms] Resource missing. [HTTP GET: https://dl.google.com/dl/android/maven2/io/grpc/grpc-netty/1.39.0/grpc-netty-1.39.0.pom]
[        ] Resource missing. [HTTP GET: https://dl.google.com/dl/android/maven2/io/grpc/grpc-protobuf/1.39.0/grpc-protobuf-1.39.0.pom]
[        ] Downloading https://repo.maven.apache.org/maven2/io/grpc/grpc-netty/1.39.0/grpc-netty-1.39.0.pom to /home/runner/.gradle/.tmp/gradle_download15245855191888437971bin
[        ] Downloading https://repo.maven.apache.org/maven2/io/grpc/grpc-protobuf/1.39.0/grpc-protobuf-1.39.0.pom to /home/runner/.gradle/.tmp/gradle_download15003374475707855465bin
[        ] Resource missing. [HTTP GET: https://dl.google.com/dl/android/maven2/io/grpc/grpc-stub/1.39.0/grpc-stub-1.39.0.pom]
[        ] Resource missing. [HTTP GET: https://dl.google.com/dl/android/maven2/com/google/crypto/tink/tink/1.3.0-rc2/tink-1.3.0-rc2.pom]
[        ] Downloading https://dl.google.com/dl/android/maven2/com/google/testing/platform/core-proto/0.0.8-alpha07/core-proto-0.0.8-alpha07.pom to /home/runner/.gradle/.tmp/gradle_download10431719553508651323bin
[        ] Downloading https://repo.maven.apache.org/maven2/com/google/crypto/tink/tink/1.3.0-rc2/tink-1.3.0-rc2.pom to /home/runner/.gradle/.tmp/gradle_download7592888765095267980bin
[        ] Downloading https://repo.maven.apache.org/maven2/io/grpc/grpc-stub/1.39.0/grpc-stub-1.39.0.pom to /home/runner/.gradle/.tmp/gradle_download13311733789349546858bin
[        ] Resource missing. [HTTP GET: https://dl.google.com/dl/android/maven2/com/google/code/gson/gson/2.8.9/gson-2.8.9.pom]
[        ] Downloading https://repo.maven.apache.org/maven2/com/google/code/gson/gson/2.8.9/gson-2.8.9.pom to /home/runner/.gradle/.tmp/gradle_download1064259677150716055bin
[        ] Resource missing. [HTTP GET: https://dl.google.com/dl/android/maven2/com/google/code/gson/gson-parent/2.8.9/gson-parent-2.8.9.pom]
[        ] Downloading https://repo.maven.apache.org/maven2/com/google/code/gson/gson-parent/2.8.9/gson-parent-2.8.9.pom to /home/runner/.gradle/.tmp/gradle_download5239561094643984152bin
[        ] Resource missing. [HTTP GET: https://dl.google.com/dl/android/maven2/org/jetbrains/kotlin/kotlin-gradle-plugin-api/1.7.10/kotlin-gradle-plugin-api-1.7.10.pom]
[        ] Resource missing. [HTTP GET: https://dl.google.com/dl/android/maven2/org/jetbrains/kotlin/kotlin-gradle-plugin-model/1.7.10/kotlin-gradle-plugin-model-1.7.10.pom]
[        ] Downloading https://repo.maven.apache.org/maven2/org/jetbrains/kotlin/kotlin-gradle-plugin-model/1.7.10/kotlin-gradle-plugin-model-1.7.10.pom to /home/runner/.gradle/.tmp/gradle_download2384061284205458833bin
[        ] Downloading https://repo.maven.apache.org/maven2/org/jetbrains/kotlin/kotlin-gradle-plugin-api/1.7.10/kotlin-gradle-plugin-api-1.7.10.pom to /home/runner/.gradle/.tmp/gradle_download11462123713655615144bin
[        ] Resource missing. [HTTP GET: https://dl.google.com/dl/android/maven2/org/jetbrains/kotlin/kotlin-tooling-core/1.7.10/kotlin-tooling-core-1.7.10.pom]
[        ] Downloading https://repo.maven.apache.org/maven2/org/jetbrains/kotlin/kotlin-gradle-plugin-api/1.7.10/kotlin-gradle-plugin-api-1.7.10.module to /home/runner/.gradle/.tmp/gradle_download18030966196795038793bin
[        ] Downloading https://repo.maven.apache.org/maven2/org/jetbrains/kotlin/kotlin-gradle-plugin-model/1.7.10/kotlin-gradle-plugin-model-1.7.10.module to /home/runner/.gradle/.tmp/gradle_download4667515348222509029bin
[        ] Downloading https://repo.maven.apache.org/maven2/org/jetbrains/kotlin/kotlin-tooling-core/1.7.10/kotlin-tooling-core-1.7.10.pom to /home/runner/.gradle/.tmp/gradle_download5112339344992678590bin
[        ] Resource missing. [HTTP GET: https://dl.google.com/dl/android/maven2/org/jetbrains/kotlin/kotlin-gradle-plugin-idea/1.7.10/kotlin-gradle-plugin-idea-1.7.10.pom]
[        ] Resource missing. [HTTP GET: https://dl.google.com/dl/android/maven2/org/jetbrains/kotlin/kotlin-util-klib/1.7.10/kotlin-util-klib-1.7.10.pom]
[        ] Resource missing. [HTTP GET: https://dl.google.com/dl/android/maven2/org/jetbrains/kotlin/kotlin-klib-commonizer-api/1.7.10/kotlin-klib-commonizer-api-1.7.10.pom]
[        ] Downloading https://repo.maven.apache.org/maven2/org/jetbrains/kotlin/kotlin-gradle-plugin-idea/1.7.10/kotlin-gradle-plugin-idea-1.7.10.pom to /home/runner/.gradle/.tmp/gradle_download6957047630103589543bin
[        ] Downloading https://repo.maven.apache.org/maven2/org/jetbrains/kotlin/kotlin-klib-commonizer-api/1.7.10/kotlin-klib-commonizer-api-1.7.10.pom to /home/runner/.gradle/.tmp/gradle_download17482630584974940466bin
[        ] Downloading https://repo.maven.apache.org/maven2/org/jetbrains/kotlin/kotlin-util-klib/1.7.10/kotlin-util-klib-1.7.10.pom to /home/runner/.gradle/.tmp/gradle_download13061124422841954680bin
[        ] Resource missing. [HTTP GET: https://dl.google.com/dl/android/maven2/org/jetbrains/kotlin/kotlin-tooling-metadata/1.7.10/kotlin-tooling-metadata-1.7.10.pom]
[        ] Resource missing. [HTTP GET: https://dl.google.com/dl/android/maven2/com/google/guava/guava/29.0-jre/guava-29.0-jre.pom]
[        ] Resource missing. [HTTP GET: https://dl.google.com/dl/android/maven2/org/jetbrains/kotlin/kotlin-project-model/1.7.10/kotlin-project-model-1.7.10.pom]
[        ] Downloading https://repo.maven.apache.org/maven2/org/jetbrains/kotlin/kotlin-tooling-metadata/1.7.10/kotlin-tooling-metadata-1.7.10.pom to /home/runner/.gradle/.tmp/gradle_download13422302008164530699bin
[        ] Resource missing. [HTTP GET: https://dl.google.com/dl/android/maven2/de/undercouch/gradle-download-task/4.1.1/gradle-download-task-4.1.1.pom]
[        ] Downloading https://repo.maven.apache.org/maven2/org/jetbrains/kotlin/kotlin-project-model/1.7.10/kotlin-project-model-1.7.10.pom to /home/runner/.gradle/.tmp/gradle_download9269005965436046848bin
[        ] Downloading https://repo.maven.apache.org/maven2/com/google/guava/guava/29.0-jre/guava-29.0-jre.pom to /home/runner/.gradle/.tmp/gradle_download5885643661680568861bin
[        ] Downloading https://repo.maven.apache.org/maven2/de/undercouch/gradle-download-task/4.1.1/gradle-download-task-4.1.1.pom to /home/runner/.gradle/.tmp/gradle_download14850662048636065188bin
[        ] Resource missing. [HTTP GET: https://dl.google.com/dl/android/maven2/com/github/gundy/semver4j/0.16.4/semver4j-0.16.4.pom]
[        ] Resource missing. [HTTP GET: https://dl.google.com/dl/android/maven2/com/google/guava/guava-parent/29.0-jre/guava-parent-29.0-jre.pom]
[        ] Downloading https://repo.maven.apache.org/maven2/com/github/gundy/semver4j/0.16.4/semver4j-0.16.4.pom to /home/runner/.gradle/.tmp/gradle_download222093781964281347bin
[        ] Resource missing. [HTTP GET: https://dl.google.com/dl/android/maven2/org/jetbrains/kotlin/kotlin-annotation-processing-gradle/1.7.10/kotlin-annotation-processing-gradle-1.7.10.pom]
[        ] Downloading https://repo.maven.apache.org/maven2/com/google/guava/guava-parent/29.0-jre/guava-parent-29.0-jre.pom to /home/runner/.gradle/.tmp/gradle_download11975341544806622072bin
[        ] Downloading https://repo.maven.apache.org/maven2/org/jetbrains/kotlin/kotlin-annotation-processing-gradle/1.7.10/kotlin-annotation-processing-gradle-1.7.10.pom to /home/runner/.gradle/.tmp/gradle_download2524834761070405248bin
[        ] Resource missing. [HTTP GET: https://dl.google.com/dl/android/maven2/org/jetbrains/kotlin/kotlin-android-extensions/1.7.10/kotlin-android-extensions-1.7.10.pom]
[        ] Resource missing. [HTTP GET: https://dl.google.com/dl/android/maven2/org/jetbrains/kotlin/kotlin-compiler-embeddable/1.7.10/kotlin-compiler-embeddable-1.7.10.pom]
[        ] Resource missing. [HTTP GET: https://dl.google.com/dl/android/maven2/org/jetbrains/kotlin/kotlin-compiler-runner/1.7.10/kotlin-compiler-runner-1.7.10.pom]
[        ] Downloading https://repo.maven.apache.org/maven2/org/jetbrains/kotlin/kotlin-android-extensions/1.7.10/kotlin-android-extensions-1.7.10.pom to /home/runner/.gradle/.tmp/gradle_download9301747841949682456bin
[        ] Downloading https://repo.maven.apache.org/maven2/org/jetbrains/kotlin/kotlin-compiler-embeddable/1.7.10/kotlin-compiler-embeddable-1.7.10.pom to /home/runner/.gradle/.tmp/gradle_download9785200794334299208bin
[        ] Resource missing. [HTTP GET: https://dl.google.com/dl/android/maven2/org/jetbrains/kotlin/kotlin-scripting-compiler-embeddable/1.7.10/kotlin-scripting-compiler-embeddable-1.7.10.pom]
[        ] Downloading https://repo.maven.apache.org/maven2/org/jetbrains/kotlin/kotlin-compiler-runner/1.7.10/kotlin-compiler-runner-1.7.10.pom to /home/runner/.gradle/.tmp/gradle_download12441571590971526899bin
[        ] Downloading https://repo.maven.apache.org/maven2/org/jetbrains/kotlin/kotlin-scripting-compiler-embeddable/1.7.10/kotlin-scripting-compiler-embeddable-1.7.10.pom to /home/runner/.gradle/.tmp/gradle_download14951954960106614580bin
[        ] Resource missing. [HTTP GET: https://dl.google.com/dl/android/maven2/org/jetbrains/kotlin/kotlin-scripting-compiler-impl-embeddable/1.7.10/kotlin-scripting-compiler-impl-embeddable-1.7.10.pom]
[        ] Downloading https://repo.maven.apache.org/maven2/org/jetbrains/kotlin/kotlin-scripting-compiler-impl-embeddable/1.7.10/kotlin-scripting-compiler-impl-embeddable-1.7.10.pom to /home/runner/.gradle/.tmp/gradle_download17704231215954443306bin
[        ] Resource missing. [HTTP GET: https://dl.google.com/dl/android/maven2/com/google/guava/guava/30.1-jre/guava-30.1-jre.pom]
[        ] Downloading https://repo.maven.apache.org/maven2/com/google/guava/guava/30.1-jre/guava-30.1-jre.pom to /home/runner/.gradle/.tmp/gradle_download16856231745381193585bin
[        ] Resource missing. [HTTP GET: https://dl.google.com/dl/android/maven2/com/google/guava/guava-parent/30.1-jre/guava-parent-30.1-jre.pom]
[        ] Downloading https://repo.maven.apache.org/maven2/com/google/guava/guava-parent/30.1-jre/guava-parent-30.1-jre.pom to /home/runner/.gradle/.tmp/gradle_download3826047961541726229bin
[        ] Resource missing. [HTTP GET: https://dl.google.com/dl/android/maven2/xerces/xercesImpl/2.12.0/xercesImpl-2.12.0.pom]
[        ] Resource missing. [HTTP GET: https://dl.google.com/dl/android/maven2/org/jetbrains/intellij/deps/trove4j/1.0.20181211/trove4j-1.0.20181211.pom]
[        ] Downloading https://repo.maven.apache.org/maven2/org/jetbrains/intellij/deps/trove4j/1.0.20181211/trove4j-1.0.20181211.pom to /home/runner/.gradle/.tmp/gradle_download17511576462142362236bin
[        ] Downloading https://repo.maven.apache.org/maven2/xerces/xercesImpl/2.12.0/xercesImpl-2.12.0.pom to /home/runner/.gradle/.tmp/gradle_download15961786950681205894bin
[        ] Downloading https://dl.google.com/dl/android/maven2/com/android/tools/common/30.3.0/common-30.3.0.pom to /home/runner/.gradle/.tmp/gradle_download8808405174717694896bin
[        ] Resource missing. [HTTP GET: https://dl.google.com/dl/android/maven2/org/jetbrains/kotlin/kotlin-reflect/1.9.10/kotlin-reflect-1.9.10.pom]
[        ] Downloading https://repo.maven.apache.org/maven2/org/jetbrains/kotlin/kotlin-reflect/1.9.10/kotlin-reflect-1.9.10.pom to /home/runner/.gradle/.tmp/gradle_download17553391632706277516bin
[        ] Resource missing. [HTTP GET: https://dl.google.com/dl/android/maven2/org/apache/commons/commons-compress/1.20/commons-compress-1.20.pom]
[        ] Resource missing. [HTTP GET: https://dl.google.com/dl/android/maven2/org/apache/httpcomponents/httpcore/4.4.13/httpcore-4.4.13.pom]
[        ] Downloading https://dl.google.com/dl/android/maven2/com/android/tools/dvlib/30.3.0/dvlib-30.3.0.pom to /home/runner/.gradle/.tmp/gradle_download7554317154782062156bin
[        ] Downloading https://repo.maven.apache.org/maven2/org/apache/commons/commons-compress/1.20/commons-compress-1.20.pom to /home/runner/.gradle/.tmp/gradle_download1535524215347491488bin
[        ] Downloading https://repo.maven.apache.org/maven2/org/apache/httpcomponents/httpcore/4.4.13/httpcore-4.4.13.pom to /home/runner/.gradle/.tmp/gradle_download5335537597100458331bin
[        ] Resource missing. [HTTP GET: https://dl.google.com/dl/android/maven2/org/apache/httpcomponents/httpcomponents-core/4.4.13/httpcomponents-core-4.4.13.pom]
[        ] Resource missing. [HTTP GET: https://dl.google.com/dl/android/maven2/org/apache/commons/commons-parent/48/commons-parent-48.pom]
[        ] Downloading https://repo.maven.apache.org/maven2/org/apache/commons/commons-parent/48/commons-parent-48.pom to /home/runner/.gradle/.tmp/gradle_download18220965643286876677bin
[        ] Downloading https://repo.maven.apache.org/maven2/org/apache/httpcomponents/httpcomponents-core/4.4.13/httpcomponents-core-4.4.13.pom to /home/runner/.gradle/.tmp/gradle_download1275470630131910452bin
[        ] Resource missing. [HTTP GET: https://dl.google.com/dl/android/maven2/org/apache/httpcomponents/httpclient/4.5.13/httpclient-4.5.13.pom]
[        ] Downloading https://repo.maven.apache.org/maven2/org/apache/httpcomponents/httpclient/4.5.13/httpclient-4.5.13.pom to /home/runner/.gradle/.tmp/gradle_download11871445696530225716bin
[        ] Downloading https://dl.google.com/dl/android/maven2/com/android/tools/annotations/30.3.0/annotations-30.3.0.pom to /home/runner/.gradle/.tmp/gradle_download12576715087254761149bin
[        ] Resource missing. [HTTP GET: https://dl.google.com/dl/android/maven2/org/apache/httpcomponents/httpcomponents-client/4.5.13/httpcomponents-client-4.5.13.pom]
[        ] Downloading https://repo.maven.apache.org/maven2/org/apache/httpcomponents/httpcomponents-client/4.5.13/httpcomponents-client-4.5.13.pom to /home/runner/.gradle/.tmp/gradle_download1155322225928170062bin
[        ] Downloading https://dl.google.com/dl/android/maven2/com/android/tools/analytics-library/protos/30.3.0/protos-30.3.0.pom to /home/runner/.gradle/.tmp/gradle_download4321563860653144611bin
[        ] Resource missing. [HTTP GET: https://dl.google.com/dl/android/maven2/org/jetbrains/annotations/13.0/annotations-13.0.pom]
[        ] Downloading https://repo.maven.apache.org/maven2/org/jetbrains/annotations/13.0/annotations-13.0.pom to /home/runner/.gradle/.tmp/gradle_download7366330798952157420bin
[        ] Resource missing. [HTTP GET: https://dl.google.com/dl/android/maven2/org/jetbrains/kotlin/kotlin-stdlib-jdk7/1.5.31/kotlin-stdlib-jdk7-1.5.31.pom]
[        ] Downloading https://repo.maven.apache.org/maven2/org/jetbrains/kotlin/kotlin-stdlib-jdk7/1.5.31/kotlin-stdlib-jdk7-1.5.31.pom to /home/runner/.gradle/.tmp/gradle_download16058642274098678643bin
[        ] Resource missing. [HTTP GET: https://dl.google.com/dl/android/maven2/org/jetbrains/kotlin/kotlin-stdlib/1.9.10/kotlin-stdlib-1.9.10.pom]
[        ] Downloading https://repo.maven.apache.org/maven2/org/jetbrains/kotlin/kotlin-stdlib/1.9.10/kotlin-stdlib-1.9.10.pom to /home/runner/.gradle/.tmp/gradle_download16144054097496588891bin
[        ] Resource missing. [HTTP GET: https://dl.google.com/dl/android/maven2/org/ow2/asm/asm-tree/9.1/asm-tree-9.1.pom]
[        ] Downloading https://repo.maven.apache.org/maven2/org/ow2/asm/asm-tree/9.1/asm-tree-9.1.pom to /home/runner/.gradle/.tmp/gradle_download17634670938480052805bin
[        ] Resource missing. [HTTP GET: https://dl.google.com/dl/android/maven2/com/google/errorprone/error_prone_annotations/2.3.4/error_prone_annotations-2.3.4.pom]
[        ] Downloading https://repo.maven.apache.org/maven2/com/google/errorprone/error_prone_annotations/2.3.4/error_prone_annotations-2.3.4.pom to /home/runner/.gradle/.tmp/gradle_download15247808551941150391bin
[        ] Resource missing. [HTTP GET: https://dl.google.com/dl/android/maven2/com/google/errorprone/error_prone_parent/2.3.4/error_prone_parent-2.3.4.pom]
[        ] Downloading https://repo.maven.apache.org/maven2/com/google/errorprone/error_prone_parent/2.3.4/error_prone_parent-2.3.4.pom to /home/runner/.gradle/.tmp/gradle_download1759178024937247459bin
[        ] Resource missing. [HTTP GET: https://dl.google.com/dl/android/maven2/com/google/errorprone/error_prone_annotations/2.4.0/error_prone_annotations-2.4.0.pom]
[        ] Downloading https://repo.maven.apache.org/maven2/com/google/errorprone/error_prone_annotations/2.4.0/error_prone_annotations-2.4.0.pom to /home/runner/.gradle/.tmp/gradle_download11711869191129273828bin
[        ] Resource missing. [HTTP GET: https://dl.google.com/dl/android/maven2/com/google/errorprone/error_prone_parent/2.4.0/error_prone_parent-2.4.0.pom]
[        ] Downloading https://repo.maven.apache.org/maven2/com/google/errorprone/error_prone_parent/2.4.0/error_prone_parent-2.4.0.pom to /home/runner/.gradle/.tmp/gradle_download17122159420514958528bin
[        ] Resource missing. [HTTP GET: https://dl.google.com/dl/android/maven2/io/perfmark/perfmark-api/0.23.0/perfmark-api-0.23.0.pom]
[        ] Resource missing. [HTTP GET: https://dl.google.com/dl/android/maven2/io/grpc/grpc-api/1.39.0/grpc-api-1.39.0.pom]
[        ] Resource missing. [HTTP GET: https://dl.google.com/dl/android/maven2/org/codehaus/mojo/animal-sniffer-annotations/1.19/animal-sniffer-annotations-1.19.pom]
[        ] Downloading https://repo.maven.apache.org/maven2/org/codehaus/mojo/animal-sniffer-annotations/1.19/animal-sniffer-annotations-1.19.pom to /home/runner/.gradle/.tmp/gradle_download5693778977766737190bin
[        ] Downloading https://repo.maven.apache.org/maven2/io/grpc/grpc-api/1.39.0/grpc-api-1.39.0.pom to /home/runner/.gradle/.tmp/gradle_download17201765743519379663bin
[        ] Downloading https://repo.maven.apache.org/maven2/io/perfmark/perfmark-api/0.23.0/perfmark-api-0.23.0.pom to /home/runner/.gradle/.tmp/gradle_download8602273577930291219bin
[        ] Downloading https://repo.maven.apache.org/maven2/io/perfmark/perfmark-api/0.23.0/perfmark-api-0.23.0.module to /home/runner/.gradle/.tmp/gradle_download13132213379350460621bin
[        ] Resource missing. [HTTP GET: https://dl.google.com/dl/android/maven2/org/codehaus/mojo/animal-sniffer-parent/1.19/animal-sniffer-parent-1.19.pom]
[        ] Downloading https://repo.maven.apache.org/maven2/org/codehaus/mojo/animal-sniffer-parent/1.19/animal-sniffer-parent-1.19.pom to /home/runner/.gradle/.tmp/gradle_download15734654945033858407bin
[        ] Resource missing. [HTTP GET: https://dl.google.com/dl/android/maven2/org/codehaus/mojo/mojo-parent/50/mojo-parent-50.pom]
[        ] Downloading https://repo.maven.apache.org/maven2/org/codehaus/mojo/mojo-parent/50/mojo-parent-50.pom to /home/runner/.gradle/.tmp/gradle_download15023391781110011569bin
[        ] Resource missing. [HTTP GET: https://dl.google.com/dl/android/maven2/io/netty/netty-handler-proxy/4.1.52.Final/netty-handler-proxy-4.1.52.Final.pom]
[        ] Resource missing. [HTTP GET: https://dl.google.com/dl/android/maven2/io/netty/netty-codec-http2/4.1.52.Final/netty-codec-http2-4.1.52.Final.pom]
[        ] Downloading https://repo.maven.apache.org/maven2/io/netty/netty-handler-proxy/4.1.52.Final/netty-handler-proxy-4.1.52.Final.pom to /home/runner/.gradle/.tmp/gradle_download15417955546349185747bin
[        ] Downloading https://repo.maven.apache.org/maven2/io/netty/netty-codec-http2/4.1.52.Final/netty-codec-http2-4.1.52.Final.pom to /home/runner/.gradle/.tmp/gradle_download8770233543296239002bin
[        ] Resource missing. [HTTP GET: https://dl.google.com/dl/android/maven2/io/netty/netty-parent/4.1.52.Final/netty-parent-4.1.52.Final.pom]
[        ] Downloading https://repo.maven.apache.org/maven2/io/netty/netty-parent/4.1.52.Final/netty-parent-4.1.52.Final.pom to /home/runner/.gradle/.tmp/gradle_download2631648861626775128bin
[        ] Resource missing. [HTTP GET: https://dl.google.com/dl/android/maven2/io/grpc/grpc-protobuf-lite/1.39.0/grpc-protobuf-lite-1.39.0.pom]
[        ] Resource missing. [HTTP GET: https://dl.google.com/dl/android/maven2/com/google/api/grpc/proto-google-common-protos/2.0.1/proto-google-common-protos-2.0.1.pom]
[        ] Downloading https://repo.maven.apache.org/maven2/io/grpc/grpc-protobuf-lite/1.39.0/grpc-protobuf-lite-1.39.0.pom to /home/runner/.gradle/.tmp/gradle_download10689133779020118599bin
[   +1 ms] Downloading https://repo.maven.apache.org/maven2/com/google/api/grpc/proto-google-common-protos/2.0.1/proto-google-common-protos-2.0.1.pom to /home/runner/.gradle/.tmp/gradle_download4512579187371964704bin
[        ] Resource missing. [HTTP GET: https://dl.google.com/dl/android/maven2/org/json/json/20180813/json-20180813.pom]
[        ] Downloading https://repo.maven.apache.org/maven2/org/json/json/20180813/json-20180813.pom to /home/runner/.gradle/.tmp/gradle_download255067608499725249bin
[        ] Resource missing. [HTTP GET: https://dl.google.com/dl/android/maven2/it/unimi/dsi/fastutil/8.4.0/fastutil-8.4.0.pom]
[        ] Resource missing. [HTTP GET: https://dl.google.com/dl/android/maven2/com/googlecode/json-simple/json-simple/1.1/json-simple-1.1.pom]
[        ] Downloading https://repo.maven.apache.org/maven2/com/googlecode/json-simple/json-simple/1.1/json-simple-1.1.pom to /home/runner/.gradle/.tmp/gradle_download7686197666823704632bin
[        ] Downloading https://repo.maven.apache.org/maven2/it/unimi/dsi/fastutil/8.4.0/fastutil-8.4.0.pom to /home/runner/.gradle/.tmp/gradle_download14548495327304441958bin
[        ] Downloading https://dl.google.com/dl/android/maven2/com/android/signflinger/7.3.0/signflinger-7.3.0.pom to /home/runner/.gradle/.tmp/gradle_download593452586722519981bin
[        ] Downloading https://dl.google.com/dl/android/maven2/com/android/tools/analytics-library/tracker/30.3.0/tracker-30.3.0.pom to /home/runner/.gradle/.tmp/gradle_download16924798552041978276bin
[        ] Resource missing. [HTTP GET: https://dl.google.com/dl/android/maven2/org/jetbrains/kotlin/kotlin-native-utils/1.7.10/kotlin-native-utils-1.7.10.pom]
[        ] Downloading https://repo.maven.apache.org/maven2/org/jetbrains/kotlin/kotlin-native-utils/1.7.10/kotlin-native-utils-1.7.10.pom to /home/runner/.gradle/.tmp/gradle_download8440005956682256511bin
[        ] Resource missing. [HTTP GET: https://dl.google.com/dl/android/maven2/org/jetbrains/kotlin/kotlin-util-io/1.7.10/kotlin-util-io-1.7.10.pom]
[        ] Downloading https://repo.maven.apache.org/maven2/org/jetbrains/kotlin/kotlin-util-io/1.7.10/kotlin-util-io-1.7.10.pom to /home/runner/.gradle/.tmp/gradle_download5941108266533415845bin
[        ] Resource missing. [HTTP GET: https://dl.google.com/dl/android/maven2/org/jetbrains/kotlin/kotlin-daemon-embeddable/1.7.10/kotlin-daemon-embeddable-1.7.10.pom]
[        ] Downloading https://repo.maven.apache.org/maven2/org/jetbrains/kotlin/kotlin-daemon-embeddable/1.7.10/kotlin-daemon-embeddable-1.7.10.pom to /home/runner/.gradle/.tmp/gradle_download5697979284536379066bin
[        ] Resource missing. [HTTP GET: https://dl.google.com/dl/android/maven2/org/jetbrains/kotlin/kotlin-daemon-client/1.7.10/kotlin-daemon-client-1.7.10.pom]
[        ] Resource missing. [HTTP GET: https://dl.google.com/dl/android/maven2/org/jetbrains/kotlin/kotlin-build-common/1.7.10/kotlin-build-common-1.7.10.pom]
[        ] Downloading https://repo.maven.apache.org/maven2/org/jetbrains/kotlin/kotlin-build-common/1.7.10/kotlin-build-common-1.7.10.pom to /home/runner/.gradle/.tmp/gradle_download174267329682355954bin
[        ] Downloading https://repo.maven.apache.org/maven2/org/jetbrains/kotlin/kotlin-daemon-client/1.7.10/kotlin-daemon-client-1.7.10.pom to /home/runner/.gradle/.tmp/gradle_download5415918045422393249bin
[        ] Resource missing. [HTTP GET: https://dl.google.com/dl/android/maven2/org/jetbrains/kotlin/kotlin-scripting-jvm/1.7.10/kotlin-scripting-jvm-1.7.10.pom]
[        ] Resource missing. [HTTP GET: https://dl.google.com/dl/android/maven2/org/jetbrains/kotlin/kotlin-scripting-common/1.7.10/kotlin-scripting-common-1.7.10.pom]
[        ] Downloading https://repo.maven.apache.org/maven2/org/jetbrains/kotlin/kotlin-scripting-jvm/1.7.10/kotlin-scripting-jvm-1.7.10.pom to /home/runner/.gradle/.tmp/gradle_download14290634027059767823bin
[        ] Downloading https://repo.maven.apache.org/maven2/org/jetbrains/kotlin/kotlin-scripting-common/1.7.10/kotlin-scripting-common-1.7.10.pom to /home/runner/.gradle/.tmp/gradle_download1620432942066284787bin
[        ] Resource missing. [HTTP GET: https://dl.google.com/dl/android/maven2/org/checkerframework/checker-qual/3.5.0/checker-qual-3.5.0.pom]
[        ] Downloading https://repo.maven.apache.org/maven2/org/checkerframework/checker-qual/3.5.0/checker-qual-3.5.0.pom to /home/runner/.gradle/.tmp/gradle_download4418704923299241888bin
[        ] Resource missing. [HTTP GET: https://dl.google.com/dl/android/maven2/xml-apis/xml-apis/1.4.01/xml-apis-1.4.01.pom]
[        ] Downloading https://repo.maven.apache.org/maven2/xml-apis/xml-apis/1.4.01/xml-apis-1.4.01.pom to /home/runner/.gradle/.tmp/gradle_download2617262343325189175bin
[        ] Resource missing. [HTTP GET: https://dl.google.com/dl/android/maven2/org/jetbrains/kotlin/kotlin-stdlib-common/1.9.10/kotlin-stdlib-common-1.9.10.pom]
[        ] Downloading https://repo.maven.apache.org/maven2/org/jetbrains/kotlin/kotlin-stdlib-common/1.9.10/kotlin-stdlib-common-1.9.10.pom to /home/runner/.gradle/.tmp/gradle_download10328201011387554926bin
[        ] Resource missing. [HTTP GET: https://dl.google.com/dl/android/maven2/io/grpc/grpc-context/1.39.0/grpc-context-1.39.0.pom]
[        ] Downloading https://repo.maven.apache.org/maven2/io/grpc/grpc-context/1.39.0/grpc-context-1.39.0.pom to /home/runner/.gradle/.tmp/gradle_download246424063336472171bin
[        ] Resource missing. [HTTP GET: https://dl.google.com/dl/android/maven2/io/netty/netty-codec/4.1.52.Final/netty-codec-4.1.52.Final.pom]
[        ] Resource missing. [HTTP GET: https://dl.google.com/dl/android/maven2/io/netty/netty-buffer/4.1.52.Final/netty-buffer-4.1.52.Final.pom]
[        ] Resource missing. [HTTP GET: https://dl.google.com/dl/android/maven2/io/netty/netty-common/4.1.52.Final/netty-common-4.1.52.Final.pom]
[        ] Resource missing. [HTTP GET: https://dl.google.com/dl/android/maven2/io/netty/netty-transport/4.1.52.Final/netty-transport-4.1.52.Final.pom]
[        ] Downloading https://repo.maven.apache.org/maven2/io/netty/netty-buffer/4.1.52.Final/netty-buffer-4.1.52.Final.pom to /home/runner/.gradle/.tmp/gradle_download7115265818967762246bin
[        ] Downloading https://repo.maven.apache.org/maven2/io/netty/netty-common/4.1.52.Final/netty-common-4.1.52.Final.pom to /home/runner/.gradle/.tmp/gradle_download6937028550837697943bin
[        ] Downloading https://repo.maven.apache.org/maven2/io/netty/netty-codec/4.1.52.Final/netty-codec-4.1.52.Final.pom to /home/runner/.gradle/.tmp/gradle_download4961966020136707822bin
[        ] Downloading https://repo.maven.apache.org/maven2/io/netty/netty-transport/4.1.52.Final/netty-transport-4.1.52.Final.pom to /home/runner/.gradle/.tmp/gradle_download13543398790844811492bin
[        ] Resource missing. [HTTP GET: https://dl.google.com/dl/android/maven2/io/netty/netty-codec-http/4.1.52.Final/netty-codec-http-4.1.52.Final.pom]
[        ] Resource missing. [HTTP GET: https://dl.google.com/dl/android/maven2/io/netty/netty-handler/4.1.52.Final/netty-handler-4.1.52.Final.pom]
[        ] Downloading https://repo.maven.apache.org/maven2/io/netty/netty-handler/4.1.52.Final/netty-handler-4.1.52.Final.pom to /home/runner/.gradle/.tmp/gradle_download10055832524122716832bin
[        ] Downloading https://repo.maven.apache.org/maven2/io/netty/netty-codec-http/4.1.52.Final/netty-codec-http-4.1.52.Final.pom to /home/runner/.gradle/.tmp/gradle_download10699282350541481507bin
[        ] Resource missing. [HTTP GET: https://dl.google.com/dl/android/maven2/io/netty/netty-codec-socks/4.1.52.Final/netty-codec-socks-4.1.52.Final.pom]
[        ] Downloading https://repo.maven.apache.org/maven2/io/netty/netty-codec-socks/4.1.52.Final/netty-codec-socks-4.1.52.Final.pom to /home/runner/.gradle/.tmp/gradle_download4244164409743348297bin
[        ] Resource missing. [HTTP GET: https://dl.google.com/dl/android/maven2/io/netty/netty-resolver/4.1.52.Final/netty-resolver-4.1.52.Final.pom]
[        ] Downloading https://repo.maven.apache.org/maven2/io/netty/netty-resolver/4.1.52.Final/netty-resolver-4.1.52.Final.pom to /home/runner/.gradle/.tmp/gradle_download4557616449759554051bin
[        ] Downloading https://repo.maven.apache.org/maven2/org/jetbrains/kotlin/kotlin-gradle-plugin/1.7.10/kotlin-gradle-plugin-1.7.10-gradle70.jar to /home/runner/.gradle/.tmp/gradle_download10244161260125213827bin
[        ] Downloading https://dl.google.com/dl/android/maven2/com/android/tools/sdklib/30.3.0/sdklib-30.3.0.jar to /home/runner/.gradle/.tmp/gradle_download3347619060099365555bin
[        ] Downloading https://dl.google.com/dl/android/maven2/com/android/tools/sdk-common/30.3.0/sdk-common-30.3.0.jar to /home/runner/.gradle/.tmp/gradle_download9399738300732125446bin
[        ] Downloading https://dl.google.com/dl/android/maven2/com/android/tools/lint/lint-model/30.3.0/lint-model-30.3.0.jar to /home/runner/.gradle/.tmp/gradle_download8138197951124682889bin
[        ] Downloading https://dl.google.com/dl/android/maven2/com/android/tools/build/builder-test-api/7.3.0/builder-test-api-7.3.0.jar to /home/runner/.gradle/.tmp/gradle_download11013039041475962846bin
[        ] Downloading https://dl.google.com/dl/android/maven2/com/android/tools/build/aaptcompiler/7.3.0/aaptcompiler-7.3.0.jar to /home/runner/.gradle/.tmp/gradle_download17199871753611974778bin
[        ] Downloading https://dl.google.com/dl/android/maven2/com/android/tools/analytics-library/tracker/30.3.0/tracker-30.3.0.jar to /home/runner/.gradle/.tmp/gradle_download1555264985650990678bin
[        ] Downloading https://dl.google.com/dl/android/maven2/com/android/tools/ddms/ddmlib/30.3.0/ddmlib-30.3.0.jar to /home/runner/.gradle/.tmp/gradle_download2440353023248958125bin
[        ] Downloading https://dl.google.com/dl/android/maven2/androidx/databinding/databinding-compiler-common/7.3.0/databinding-compiler-common-7.3.0.jar to /home/runner/.gradle/.tmp/gradle_download1562669311529971820bin
[        ] Downloading https://dl.google.com/dl/android/maven2/com/android/tools/repository/30.3.0/repository-30.3.0.jar to /home/runner/.gradle/.tmp/gradle_download2638722432396366122bin
[        ] Downloading https://dl.google.com/dl/android/maven2/com/android/tools/layoutlib/layoutlib-api/30.3.0/layoutlib-api-30.3.0.jar to /home/runner/.gradle/.tmp/gradle_download7003822759202819243bin
[        ] Downloading https://dl.google.com/dl/android/maven2/com/android/tools/analytics-library/shared/30.3.0/shared-30.3.0.jar to /home/runner/.gradle/.tmp/gradle_download6509794556994524828bin
[        ] Downloading https://dl.google.com/dl/android/maven2/com/android/tools/dvlib/30.3.0/dvlib-30.3.0.jar to /home/runner/.gradle/.tmp/gradle_download18151191533862586719bin
[        ] Downloading https://dl.google.com/dl/android/maven2/com/android/tools/utp/android-test-plugin-host-retention-proto/30.3.0/android-test-plugin-host-retention-proto-30.3.0.jar to /home/runner/.gradle/.tmp/gradle_download732614364875401428bin
[        ] Downloading https://repo.maven.apache.org/maven2/org/jetbrains/kotlin/kotlin-stdlib-jdk8/1.5.31/kotlin-stdlib-jdk8-1.5.31.jar to /home/runner/.gradle/.tmp/gradle_download5328724937781253383bin
[        ] Downloading https://dl.google.com/dl/android/maven2/com/android/tools/common/30.3.0/common-30.3.0.jar to /home/runner/.gradle/.tmp/gradle_download2160120889916928312bin
[        ] Downloading https://repo.maven.apache.org/maven2/org/jetbrains/kotlin/kotlin-reflect/1.9.10/kotlin-reflect-1.9.10.jar to /home/runner/.gradle/.tmp/gradle_download13924926266399933173bin
[        ] Downloading https://repo.maven.apache.org/maven2/org/jetbrains/kotlin/kotlin-stdlib/1.9.10/kotlin-stdlib-1.9.10.jar to /home/runner/.gradle/.tmp/gradle_download4785710618483599006bin
[        ] Downloading https://repo.maven.apache.org/maven2/org/jetbrains/kotlin/kotlin-stdlib-jdk7/1.5.31/kotlin-stdlib-jdk7-1.5.31.jar to /home/runner/.gradle/.tmp/gradle_download4291488370769698695bin
[        ] Downloading https://repo.maven.apache.org/maven2/org/jetbrains/kotlin/kotlin-stdlib-common/1.9.10/kotlin-stdlib-common-1.9.10.jar to /home/runner/.gradle/.tmp/gradle_download15886957288743244151bin
[        ] Downloading https://repo.maven.apache.org/maven2/org/jetbrains/annotations/13.0/annotations-13.0.jar to /home/runner/.gradle/.tmp/gradle_download16256378416750484239bin
[        ] Downloading https://dl.google.com/dl/android/maven2/com/android/tools/build/bundletool/1.9.0/bundletool-1.9.0.jar to /home/runner/.gradle/.tmp/gradle_download12120541077803534525bin
[        ] Downloading https://dl.google.com/dl/android/maven2/com/android/tools/build/aapt2-proto/7.3.0-8691043/aapt2-proto-7.3.0-8691043.jar to /home/runner/.gradle/.tmp/gradle_download9270399222892162150bin
[        ] Downloading https://dl.google.com/dl/android/maven2/com/android/tools/analytics-library/crash/30.3.0/crash-30.3.0.jar to /home/runner/.gradle/.tmp/gradle_download14531848896557559320bin
[        ] Downloading https://dl.google.com/dl/android/maven2/com/android/tools/lint/lint-typedef-remover/30.3.0/lint-typedef-remover-30.3.0.jar to /home/runner/.gradle/.tmp/gradle_download15055420270110199962bin
[        ] Downloading https://dl.google.com/dl/android/maven2/androidx/databinding/databinding-common/7.3.0/databinding-common-7.3.0.jar to /home/runner/.gradle/.tmp/gradle_download14006670105955145990bin
[        ] Downloading https://dl.google.com/dl/android/maven2/com/android/databinding/baseLibrary/7.3.0/baseLibrary-7.3.0.jar to /home/runner/.gradle/.tmp/gradle_download6890919366659031005bin
[        ] Downloading https://dl.google.com/dl/android/maven2/com/android/tools/utp/android-test-plugin-host-additional-test-output-proto/30.3.0/android-test-plugin-host-additional-test-output-proto-30.3.0.jar to /home/runner/.gradle/.tmp/gradle_download2951671865756828269bin
[        ] Downloading https://dl.google.com/dl/android/maven2/com/android/tools/utp/android-device-provider-ddmlib-proto/30.3.0/android-device-provider-ddmlib-proto-30.3.0.jar to /home/runner/.gradle/.tmp/gradle_download13954758247598234091bin
[        ] Downloading https://dl.google.com/dl/android/maven2/com/android/tools/utp/android-device-provider-gradle-proto/30.3.0/android-device-provider-gradle-proto-30.3.0.jar to /home/runner/.gradle/.tmp/gradle_download10336617456234721059bin
[        ] Downloading https://repo.maven.apache.org/maven2/commons-io/commons-io/2.4/commons-io-2.4.jar to /home/runner/.gradle/.tmp/gradle_download17388142864666029886bin
[        ] Downloading https://dl.google.com/dl/android/maven2/com/android/tools/utp/android-test-plugin-result-listener-gradle-proto/30.3.0/android-test-plugin-result-listener-gradle-proto-30.3.0.jar to /home/runner/.gradle/.tmp/gradle_download11250105684060043231bin
[        ] Downloading https://dl.google.com/dl/android/maven2/com/android/tools/utp/android-test-plugin-host-coverage-proto/30.3.0/android-test-plugin-host-coverage-proto-30.3.0.jar to /home/runner/.gradle/.tmp/gradle_download17776661883850414455bin
[        ] Downloading https://repo.maven.apache.org/maven2/org/ow2/asm/asm-commons/9.1/asm-commons-9.1.jar to /home/runner/.gradle/.tmp/gradle_download13467741730181536319bin
[        ] Downloading https://repo.maven.apache.org/maven2/org/ow2/asm/asm-util/9.1/asm-util-9.1.jar to /home/runner/.gradle/.tmp/gradle_download8582324109919088792bin
[        ] Downloading https://repo.maven.apache.org/maven2/org/ow2/asm/asm-analysis/9.1/asm-analysis-9.1.jar to /home/runner/.gradle/.tmp/gradle_download17905022425933154078bin
[        ] Downloading https://repo.maven.apache.org/maven2/org/ow2/asm/asm-tree/9.1/asm-tree-9.1.jar to /home/runner/.gradle/.tmp/gradle_download14845779399368007889bin
[        ] Downloading https://repo.maven.apache.org/maven2/io/grpc/grpc-protobuf/1.39.0/grpc-protobuf-1.39.0.jar to /home/runner/.gradle/.tmp/gradle_download10909675166475972097bin
[        ] Downloading https://repo.maven.apache.org/maven2/com/google/protobuf/protobuf-java-util/3.17.2/protobuf-java-util-3.17.2.jar to /home/runner/.gradle/.tmp/gradle_download542291631192532701bin
[        ] Downloading https://repo.maven.apache.org/maven2/com/google/crypto/tink/tink/1.3.0-rc2/tink-1.3.0-rc2.jar to /home/runner/.gradle/.tmp/gradle_download13636033957368698235bin
[        ] Downloading https://repo.maven.apache.org/maven2/com/google/api/grpc/proto-google-common-protos/2.0.1/proto-google-common-protos-2.0.1.jar to /home/runner/.gradle/.tmp/gradle_download16773215047637787157bin
[        ] Downloading https://dl.google.com/dl/android/maven2/com/android/tools/analytics-library/protos/30.3.0/protos-30.3.0.jar to /home/runner/.gradle/.tmp/gradle_download2467321196432059471bin
[        ] Downloading https://repo.maven.apache.org/maven2/com/google/protobuf/protobuf-java/3.17.2/protobuf-java-3.17.2.jar to /home/runner/.gradle/.tmp/gradle_download1742360036866785295bin
[        ] Downloading https://repo.maven.apache.org/maven2/io/grpc/grpc-netty/1.39.0/grpc-netty-1.39.0.jar to /home/runner/.gradle/.tmp/gradle_download15564888362164943724bin
[        ] Downloading https://repo.maven.apache.org/maven2/io/grpc/grpc-core/1.39.0/grpc-core-1.39.0.jar to /home/runner/.gradle/.tmp/gradle_download15522996032493265746bin
[        ] Downloading https://repo.maven.apache.org/maven2/org/jetbrains/kotlin/kotlin-tooling-metadata/1.7.10/kotlin-tooling-metadata-1.7.10.jar to /home/runner/.gradle/.tmp/gradle_download6876966255957768174bin
[        ] Downloading https://repo.maven.apache.org/maven2/com/google/code/gson/gson/2.8.9/gson-2.8.9.jar to /home/runner/.gradle/.tmp/gradle_download16135386044296396919bin
[        ] Downloading https://repo.maven.apache.org/maven2/io/grpc/grpc-stub/1.39.0/grpc-stub-1.39.0.jar to /home/runner/.gradle/.tmp/gradle_download14091182266394637023bin
[        ] Downloading https://dl.google.com/dl/android/maven2/com/google/testing/platform/core-proto/0.0.8-alpha07/core-proto-0.0.8-alpha07.jar to /home/runner/.gradle/.tmp/gradle_download797503856516398182bin
[        ] Downloading https://repo.maven.apache.org/maven2/org/jetbrains/kotlin/kotlin-gradle-plugin-model/1.7.10/kotlin-gradle-plugin-model-1.7.10.jar to /home/runner/.gradle/.tmp/gradle_download5081122723538998293bin
[        ] Downloading https://repo.maven.apache.org/maven2/org/jetbrains/kotlin/kotlin-gradle-plugin-api/1.7.10/kotlin-gradle-plugin-api-1.7.10-gradle70.jar to /home/runner/.gradle/.tmp/gradle_download5244501120492526836bin
[        ] Downloading https://repo.maven.apache.org/maven2/org/jetbrains/kotlin/kotlin-gradle-plugin-api/1.7.10/kotlin-gradle-plugin-api-1.7.10.jar to /home/runner/.gradle/.tmp/gradle_download10527094889739527646bin
[        ] Downloading https://repo.maven.apache.org/maven2/org/jetbrains/kotlin/kotlin-project-model/1.7.10/kotlin-project-model-1.7.10.jar to /home/runner/.gradle/.tmp/gradle_download2988322355531905592bin
[        ] Downloading https://repo.maven.apache.org/maven2/org/jetbrains/kotlin/kotlin-tooling-core/1.7.10/kotlin-tooling-core-1.7.10.jar to /home/runner/.gradle/.tmp/gradle_download634677477350255228bin
[        ] Downloading https://repo.maven.apache.org/maven2/org/jetbrains/kotlin/kotlin-util-klib/1.7.10/kotlin-util-klib-1.7.10.jar to /home/runner/.gradle/.tmp/gradle_download7429158314652824905bin
[        ] Downloading https://repo.maven.apache.org/maven2/org/jetbrains/kotlin/kotlin-klib-commonizer-api/1.7.10/kotlin-klib-commonizer-api-1.7.10.jar to /home/runner/.gradle/.tmp/gradle_download8170011742823722964bin
[        ] Downloading https://repo.maven.apache.org/maven2/org/jetbrains/kotlin/kotlin-gradle-plugin-idea/1.7.10/kotlin-gradle-plugin-idea-1.7.10.jar to /home/runner/.gradle/.tmp/gradle_download17677573478573228256bin
[        ] Downloading https://repo.maven.apache.org/maven2/io/grpc/grpc-protobuf-lite/1.39.0/grpc-protobuf-lite-1.39.0.jar to /home/runner/.gradle/.tmp/gradle_download2408321871464346657bin
[        ] Downloading https://repo.maven.apache.org/maven2/com/google/guava/guava/30.1-jre/guava-30.1-jre.jar to /home/runner/.gradle/.tmp/gradle_download9381856768609255079bin
[        ] Downloading https://repo.maven.apache.org/maven2/de/undercouch/gradle-download-task/4.1.1/gradle-download-task-4.1.1.jar to /home/runner/.gradle/.tmp/gradle_download9668830988924859112bin
[        ] Downloading https://repo.maven.apache.org/maven2/io/grpc/grpc-api/1.39.0/grpc-api-1.39.0.jar to /home/runner/.gradle/.tmp/gradle_download3420022355533462084bin
[        ] Downloading https://repo.maven.apache.org/maven2/com/github/gundy/semver4j/0.16.4/semver4j-0.16.4-nodeps.jar to /home/runner/.gradle/.tmp/gradle_download4895979175321918336bin
[   +1 ms] Downloading https://repo.maven.apache.org/maven2/org/jetbrains/kotlin/kotlin-annotation-processing-gradle/1.7.10/kotlin-annotation-processing-gradle-1.7.10.jar to /home/runner/.gradle/.tmp/gradle_download5621213706594928787bin
[        ] Downloading https://repo.maven.apache.org/maven2/org/jetbrains/kotlin/kotlin-android-extensions/1.7.10/kotlin-android-extensions-1.7.10.jar to /home/runner/.gradle/.tmp/gradle_download14709502494851582035bin
[        ] Downloading https://repo.maven.apache.org/maven2/org/jetbrains/kotlin/kotlin-compiler-runner/1.7.10/kotlin-compiler-runner-1.7.10.jar to /home/runner/.gradle/.tmp/gradle_download10085917381361270160bin
[        ] Downloading https://repo.maven.apache.org/maven2/org/jetbrains/kotlin/kotlin-compiler-embeddable/1.7.10/kotlin-compiler-embeddable-1.7.10.jar to /home/runner/.gradle/.tmp/gradle_download146824634473532154bin
[        ] Downloading https://repo.maven.apache.org/maven2/org/jetbrains/kotlin/kotlin-scripting-compiler-embeddable/1.7.10/kotlin-scripting-compiler-embeddable-1.7.10.jar to /home/runner/.gradle/.tmp/gradle_download11660953381630602621bin
[        ] Downloading https://repo.maven.apache.org/maven2/org/jetbrains/kotlin/kotlin-scripting-compiler-impl-embeddable/1.7.10/kotlin-scripting-compiler-impl-embeddable-1.7.10.jar to /home/runner/.gradle/.tmp/gradle_download6524456791816768553bin
[        ] Downloading https://repo.maven.apache.org/maven2/xerces/xercesImpl/2.12.0/xercesImpl-2.12.0.jar to /home/runner/.gradle/.tmp/gradle_download5539724498469139587bin
[        ] Downloading https://repo.maven.apache.org/maven2/org/apache/commons/commons-compress/1.20/commons-compress-1.20.jar to /home/runner/.gradle/.tmp/gradle_download3818309881425523778bin
[        ] Downloading https://repo.maven.apache.org/maven2/org/apache/httpcomponents/httpclient/4.5.13/httpclient-4.5.13.jar to /home/runner/.gradle/.tmp/gradle_download6420982563028580191bin
[        ] Downloading https://repo.maven.apache.org/maven2/org/apache/httpcomponents/httpcore/4.4.13/httpcore-4.4.13.jar to /home/runner/.gradle/.tmp/gradle_download17330202965539041298bin
[        ] Downloading https://dl.google.com/dl/android/maven2/com/android/signflinger/7.3.0/signflinger-7.3.0.jar to /home/runner/.gradle/.tmp/gradle_download14102895138475942678bin
[        ] Downloading https://repo.maven.apache.org/maven2/com/google/errorprone/error_prone_annotations/2.4.0/error_prone_annotations-2.4.0.jar to /home/runner/.gradle/.tmp/gradle_download12127112849527356515bin
[        ] Downloading https://repo.maven.apache.org/maven2/org/codehaus/mojo/animal-sniffer-annotations/1.19/animal-sniffer-annotations-1.19.jar to /home/runner/.gradle/.tmp/gradle_download14723843522235976164bin
[        ] Downloading https://repo.maven.apache.org/maven2/io/perfmark/perfmark-api/0.23.0/perfmark-api-0.23.0.jar to /home/runner/.gradle/.tmp/gradle_download5094678238317965054bin
[        ] Downloading https://repo.maven.apache.org/maven2/io/netty/netty-codec-http2/4.1.52.Final/netty-codec-http2-4.1.52.Final.jar to /home/runner/.gradle/.tmp/gradle_download13986862505140835638bin
[        ] Downloading https://repo.maven.apache.org/maven2/io/netty/netty-handler-proxy/4.1.52.Final/netty-handler-proxy-4.1.52.Final.jar to /home/runner/.gradle/.tmp/gradle_download8954167486869339269bin
[        ] Downloading https://dl.google.com/dl/android/maven2/com/android/tools/annotations/30.3.0/annotations-30.3.0.jar to /home/runner/.gradle/.tmp/gradle_download1836035720338586123bin
[        ] Downloading https://repo.maven.apache.org/maven2/org/json/json/20180813/json-20180813.jar to /home/runner/.gradle/.tmp/gradle_download6451647559081590727bin
[        ] Downloading https://repo.maven.apache.org/maven2/org/checkerframework/checker-qual/3.5.0/checker-qual-3.5.0.jar to /home/runner/.gradle/.tmp/gradle_download6520172954138475101bin
[        ] Downloading https://repo.maven.apache.org/maven2/it/unimi/dsi/fastutil/8.4.0/fastutil-8.4.0.jar to /home/runner/.gradle/.tmp/gradle_download9711069480439916439bin
[        ] Downloading https://repo.maven.apache.org/maven2/com/googlecode/json-simple/json-simple/1.1/json-simple-1.1.jar to /home/runner/.gradle/.tmp/gradle_download7638840706159063181bin
[        ] Downloading https://repo.maven.apache.org/maven2/org/jetbrains/kotlin/kotlin-native-utils/1.7.10/kotlin-native-utils-1.7.10.jar to /home/runner/.gradle/.tmp/gradle_download1752886935835002532bin
[        ] Downloading https://repo.maven.apache.org/maven2/org/jetbrains/kotlin/kotlin-util-io/1.7.10/kotlin-util-io-1.7.10.jar to /home/runner/.gradle/.tmp/gradle_download13191646503062517525bin
[        ] Downloading https://repo.maven.apache.org/maven2/org/jetbrains/kotlin/kotlin-daemon-embeddable/1.7.10/kotlin-daemon-embeddable-1.7.10.jar to /home/runner/.gradle/.tmp/gradle_download18045730516892864943bin
[        ] Downloading https://repo.maven.apache.org/maven2/org/jetbrains/kotlin/kotlin-build-common/1.7.10/kotlin-build-common-1.7.10.jar to /home/runner/.gradle/.tmp/gradle_download882826646885653242bin
[        ] Downloading https://repo.maven.apache.org/maven2/org/jetbrains/kotlin/kotlin-scripting-jvm/1.7.10/kotlin-scripting-jvm-1.7.10.jar to /home/runner/.gradle/.tmp/gradle_download1672105337406965982bin
[        ] Downloading https://repo.maven.apache.org/maven2/org/jetbrains/kotlin/kotlin-daemon-client/1.7.10/kotlin-daemon-client-1.7.10.jar to /home/runner/.gradle/.tmp/gradle_download1584778733874401076bin
[        ] Downloading https://repo.maven.apache.org/maven2/org/jetbrains/kotlin/kotlin-scripting-common/1.7.10/kotlin-scripting-common-1.7.10.jar to /home/runner/.gradle/.tmp/gradle_download5481577584552935994bin
[   +3 ms] Downloading https://repo.maven.apache.org/maven2/com/google/j2objc/j2objc-annotations/1.3/j2objc-annotations-1.3.jar to /home/runner/.gradle/.tmp/gradle_download13855025867986754440bin
[        ] Downloading https://repo.maven.apache.org/maven2/xml-apis/xml-apis/1.4.01/xml-apis-1.4.01.jar to /home/runner/.gradle/.tmp/gradle_download6631395297954566206bin
[        ] Downloading https://repo.maven.apache.org/maven2/io/grpc/grpc-context/1.39.0/grpc-context-1.39.0.jar to /home/runner/.gradle/.tmp/gradle_download12781041709368490823bin
[        ] Downloading https://repo.maven.apache.org/maven2/io/netty/netty-codec-http/4.1.52.Final/netty-codec-http-4.1.52.Final.jar to /home/runner/.gradle/.tmp/gradle_download13347153591375725873bin
[        ] Downloading https://repo.maven.apache.org/maven2/io/netty/netty-handler/4.1.52.Final/netty-handler-4.1.52.Final.jar to /home/runner/.gradle/.tmp/gradle_download14438396478812323558bin
[        ] Downloading https://repo.maven.apache.org/maven2/io/netty/netty-codec-socks/4.1.52.Final/netty-codec-socks-4.1.52.Final.jar to /home/runner/.gradle/.tmp/gradle_download11751748613551890429bin
[        ] Downloading https://repo.maven.apache.org/maven2/io/netty/netty-codec/4.1.52.Final/netty-codec-4.1.52.Final.jar to /home/runner/.gradle/.tmp/gradle_download12948399208757156543bin
[        ] Downloading https://repo.maven.apache.org/maven2/io/netty/netty-transport/4.1.52.Final/netty-transport-4.1.52.Final.jar to /home/runner/.gradle/.tmp/gradle_download15712764529033746914bin
[        ] Downloading https://repo.maven.apache.org/maven2/io/netty/netty-resolver/4.1.52.Final/netty-resolver-4.1.52.Final.jar to /home/runner/.gradle/.tmp/gradle_download6869246239291507505bin
[        ] Downloading https://repo.maven.apache.org/maven2/io/netty/netty-buffer/4.1.52.Final/netty-buffer-4.1.52.Final.jar to /home/runner/.gradle/.tmp/gradle_download10991356235038640697bin
[        ] Downloading https://repo.maven.apache.org/maven2/io/netty/netty-common/4.1.52.Final/netty-common-4.1.52.Final.jar to /home/runner/.gradle/.tmp/gradle_download7793252558546292654bin
[        ] Cannot use Kotlin build script compile avoidance with /home/runner/.gradle/caches/modules-2/files-2.1/com.android.tools.build/gradle/7.3.0/be9ab65ed6851ea58950c9a9e67216c3309bdc32/gradle-7.3.0.jar: class com/android/build/gradle/internal/services/BuildServicesKt: inline fun getBuildService(): compile avoidance is not supported with public inline functions
[        ] Cannot use Kotlin build script compile avoidance with /home/runner/.gradle/caches/modules-2/files-2.1/org.jetbrains.kotlin/kotlin-gradle-plugin/1.7.10/52d0e04736f3783285b0fc868874f58c05af8bd8/kotlin-gradle-plugin-1.7.10-gradle70.jar: class org/jetbrains/kotlin/tooling/core/ClosureKt: inline fun closure(): compile avoidance is not supported with public inline functions
[        ] Cannot use Kotlin build script compile avoidance with /home/runner/.gradle/caches/modules-2/files-2.1/com.android.tools/common/30.3.0/b260eadda04c873a1ff04c7ef15d7e63ebb118be/common-30.3.0.jar: class com/android/utils/NodeCollectionHelperKt: inline fun forEach(): compile avoidance is not supported with public inline functions
[        ] Cannot use Kotlin build script compile avoidance with /home/runner/.gradle/caches/modules-2/files-2.1/com.android.tools.build/bundletool/1.9.0/e144fc87490d12ee601c79dbcb60798a23d1b702/bundletool-1.9.0.jar: class shadow/bundletool/com/android/utils/NodeCollectionHelperKt: inline fun forEach(): compile avoidance is not supported with public inline functions
[        ] Cannot use Kotlin build script compile avoidance with /home/runner/.gradle/caches/modules-2/files-2.1/org.jetbrains.kotlin/kotlin-tooling-core/1.7.10/8fc54e880cf9ea73396f2844a2d3aa76bdcbcfbb/kotlin-tooling-core-1.7.10.jar: class org/jetbrains/kotlin/tooling/core/ClosureKt: inline fun closure(): compile avoidance is not supported with public inline functions
[        ] Cannot use Kotlin build script compile avoidance with /home/runner/.gradle/caches/modules-2/files-2.1/org.jetbrains.kotlin/kotlin-gradle-plugin-idea/1.7.10/9b37a1ebe7a7e1886e48eba7ebacf49d72121fd3/kotlin-gradle-plugin-idea-1.7.10.jar: class org/jetbrains/kotlin/gradle/kpm/KotlinExternalModelIdKt: inline fun KotlinExternalModelId(): compile avoidance is not supported with public inline functions
[        ] Cannot use Kotlin build script compile avoidance with /home/runner/.gradle/caches/modules-2/files-2.1/org.jetbrains.kotlin/kotlin-annotation-processing-gradle/1.7.10/e1d645a739463b61ce1980f67068d8ab9b16fef5/kotlin-annotation-processing-gradle-1.7.10.jar: class org/jetbrains/kotlin/kapt3/base/JavacListUtilsKt: inline fun mapJList(): compile avoidance is not supported with public inline functions
[        ] Cannot use Kotlin build script compile avoidance with /home/runner/.gradle/caches/modules-2/files-2.1/org.jetbrains.kotlin/kotlin-android-extensions/1.7.10/6f72eaede229ab1f700f8a3583f7bef832b56f48/kotlin-android-extensions-1.7.10.jar: class org/jetbrains/kotlin/android/parcel/ir/IrUtilsKt: inline fun forUntil(): compile avoidance is not supported with public inline functions
[        ] Cannot use Kotlin build script compile avoidance with /home/runner/.gradle/caches/modules-2/files-2.1/org.jetbrains.kotlin/kotlin-compiler-embeddable/1.7.10/909803167c98606fcf22b4c848647c68e351d48d/kotlin-compiler-embeddable-1.7.10.jar: class org/jetbrains/kotlin/KtSourceElementKt: inline fun toKtLightSourceElement(): compile avoidance is not supported with public inline functions
[        ] Cannot use Kotlin build script compile avoidance with /home/runner/.gradle/caches/modules-2/files-2.1/org.jetbrains.kotlin/kotlin-scripting-compiler-embeddable/1.7.10/a72ad70dab380867376418e72dfbe290e6dcd63d/kotlin-scripting-compiler-embeddable-1.7.10.jar: class org/jetbrains/kotlin/scripting/compiler/plugin/impl/JvmCompilationUtilKt: inline fun withMessageCollector(): compile avoidance is not supported with public inline functions
[        ] Cannot use Kotlin build script compile avoidance with /home/runner/.gradle/caches/modules-2/files-2.1/org.jetbrains.kotlin/kotlin-scripting-compiler-impl-embeddable/1.7.10/e8d55cf4b9d9bbcd403e4d860846549f3b4d6dde/kotlin-scripting-compiler-impl-embeddable-1.7.10.jar: class org/jetbrains/kotlin/scripting/definitions/DefinitionsKt: inline fun runReadAction(): compile avoidance is not supported with public inline functions
[        ] Cannot use Kotlin build script compile avoidance with /home/runner/.gradle/caches/modules-2/files-2.1/org.jetbrains.kotlin/kotlin-util-io/1.7.10/fdcfe10a398c931a5770ca45cffdd245112ca949/kotlin-util-io-1.7.10.jar: class org/jetbrains/kotlin/konan/file/FileKt: inline fun use(): compile avoidance is not supported with public inline functions
[        ] Cannot use Kotlin build script compile avoidance with /home/runner/.gradle/caches/modules-2/files-2.1/org.jetbrains.kotlin/kotlin-daemon-embeddable/1.7.10/3a9f7aef7080d3ae63126cbba4f827ed664f32fa/kotlin-daemon-embeddable-1.7.10.jar: class org/jetbrains/kotlin/daemon/CompileServiceImplBase: inline fun checkedCompile(): compile avoidance is not supported with public inline functions
[        ] Cannot use Kotlin build script compile avoidance with /home/runner/.gradle/caches/modules-2/files-2.1/org.jetbrains.kotlin/kotlin-build-common/1.7.10/ac8d44a03072ec9563d3cdda87929b24920c097f/kotlin-build-common-1.7.10.jar: class org/jetbrains/kotlin/build/SerializationUtilsKt: inline fun deserializeFromPlainText(): compile avoidance is not supported with public inline functions
[        ] Cannot use Kotlin build script compile avoidance with /home/runner/.gradle/caches/modules-2/files-2.1/org.jetbrains.kotlin/kotlin-daemon-client/1.7.10/f10e62104d02f7f2a25a41675453fc1258155945/kotlin-daemon-client-1.7.10.jar: class org/jetbrains/kotlin/daemon/common/DaemonParamsKt: inline fun findWithTransform(): compile avoidance is not supported with public inline functions
[        ] Cannot use Kotlin build script compile avoidance with /home/runner/.gradle/caches/modules-2/files-2.1/org.jetbrains.kotlin/kotlin-scripting-jvm/1.7.10/c1e3bade3e9795023867dce31404736995037e4f/kotlin-scripting-jvm-1.7.10.jar: class kotlin/script/experimental/jvm/util/JvmClasspathUtilKt: inline fun classpathFromClass(): compile avoidance is not supported with public inline functions
[        ] Cannot use Kotlin build script compile avoidance with /home/runner/.gradle/caches/modules-2/files-2.1/org.jetbrains.kotlin/kotlin-scripting-common/1.7.10/bddf009658701ba5fb98e40e7877dcce7d8695ee/kotlin-scripting-common-1.7.10.jar: class kotlin/script/experimental/api/ErrorHandlingKt: inline fun flatMapSuccess(): compile avoidance is not supported with public inline functions
[        ] Caching disabled for Kotlin DSL script compilation (Project/ScriptPlugin/stage2) because:
[        ]   Build cache is disabled
[        ] Kotlin DSL script compilation (Project/ScriptPlugin/stage2) is not up-to-date because:
[        ]   No history is available.
[        ] Caching disabled for Kotlin DSL script compilation (Project/ScriptPlugin/stage1) because:
[        ]   Build cache is disabled
[        ] Kotlin DSL script compilation (Project/ScriptPlugin/stage1) is not up-to-date because:
[        ]   No history is available.
[        ] Compiling build file '/home/runner/work/Meka/Meka/Android APP/android/app/build.gradle' using BuildScriptTransformer.
[+1950 ms] > Configure project :flutter_tts
[        ] Evaluating project ':flutter_tts' using build file '/home/runner/.pub-cache/hosted/pub.dev/flutter_tts-3.8.5/android/build.gradle'.
[        ] Compiling build file '/home/runner/.pub-cache/hosted/pub.dev/flutter_tts-3.8.5/android/build.gradle' using SubsetScriptTransformer.
[        ] Resource missing. [HTTP GET: https://dl.google.com/dl/android/maven2/org/jetbrains/kotlin/kotlin-gradle-plugin/1.8.20/kotlin-gradle-plugin-1.8.20.pom]
[        ] Downloading https://repo.maven.apache.org/maven2/org/jetbrains/kotlin/kotlin-gradle-plugin/1.8.20/kotlin-gradle-plugin-1.8.20.pom to /home/runner/.gradle/.tmp/gradle_download7947647189981882117bin
[        ] Downloading https://dl.google.com/dl/android/maven2/com/android/tools/build/gradle/8.0.2/gradle-8.0.2.pom to /home/runner/.gradle/.tmp/gradle_download5514941878554692606bin
[        ] Resource missing. [HTTP GET: https://dl.google.com/dl/android/maven2/org/jetbrains/kotlin/kotlin-gradle-plugins-bom/1.8.20/kotlin-gradle-plugins-bom-1.8.20.pom]
[        ] Downloading https://repo.maven.apache.org/maven2/org/jetbrains/kotlin/kotlin-gradle-plugins-bom/1.8.20/kotlin-gradle-plugins-bom-1.8.20.pom to /home/runner/.gradle/.tmp/gradle_download1073567339787176899bin
[        ] Downloading https://repo.maven.apache.org/maven2/org/jetbrains/kotlin/kotlin-gradle-plugins-bom/1.8.20/kotlin-gradle-plugins-bom-1.8.20.module to /home/runner/.gradle/.tmp/gradle_download2289453006907778867bin
[        ] Downloading https://dl.google.com/dl/android/maven2/com/android/tools/build/gradle/8.0.2/gradle-8.0.2.module to /home/runner/.gradle/.tmp/gradle_download6066904761755197829bin
[        ] Downloading https://repo.maven.apache.org/maven2/org/jetbrains/kotlin/kotlin-gradle-plugin/1.8.20/kotlin-gradle-plugin-1.8.20.module to /home/runner/.gradle/.tmp/gradle_download14760004810070794370bin
[        ] Downloading https://dl.google.com/dl/android/maven2/com/android/tools/sdklib/31.0.2/sdklib-31.0.2.pom to /home/runner/.gradle/.tmp/gradle_download4407093141140579925bin
[        ] Downloading https://dl.google.com/dl/android/maven2/com/android/tools/repository/31.0.2/repository-31.0.2.pom to /home/runner/.gradle/.tmp/gradle_download4046498646032831849bin
[        ] Downloading https://dl.google.com/dl/android/maven2/com/android/tools/sdk-common/31.0.2/sdk-common-31.0.2.pom to /home/runner/.gradle/.tmp/gradle_download11618505525701534597bin
[        ] Downloading https://dl.google.com/dl/android/maven2/com/android/tools/ddms/ddmlib/31.0.2/ddmlib-31.0.2.pom to /home/runner/.gradle/.tmp/gradle_download832896183977829392bin
[        ] Downloading https://dl.google.com/dl/android/maven2/com/android/tools/build/gradle-settings-api/8.0.2/gradle-settings-api-8.0.2.pom to /home/runner/.gradle/.tmp/gradle_download4282786802974181792bin
[        ] Downloading https://dl.google.com/dl/android/maven2/com/android/tools/build/aaptcompiler/8.0.2/aaptcompiler-8.0.2.pom to /home/runner/.gradle/.tmp/gradle_download1614783407923708469bin
[        ] Downloading https://dl.google.com/dl/android/maven2/com/android/tools/analytics-library/crash/31.0.2/crash-31.0.2.pom to /home/runner/.gradle/.tmp/gradle_download4630948844452780846bin
[        ] Downloading https://dl.google.com/dl/android/maven2/com/android/tools/analytics-library/shared/31.0.2/shared-31.0.2.pom to /home/runner/.gradle/.tmp/gradle_download15776464653640013793bin
[        ] Downloading https://dl.google.com/dl/android/maven2/com/android/tools/build/aapt2-proto/8.0.2-9289358/aapt2-proto-8.0.2-9289358.pom to /home/runner/.gradle/.tmp/gradle_download4872005846610360748bin
[        ] Downloading https://dl.google.com/dl/android/maven2/com/android/tools/lint/lint-model/31.0.2/lint-model-31.0.2.pom to /home/runner/.gradle/.tmp/gradle_download8450103898886770820bin
[        ] Downloading https://dl.google.com/dl/android/maven2/com/android/tools/build/gradle-settings-api/8.0.2/gradle-settings-api-8.0.2.module to /home/runner/.gradle/.tmp/gradle_download9676393059299955895bin
[        ] Downloading https://dl.google.com/dl/android/maven2/com/android/tools/build/aaptcompiler/8.0.2/aaptcompiler-8.0.2.module to /home/runner/.gradle/.tmp/gradle_download7051858626899102540bin
[        ] Downloading https://dl.google.com/dl/android/maven2/androidx/databinding/databinding-common/8.0.2/databinding-common-8.0.2.pom to /home/runner/.gradle/.tmp/gradle_download12555331516366966898bin
[        ] Downloading https://dl.google.com/dl/android/maven2/com/android/tools/build/aapt2-proto/8.0.2-9289358/aapt2-proto-8.0.2-9289358.module to /home/runner/.gradle/.tmp/gradle_download5969550955043417462bin
[        ] Downloading https://dl.google.com/dl/android/maven2/com/android/tools/lint/lint-typedef-remover/31.0.2/lint-typedef-remover-31.0.2.pom to /home/runner/.gradle/.tmp/gradle_download5585698510949164260bin
[        ] Downloading https://dl.google.com/dl/android/maven2/com/android/databinding/baseLibrary/8.0.2/baseLibrary-8.0.2.pom to /home/runner/.gradle/.tmp/gradle_download17852637813239890219bin
[        ] Downloading https://dl.google.com/dl/android/maven2/androidx/databinding/databinding-compiler-common/8.0.2/databinding-compiler-common-8.0.2.pom to /home/runner/.gradle/.tmp/gradle_download4115511187375942978bin
[        ] Downloading https://dl.google.com/dl/android/maven2/com/android/tools/build/builder-test-api/8.0.2/builder-test-api-8.0.2.pom to /home/runner/.gradle/.tmp/gradle_download14853483833734321739bin
[        ] Downloading https://dl.google.com/dl/android/maven2/com/android/tools/layoutlib/layoutlib-api/31.0.2/layoutlib-api-31.0.2.pom to /home/runner/.gradle/.tmp/gradle_download13691003288140983754bin
[        ] Downloading https://dl.google.com/dl/android/maven2/com/android/tools/build/builder-test-api/8.0.2/builder-test-api-8.0.2.module to /home/runner/.gradle/.tmp/gradle_download3298112155751392679bin
[        ] Downloading https://dl.google.com/dl/android/maven2/com/android/tools/utp/android-device-provider-gradle-proto/31.0.2/android-device-provider-gradle-proto-31.0.2.pom to /home/runner/.gradle/.tmp/gradle_download3637521688549023883bin
[        ] Downloading https://dl.google.com/dl/android/maven2/com/android/tools/utp/android-device-provider-ddmlib-proto/31.0.2/android-device-provider-ddmlib-proto-31.0.2.pom to /home/runner/.gradle/.tmp/gradle_download7060728999494039802bin
[        ] Downloading https://dl.google.com/dl/android/maven2/com/android/tools/utp/android-test-plugin-host-additional-test-output-proto/31.0.2/android-test-plugin-host-additional-test-output-proto-31.0.2.pom to /home/runner/.gradle/.tmp/gradle_download14530119592746518689bin
[        ] Downloading https://dl.google.com/dl/android/maven2/com/android/tools/utp/android-test-plugin-host-logcat-proto/31.0.2/android-test-plugin-host-logcat-proto-31.0.2.pom to /home/runner/.gradle/.tmp/gradle_download5493693089981148484bin
[        ] Downloading https://dl.google.com/dl/android/maven2/com/android/tools/utp/android-test-plugin-result-listener-gradle-proto/31.0.2/android-test-plugin-result-listener-gradle-proto-31.0.2.pom to /home/runner/.gradle/.tmp/gradle_download1038895601515783864bin
[        ] Downloading https://dl.google.com/dl/android/maven2/com/android/tools/utp/android-test-plugin-host-coverage-proto/31.0.2/android-test-plugin-host-coverage-proto-31.0.2.pom to /home/runner/.gradle/.tmp/gradle_download17663538981199993041bin
[        ] Resource missing. [HTTP GET: https://dl.google.com/dl/android/maven2/org/jetbrains/kotlin/kotlin-stdlib-jdk8/1.7.10/kotlin-stdlib-jdk8-1.7.10.pom]
[        ] Resource missing. [HTTP GET: https://dl.google.com/dl/android/maven2/org/ow2/asm/asm/9.2/asm-9.2.pom]
[        ] Downloading https://repo.maven.apache.org/maven2/org/jetbrains/kotlin/kotlin-stdlib-jdk8/1.7.10/kotlin-stdlib-jdk8-1.7.10.pom to /home/runner/.gradle/.tmp/gradle_download13101620623720913582bin
[        ] Resource missing. [HTTP GET: https://dl.google.com/dl/android/maven2/org/ow2/asm/asm-analysis/9.2/asm-analysis-9.2.pom]
[        ] Downloading https://dl.google.com/dl/android/maven2/com/android/tools/utp/android-test-plugin-host-retention-proto/31.0.2/android-test-plugin-host-retention-proto-31.0.2.pom to /home/runner/.gradle/.tmp/gradle_download18079551652014453723bin
[        ] Downloading https://repo.maven.apache.org/maven2/org/ow2/asm/asm-analysis/9.2/asm-analysis-9.2.pom to /home/runner/.gradle/.tmp/gradle_download16207621793418280610bin
[        ] Downloading https://repo.maven.apache.org/maven2/org/ow2/asm/asm/9.2/asm-9.2.pom to /home/runner/.gradle/.tmp/gradle_download17522486020451991683bin
[        ] Resource missing. [HTTP GET: https://dl.google.com/dl/android/maven2/org/ow2/asm/asm-commons/9.2/asm-commons-9.2.pom]
[        ] Resource missing. [HTTP GET: https://dl.google.com/dl/android/maven2/org/ow2/asm/asm-util/9.2/asm-util-9.2.pom]
[        ] Downloading https://repo.maven.apache.org/maven2/org/ow2/asm/asm-commons/9.2/asm-commons-9.2.pom to /home/runner/.gradle/.tmp/gradle_download17612620552827257229bin
[        ] Downloading https://dl.google.com/dl/android/maven2/com/android/tools/build/bundletool/1.13.2/bundletool-1.13.2.pom to /home/runner/.gradle/.tmp/gradle_download11777459803373141186bin
[        ] Downloading https://repo.maven.apache.org/maven2/org/ow2/asm/asm-util/9.2/asm-util-9.2.pom to /home/runner/.gradle/.tmp/gradle_download7414803596291379466bin
[        ] Resource missing. [HTTP GET: https://dl.google.com/dl/android/maven2/com/google/protobuf/protobuf-java/3.19.3/protobuf-java-3.19.3.pom]
[        ] Downloading https://repo.maven.apache.org/maven2/com/google/protobuf/protobuf-java/3.19.3/protobuf-java-3.19.3.pom to /home/runner/.gradle/.tmp/gradle_download1139349221977903604bin
[        ] Resource missing. [HTTP GET: https://dl.google.com/dl/android/maven2/com/google/protobuf/protobuf-java-util/3.19.3/protobuf-java-util-3.19.3.pom]
[        ] Resource missing. [HTTP GET: https://dl.google.com/dl/android/maven2/io/grpc/grpc-core/1.45.1/grpc-core-1.45.1.pom]
[        ] Resource missing. [HTTP GET: https://dl.google.com/dl/android/maven2/io/grpc/grpc-netty/1.45.1/grpc-netty-1.45.1.pom]
[        ] Downloading https://repo.maven.apache.org/maven2/com/google/protobuf/protobuf-java-util/3.19.3/protobuf-java-util-3.19.3.pom to /home/runner/.gradle/.tmp/gradle_download2048176576663500125bin
[        ] Downloading https://repo.maven.apache.org/maven2/io/grpc/grpc-core/1.45.1/grpc-core-1.45.1.pom to /home/runner/.gradle/.tmp/gradle_download4222887475726917709bin
[        ] Resource missing. [HTTP GET: https://dl.google.com/dl/android/maven2/com/google/protobuf/protobuf-parent/3.19.3/protobuf-parent-3.19.3.pom]
[        ] Downloading https://repo.maven.apache.org/maven2/com/google/protobuf/protobuf-parent/3.19.3/protobuf-parent-3.19.3.pom to /home/runner/.gradle/.tmp/gradle_download8612092830743913886bin
[        ] Downloading https://repo.maven.apache.org/maven2/io/grpc/grpc-netty/1.45.1/grpc-netty-1.45.1.pom to /home/runner/.gradle/.tmp/gradle_download11494614206052011049bin
[        ] Resource missing. [HTTP GET: https://dl.google.com/dl/android/maven2/io/grpc/grpc-protobuf/1.45.1/grpc-protobuf-1.45.1.pom]
[        ] Resource missing. [HTTP GET: https://dl.google.com/dl/android/maven2/com/google/protobuf/protobuf-bom/3.19.3/protobuf-bom-3.19.3.pom]
[        ] Downloading https://repo.maven.apache.org/maven2/io/grpc/grpc-protobuf/1.45.1/grpc-protobuf-1.45.1.pom to /home/runner/.gradle/.tmp/gradle_download5052365619959295892bin
[        ] Resource missing. [HTTP GET: https://dl.google.com/dl/android/maven2/io/grpc/grpc-stub/1.45.1/grpc-stub-1.45.1.pom]
[        ] Downloading https://repo.maven.apache.org/maven2/io/grpc/grpc-stub/1.45.1/grpc-stub-1.45.1.pom to /home/runner/.gradle/.tmp/gradle_download6557251414345324118bin
[        ] Downloading https://repo.maven.apache.org/maven2/com/google/protobuf/protobuf-bom/3.19.3/protobuf-bom-3.19.3.pom to /home/runner/.gradle/.tmp/gradle_download10984112784520909667bin
[        ] Downloading https://dl.google.com/dl/android/maven2/com/google/testing/platform/core-proto/0.0.8-alpha08/core-proto-0.0.8-alpha08.pom to /home/runner/.gradle/.tmp/gradle_download14661966836125049879bin
[        ] Downloading https://dl.google.com/dl/android/maven2/com/android/tools/build/builder/8.0.2/builder-8.0.2.pom to /home/runner/.gradle/.tmp/gradle_download11388280291827931366bin
[        ] Downloading https://dl.google.com/dl/android/maven2/com/android/tools/build/builder-model/8.0.2/builder-model-8.0.2.pom to /home/runner/.gradle/.tmp/gradle_download117245887730569617bin
[        ] Downloading https://dl.google.com/dl/android/maven2/com/android/tools/build/gradle-api/8.0.2/gradle-api-8.0.2.pom to /home/runner/.gradle/.tmp/gradle_download3109447565807704073bin
[        ] Downloading https://dl.google.com/dl/android/maven2/com/android/tools/build/builder/8.0.2/builder-8.0.2.module to /home/runner/.gradle/.tmp/gradle_download4790250614067829331bin
[        ] Downloading https://dl.google.com/dl/android/maven2/com/android/tools/build/builder-model/8.0.2/builder-model-8.0.2.module to /home/runner/.gradle/.tmp/gradle_download5757004514949806960bin
[        ] Downloading https://dl.google.com/dl/android/maven2/com/android/tools/build/gradle-api/8.0.2/gradle-api-8.0.2.module to /home/runner/.gradle/.tmp/gradle_download16056623262016611381bin
[        ] Resource missing. [HTTP GET: https://dl.google.com/dl/android/maven2/org/jetbrains/kotlin/kotlin-tooling-core/1.8.20/kotlin-tooling-core-1.8.20.pom]
[        ] Downloading https://repo.maven.apache.org/maven2/org/jetbrains/kotlin/kotlin-tooling-core/1.8.20/kotlin-tooling-core-1.8.20.pom to /home/runner/.gradle/.tmp/gradle_download5118231529168589855bin
[        ] Resource missing. [HTTP GET: https://dl.google.com/dl/android/maven2/org/jetbrains/kotlin/kotlin-gradle-plugin-model/1.8.20/kotlin-gradle-plugin-model-1.8.20.pom]
[        ] Resource missing. [HTTP GET: https://dl.google.com/dl/android/maven2/org/jetbrains/kotlin/kotlin-gradle-plugin-api/1.8.20/kotlin-gradle-plugin-api-1.8.20.pom]
[        ] Resource missing. [HTTP GET: https://dl.google.com/dl/android/maven2/org/jetbrains/kotlin/kotlin-gradle-plugin-idea/1.8.20/kotlin-gradle-plugin-idea-1.8.20.pom]
[        ] Downloading https://repo.maven.apache.org/maven2/org/jetbrains/kotlin/kotlin-gradle-plugin-idea/1.8.20/kotlin-gradle-plugin-idea-1.8.20.pom to /home/runner/.gradle/.tmp/gradle_download8014860253931996190bin
[        ] Downloading https://repo.maven.apache.org/maven2/org/jetbrains/kotlin/kotlin-gradle-plugin-model/1.8.20/kotlin-gradle-plugin-model-1.8.20.pom to /home/runner/.gradle/.tmp/gradle_download874532965037388877bin
[        ] Downloading https://repo.maven.apache.org/maven2/org/jetbrains/kotlin/kotlin-gradle-plugin-api/1.8.20/kotlin-gradle-plugin-api-1.8.20.pom to /home/runner/.gradle/.tmp/gradle_download13391879290534594428bin
[        ] Downloading https://repo.maven.apache.org/maven2/org/jetbrains/kotlin/kotlin-gradle-plugin-idea/1.8.20/kotlin-gradle-plugin-idea-1.8.20.module to /home/runner/.gradle/.tmp/gradle_download5314369361062307643bin
[        ] Downloading https://repo.maven.apache.org/maven2/org/jetbrains/kotlin/kotlin-gradle-plugin-model/1.8.20/kotlin-gradle-plugin-model-1.8.20.module to /home/runner/.gradle/.tmp/gradle_download8037730734331128131bin
[        ] Downloading https://repo.maven.apache.org/maven2/org/jetbrains/kotlin/kotlin-gradle-plugin-api/1.8.20/kotlin-gradle-plugin-api-1.8.20.module to /home/runner/.gradle/.tmp/gradle_download5050879546916069173bin
[        ] Resource missing. [HTTP GET: https://dl.google.com/dl/android/maven2/org/jetbrains/kotlin/kotlin-project-model/1.8.20/kotlin-project-model-1.8.20.pom]
[        ] Downloading https://repo.maven.apache.org/maven2/org/jetbrains/kotlin/kotlin-project-model/1.8.20/kotlin-project-model-1.8.20.pom to /home/runner/.gradle/.tmp/gradle_download4329153272465948469bin
[        ] Resource missing. [HTTP GET: https://dl.google.com/dl/android/maven2/org/jetbrains/kotlin/kotlin-gradle-plugin-idea-proto/1.8.20/kotlin-gradle-plugin-idea-proto-1.8.20.pom]
[        ] Resource missing. [HTTP GET: https://dl.google.com/dl/android/maven2/org/jetbrains/kotlin/kotlin-klib-commonizer-api/1.8.20/kotlin-klib-commonizer-api-1.8.20.pom]
[        ] Resource missing. [HTTP GET: https://dl.google.com/dl/android/maven2/org/jetbrains/kotlin/kotlin-util-klib/1.8.20/kotlin-util-klib-1.8.20.pom]
[        ] Downloading https://repo.maven.apache.org/maven2/org/jetbrains/kotlin/kotlin-gradle-plugin-idea-proto/1.8.20/kotlin-gradle-plugin-idea-proto-1.8.20.pom to /home/runner/.gradle/.tmp/gradle_download18441708008122842533bin
[        ] Downloading https://repo.maven.apache.org/maven2/org/jetbrains/kotlin/kotlin-klib-commonizer-api/1.8.20/kotlin-klib-commonizer-api-1.8.20.pom to /home/runner/.gradle/.tmp/gradle_download10620619042485807711bin
[        ] Downloading https://repo.maven.apache.org/maven2/org/jetbrains/kotlin/kotlin-util-klib/1.8.20/kotlin-util-klib-1.8.20.pom to /home/runner/.gradle/.tmp/gradle_download18277161277634575947bin
[        ] Resource missing. [HTTP GET: https://dl.google.com/dl/android/maven2/org/jetbrains/kotlin/kotlin-compiler-embeddable/1.8.20/kotlin-compiler-embeddable-1.8.20.pom]
[        ] Downloading https://repo.maven.apache.org/maven2/org/jetbrains/kotlin/kotlin-compiler-embeddable/1.8.20/kotlin-compiler-embeddable-1.8.20.pom to /home/runner/.gradle/.tmp/gradle_download16991374177387111994bin
[        ] Resource missing. [HTTP GET: https://dl.google.com/dl/android/maven2/org/jetbrains/kotlin/kotlin-annotation-processing-gradle/1.8.20/kotlin-annotation-processing-gradle-1.8.20.pom]
[        ] Resource missing. [HTTP GET: https://dl.google.com/dl/android/maven2/org/jetbrains/kotlin/kotlin-compiler-runner/1.8.20/kotlin-compiler-runner-1.8.20.pom]
[        ] Resource missing. [HTTP GET: https://dl.google.com/dl/android/maven2/org/jetbrains/kotlin/kotlin-android-extensions/1.8.20/kotlin-android-extensions-1.8.20.pom]
[        ] Downloading https://repo.maven.apache.org/maven2/org/jetbrains/kotlin/kotlin-compiler-runner/1.8.20/kotlin-compiler-runner-1.8.20.pom to /home/runner/.gradle/.tmp/gradle_download10932647696019079593bin
[        ] Downloading https://repo.maven.apache.org/maven2/org/jetbrains/kotlin/kotlin-annotation-processing-gradle/1.8.20/kotlin-annotation-processing-gradle-1.8.20.pom to /home/runner/.gradle/.tmp/gradle_download436315391602455363bin
[        ] Downloading https://repo.maven.apache.org/maven2/org/jetbrains/kotlin/kotlin-android-extensions/1.8.20/kotlin-android-extensions-1.8.20.pom to /home/runner/.gradle/.tmp/gradle_download8606649244129262470bin
[        ] Resource missing. [HTTP GET: https://dl.google.com/dl/android/maven2/org/jetbrains/kotlin/kotlin-scripting-compiler-embeddable/1.8.20/kotlin-scripting-compiler-embeddable-1.8.20.pom]
[        ] Downloading https://repo.maven.apache.org/maven2/org/jetbrains/kotlin/kotlin-scripting-compiler-embeddable/1.8.20/kotlin-scripting-compiler-embeddable-1.8.20.pom to /home/runner/.gradle/.tmp/gradle_download540423937809118917bin
[        ] Resource missing. [HTTP GET: https://dl.google.com/dl/android/maven2/org/jetbrains/kotlin/kotlin-scripting-compiler-impl-embeddable/1.8.20/kotlin-scripting-compiler-impl-embeddable-1.8.20.pom]
[        ] Downloading https://repo.maven.apache.org/maven2/org/jetbrains/kotlin/kotlin-scripting-compiler-impl-embeddable/1.8.20/kotlin-scripting-compiler-impl-embeddable-1.8.20.pom to /home/runner/.gradle/.tmp/gradle_download11038733887560615123bin
[        ] Resource missing. [HTTP GET: https://dl.google.com/dl/android/maven2/org/jetbrains/kotlin/kotlin-reflect/1.7.10/kotlin-reflect-1.7.10.pom]
[        ] Downloading https://dl.google.com/dl/android/maven2/com/android/tools/common/31.0.2/common-31.0.2.pom to /home/runner/.gradle/.tmp/gradle_download923947758740949620bin
[        ] Resource missing. [HTTP GET: https://dl.google.com/dl/android/maven2/com/google/guava/guava/31.0.1-jre/guava-31.0.1-jre.pom]
[        ] Downloading https://repo.maven.apache.org/maven2/com/google/guava/guava/31.0.1-jre/guava-31.0.1-jre.pom to /home/runner/.gradle/.tmp/gradle_download11942841693039577326bin
[        ] Downloading https://repo.maven.apache.org/maven2/org/jetbrains/kotlin/kotlin-reflect/1.7.10/kotlin-reflect-1.7.10.pom to /home/runner/.gradle/.tmp/gradle_download17037887849438954935bin
[        ] Resource missing. [HTTP GET: https://dl.google.com/dl/android/maven2/com/google/guava/guava-parent/31.0.1-jre/guava-parent-31.0.1-jre.pom]
[        ] Downloading https://repo.maven.apache.org/maven2/com/google/guava/guava-parent/31.0.1-jre/guava-parent-31.0.1-jre.pom to /home/runner/.gradle/.tmp/gradle_download4099715515153643910bin
[        ] Resource missing. [HTTP GET: https://dl.google.com/dl/android/maven2/org/apache/httpcomponents/httpcore/4.4.15/httpcore-4.4.15.pom]
[        ] Downloading https://repo.maven.apache.org/maven2/org/apache/httpcomponents/httpcore/4.4.15/httpcore-4.4.15.pom to /home/runner/.gradle/.tmp/gradle_download18365956689193536903bin
[        ] Resource missing. [HTTP GET: https://dl.google.com/dl/android/maven2/org/apache/httpcomponents/httpcomponents-core/4.4.15/httpcomponents-core-4.4.15.pom]
[        ] Downloading https://dl.google.com/dl/android/maven2/com/android/tools/dvlib/31.0.2/dvlib-31.0.2.pom to /home/runner/.gradle/.tmp/gradle_download12562393366212028841bin
[        ] Downloading https://repo.maven.apache.org/maven2/org/apache/httpcomponents/httpcomponents-core/4.4.15/httpcomponents-core-4.4.15.pom to /home/runner/.gradle/.tmp/gradle_download4687267349663723566bin
[        ] Downloading https://dl.google.com/dl/android/maven2/com/android/tools/annotations/31.0.2/annotations-31.0.2.pom to /home/runner/.gradle/.tmp/gradle_download9919570995989380500bin
[        ] Downloading https://dl.google.com/dl/android/maven2/com/android/tools/analytics-library/protos/31.0.2/protos-31.0.2.pom to /home/runner/.gradle/.tmp/gradle_download1645072324703326524bin
[        ] Resource missing. [HTTP GET: https://dl.google.com/dl/android/maven2/org/jetbrains/kotlin/kotlin-stdlib-jdk7/1.7.10/kotlin-stdlib-jdk7-1.7.10.pom]
[        ] Resource missing. [HTTP GET: https://dl.google.com/dl/android/maven2/org/jetbrains/kotlin/kotlin-stdlib/1.7.10/kotlin-stdlib-1.7.10.pom]
[        ] Downloading https://repo.maven.apache.org/maven2/org/jetbrains/kotlin/kotlin-stdlib/1.7.10/kotlin-stdlib-1.7.10.pom to /home/runner/.gradle/.tmp/gradle_download8437208083513159813bin
[        ] Downloading https://repo.maven.apache.org/maven2/org/jetbrains/kotlin/kotlin-stdlib-jdk7/1.7.10/kotlin-stdlib-jdk7-1.7.10.pom to /home/runner/.gradle/.tmp/gradle_download11228541900764556116bin
[        ] Resource missing. [HTTP GET: https://dl.google.com/dl/android/maven2/org/ow2/asm/asm-tree/9.2/asm-tree-9.2.pom]
[        ] Downloading https://repo.maven.apache.org/maven2/org/ow2/asm/asm-tree/9.2/asm-tree-9.2.pom to /home/runner/.gradle/.tmp/gradle_download622828247029640672bin
[        ] Resource missing. [HTTP GET: https://dl.google.com/dl/android/maven2/com/google/errorprone/error_prone_annotations/2.5.1/error_prone_annotations-2.5.1.pom]
[        ] Downloading https://repo.maven.apache.org/maven2/com/google/errorprone/error_prone_annotations/2.5.1/error_prone_annotations-2.5.1.pom to /home/runner/.gradle/.tmp/gradle_download1383266237621753096bin
[        ] Resource missing. [HTTP GET: https://dl.google.com/dl/android/maven2/com/google/errorprone/error_prone_parent/2.5.1/error_prone_parent-2.5.1.pom]
[        ] Downloading https://repo.maven.apache.org/maven2/com/google/errorprone/error_prone_parent/2.5.1/error_prone_parent-2.5.1.pom to /home/runner/.gradle/.tmp/gradle_download3071113085836837368bin
[        ] Resource missing. [HTTP GET: https://dl.google.com/dl/android/maven2/com/google/errorprone/error_prone_annotations/2.10.0/error_prone_annotations-2.10.0.pom]
[        ] Downloading https://repo.maven.apache.org/maven2/com/google/errorprone/error_prone_annotations/2.10.0/error_prone_annotations-2.10.0.pom to /home/runner/.gradle/.tmp/gradle_download11003650392416882437bin
[        ] Resource missing. [HTTP GET: https://dl.google.com/dl/android/maven2/com/google/errorprone/error_prone_parent/2.10.0/error_prone_parent-2.10.0.pom]
[        ] Downloading https://repo.maven.apache.org/maven2/com/google/errorprone/error_prone_parent/2.10.0/error_prone_parent-2.10.0.pom to /home/runner/.gradle/.tmp/gradle_download12419192315277473147bin
[        ] Resource missing. [HTTP GET: https://dl.google.com/dl/android/maven2/io/grpc/grpc-api/1.45.1/grpc-api-1.45.1.pom]
[        ] Downloading https://repo.maven.apache.org/maven2/io/grpc/grpc-api/1.45.1/grpc-api-1.45.1.pom to /home/runner/.gradle/.tmp/gradle_download3939458739505187896bin
[        ] Resource missing. [HTTP GET: https://dl.google.com/dl/android/maven2/io/netty/netty-handler-proxy/4.1.72.Final/netty-handler-proxy-4.1.72.Final.pom]
[        ] Resource missing. [HTTP GET: https://dl.google.com/dl/android/maven2/io/netty/netty-codec-http2/4.1.72.Final/netty-codec-http2-4.1.72.Final.pom]
[        ] Downloading https://repo.maven.apache.org/maven2/io/netty/netty-codec-http2/4.1.72.Final/netty-codec-http2-4.1.72.Final.pom to /home/runner/.gradle/.tmp/gradle_download12336224652377143257bin
[        ] Downloading https://repo.maven.apache.org/maven2/io/netty/netty-handler-proxy/4.1.72.Final/netty-handler-proxy-4.1.72.Final.pom to /home/runner/.gradle/.tmp/gradle_download14284640795698843435bin
[        ] Resource missing. [HTTP GET: https://dl.google.com/dl/android/maven2/io/netty/netty-parent/4.1.72.Final/netty-parent-4.1.72.Final.pom]
[        ] Downloading https://repo.maven.apache.org/maven2/io/netty/netty-parent/4.1.72.Final/netty-parent-4.1.72.Final.pom to /home/runner/.gradle/.tmp/gradle_download2973838957336476455bin
[        ] Resource missing. [HTTP GET: https://dl.google.com/dl/android/maven2/io/grpc/grpc-protobuf-lite/1.45.1/grpc-protobuf-lite-1.45.1.pom]
[        ] Downloading https://repo.maven.apache.org/maven2/io/grpc/grpc-protobuf-lite/1.45.1/grpc-protobuf-lite-1.45.1.pom to /home/runner/.gradle/.tmp/gradle_download16374604993679904551bin
[  +88 ms] Downloading https://dl.google.com/dl/android/maven2/com/android/signflinger/8.0.2/signflinger-8.0.2.pom to /home/runner/.gradle/.tmp/gradle_download959610699825038006bin
[        ] Downloading https://dl.google.com/dl/android/maven2/com/android/tools/build/manifest-merger/31.0.2/manifest-merger-31.0.2.pom to /home/runner/.gradle/.tmp/gradle_download16526693853024150719bin
[        ] Downloading https://dl.google.com/dl/android/maven2/com/android/tools/analytics-library/tracker/31.0.2/tracker-31.0.2.pom to /home/runner/.gradle/.tmp/gradle_download16642501154066804430bin
[        ] Downloading https://dl.google.com/dl/android/maven2/com/android/zipflinger/8.0.2/zipflinger-8.0.2.pom to /home/runner/.gradle/.tmp/gradle_download7024145360215980191bin
[        ] Downloading https://dl.google.com/dl/android/maven2/com/android/tools/build/manifest-merger/31.0.2/manifest-merger-31.0.2.module to /home/runner/.gradle/.tmp/gradle_download15013098359141590972bin
[        ] Downloading https://dl.google.com/dl/android/maven2/com/android/tools/build/apkzlib/8.0.2/apkzlib-8.0.2.pom to /home/runner/.gradle/.tmp/gradle_download976369303058290445bin
[        ] Downloading https://dl.google.com/dl/android/maven2/com/android/tools/build/apksig/8.0.2/apksig-8.0.2.pom to /home/runner/.gradle/.tmp/gradle_download18203762357055852929bin
[  +99 ms] Resource missing. [HTTP GET: https://dl.google.com/dl/android/maven2/org/jetbrains/kotlin/kotlin-gradle-plugin-annotations/1.8.20/kotlin-gradle-plugin-annotations-1.8.20.pom]
[        ] Resource missing. [HTTP GET: https://dl.google.com/dl/android/maven2/org/jetbrains/kotlin/kotlin-native-utils/1.8.20/kotlin-native-utils-1.8.20.pom]
[        ] Downloading https://repo.maven.apache.org/maven2/org/jetbrains/kotlin/kotlin-native-utils/1.8.20/kotlin-native-utils-1.8.20.pom to /home/runner/.gradle/.tmp/gradle_download1086308676420479163bin
[        ] Downloading https://repo.maven.apache.org/maven2/org/jetbrains/kotlin/kotlin-gradle-plugin-annotations/1.8.20/kotlin-gradle-plugin-annotations-1.8.20.pom to /home/runner/.gradle/.tmp/gradle_download12337533739824680057bin
[  +99 ms] Resource missing. [HTTP GET: https://dl.google.com/dl/android/maven2/org/jetbrains/kotlin/kotlin-util-io/1.8.20/kotlin-util-io-1.8.20.pom]
[        ] Downloading https://repo.maven.apache.org/maven2/org/jetbrains/kotlin/kotlin-util-io/1.8.20/kotlin-util-io-1.8.20.pom to /home/runner/.gradle/.tmp/gradle_download10804269320527049690bin
[        ] Resource missing. [HTTP GET: https://dl.google.com/dl/android/maven2/org/jetbrains/kotlin/kotlin-daemon-embeddable/1.8.20/kotlin-daemon-embeddable-1.8.20.pom]
[        ] Downloading https://repo.maven.apache.org/maven2/org/jetbrains/kotlin/kotlin-daemon-embeddable/1.8.20/kotlin-daemon-embeddable-1.8.20.pom to /home/runner/.gradle/.tmp/gradle_download11460772866504893981bin
[        ] Resource missing. [HTTP GET: https://dl.google.com/dl/android/maven2/org/jetbrains/kotlin/kotlin-daemon-client/1.8.20/kotlin-daemon-client-1.8.20.pom]
[  +99 ms] Downloading https://repo.maven.apache.org/maven2/org/jetbrains/kotlin/kotlin-daemon-client/1.8.20/kotlin-daemon-client-1.8.20.pom to /home/runner/.gradle/.tmp/gradle_download17705137656117171372bin
[        ] Resource missing. [HTTP GET: https://dl.google.com/dl/android/maven2/org/jetbrains/kotlin/kotlin-scripting-jvm/1.8.20/kotlin-scripting-jvm-1.8.20.pom]
[        ] Downloading https://repo.maven.apache.org/maven2/org/jetbrains/kotlin/kotlin-scripting-jvm/1.8.20/kotlin-scripting-jvm-1.8.20.pom to /home/runner/.gradle/.tmp/gradle_download7640982398307766100bin
[        ] Resource missing. [HTTP GET: https://dl.google.com/dl/android/maven2/org/jetbrains/kotlin/kotlin-scripting-common/1.8.20/kotlin-scripting-common-1.8.20.pom]
[        ] Downloading https://repo.maven.apache.org/maven2/org/jetbrains/kotlin/kotlin-scripting-common/1.8.20/kotlin-scripting-common-1.8.20.pom to /home/runner/.gradle/.tmp/gradle_download2498403549070028506bin
[  +99 ms] Resource missing. [HTTP GET: https://dl.google.com/dl/android/maven2/org/checkerframework/checker-qual/3.12.0/checker-qual-3.12.0.pom]
[        ] Downloading https://repo.maven.apache.org/maven2/org/checkerframework/checker-qual/3.12.0/checker-qual-3.12.0.pom to /home/runner/.gradle/.tmp/gradle_download8248793810433525968bin
[        ] Downloading https://repo.maven.apache.org/maven2/org/checkerframework/checker-qual/3.12.0/checker-qual-3.12.0.module to /home/runner/.gradle/.tmp/gradle_download14602969451008987743bin
[        ] Resource missing. [HTTP GET: https://dl.google.com/dl/android/maven2/org/jetbrains/kotlin/kotlin-stdlib-common/1.7.10/kotlin-stdlib-common-1.7.10.pom]
[        ] Downloading https://repo.maven.apache.org/maven2/org/jetbrains/kotlin/kotlin-stdlib-common/1.7.10/kotlin-stdlib-common-1.7.10.pom to /home/runner/.gradle/.tmp/gradle_download9091929297341514897bin
[  +99 ms] Resource missing. [HTTP GET: https://dl.google.com/dl/android/maven2/io/grpc/grpc-context/1.45.1/grpc-context-1.45.1.pom]
[        ] Downloading https://repo.maven.apache.org/maven2/io/grpc/grpc-context/1.45.1/grpc-context-1.45.1.pom to /home/runner/.gradle/.tmp/gradle_download6730720055986327589bin
[        ] Resource missing. [HTTP GET: https://dl.google.com/dl/android/maven2/io/netty/netty-transport/4.1.72.Final/netty-transport-4.1.72.Final.pom]
[        ] Resource missing. [HTTP GET: https://dl.google.com/dl/android/maven2/io/netty/netty-codec/4.1.72.Final/netty-codec-4.1.72.Final.pom]
[        ] Resource missing. [HTTP GET: https://dl.google.com/dl/android/maven2/io/netty/netty-common/4.1.72.Final/netty-common-4.1.72.Final.pom]
[        ] Resource missing. [HTTP GET: https://dl.google.com/dl/android/maven2/io/netty/netty-buffer/4.1.72.Final/netty-buffer-4.1.72.Final.pom]
[        ] Downloading https://repo.maven.apache.org/maven2/io/netty/netty-transport/4.1.72.Final/netty-transport-4.1.72.Final.pom to /home/runner/.gradle/.tmp/gradle_download12004384285632661489bin
[        ] Downloading https://repo.maven.apache.org/maven2/io/netty/netty-codec/4.1.72.Final/netty-codec-4.1.72.Final.pom to /home/runner/.gradle/.tmp/gradle_download13234957686144717070bin
[        ] Downloading https://repo.maven.apache.org/maven2/io/netty/netty-common/4.1.72.Final/netty-common-4.1.72.Final.pom to /home/runner/.gradle/.tmp/gradle_download411606388732430823bin
[        ] Downloading https://repo.maven.apache.org/maven2/io/netty/netty-buffer/4.1.72.Final/netty-buffer-4.1.72.Final.pom to /home/runner/.gradle/.tmp/gradle_download11774945610659288234bin
[        ] Resource missing. [HTTP GET: https://dl.google.com/dl/android/maven2/io/netty/netty-handler/4.1.72.Final/netty-handler-4.1.72.Final.pom]
[        ] Resource missing. [HTTP GET: https://dl.google.com/dl/android/maven2/io/netty/netty-codec-http/4.1.72.Final/netty-codec-http-4.1.72.Final.pom]
[        ] Downloading https://repo.maven.apache.org/maven2/io/netty/netty-handler/4.1.72.Final/netty-handler-4.1.72.Final.pom to /home/runner/.gradle/.tmp/gradle_download13002286469453997822bin
[        ] Downloading https://repo.maven.apache.org/maven2/io/netty/netty-codec-http/4.1.72.Final/netty-codec-http-4.1.72.Final.pom to /home/runner/.gradle/.tmp/gradle_download7462730208451386743bin
[  +99 ms] Resource missing. [HTTP GET: https://dl.google.com/dl/android/maven2/io/netty/netty-codec-socks/4.1.72.Final/netty-codec-socks-4.1.72.Final.pom]
[        ] Downloading https://repo.maven.apache.org/maven2/io/netty/netty-codec-socks/4.1.72.Final/netty-codec-socks-4.1.72.Final.pom to /home/runner/.gradle/.tmp/gradle_download17782381425253894454bin
[        ] Resource missing. [HTTP GET: https://dl.google.com/dl/android/maven2/io/netty/netty-resolver/4.1.72.Final/netty-resolver-4.1.72.Final.pom]
[        ] Downloading https://repo.maven.apache.org/maven2/io/netty/netty-resolver/4.1.72.Final/netty-resolver-4.1.72.Final.pom to /home/runner/.gradle/.tmp/gradle_download9950155671700681726bin
[  +99 ms] Resource missing. [HTTP GET: https://dl.google.com/dl/android/maven2/io/netty/netty-tcnative-classes/2.0.46.Final/netty-tcnative-classes-2.0.46.Final.pom]
[        ] Downloading https://repo.maven.apache.org/maven2/io/netty/netty-tcnative-classes/2.0.46.Final/netty-tcnative-classes-2.0.46.Final.pom to /home/runner/.gradle/.tmp/gradle_download5646780052854517122bin
[        ] Resource missing. [HTTP GET: https://dl.google.com/dl/android/maven2/io/netty/netty-tcnative-parent/2.0.46.Final/netty-tcnative-parent-2.0.46.Final.pom]
[        ] Downloading https://repo.maven.apache.org/maven2/io/netty/netty-tcnative-parent/2.0.46.Final/netty-tcnative-parent-2.0.46.Final.pom to /home/runner/.gradle/.tmp/gradle_download2465275664803586973bin
[        ] Downloading https://repo.maven.apache.org/maven2/org/jetbrains/kotlin/kotlin-gradle-plugin-api/1.8.20/kotlin-gradle-plugin-api-1.8.20-gradle76.jar to /home/runner/.gradle/.tmp/gradle_download9750752178452866794bin
[        ] Downloading https://repo.maven.apache.org/maven2/org/jetbrains/kotlin/kotlin-gradle-plugin-model/1.8.20/kotlin-gradle-plugin-model-1.8.20.jar to /home/runner/.gradle/.tmp/gradle_download17574080923732973819bin
[        ] Downloading https://repo.maven.apache.org/maven2/org/jetbrains/kotlin/kotlin-gradle-plugin-api/1.8.20/kotlin-gradle-plugin-api-1.8.20.jar to /home/runner/.gradle/.tmp/gradle_download5294422979043337811bin
[ +102 ms] Downloading https://dl.google.com/dl/android/maven2/com/android/tools/build/gradle/8.0.2/gradle-8.0.2.jar to /home/runner/.gradle/.tmp/gradle_download16538420077116133930bin
[        ] Downloading https://repo.maven.apache.org/maven2/org/jetbrains/kotlin/kotlin-gradle-plugin/1.8.20/kotlin-gradle-plugin-1.8.20-gradle76.jar to /home/runner/.gradle/.tmp/gradle_download2820409812395929247bin
[        ] Downloading https://dl.google.com/dl/android/maven2/com/android/tools/lint/lint-model/31.0.2/lint-model-31.0.2.jar to /home/runner/.gradle/.tmp/gradle_download5433529551548507275bin
[        ] Downloading https://dl.google.com/dl/android/maven2/com/android/tools/build/gradle-settings-api/8.0.2/gradle-settings-api-8.0.2.jar to /home/runner/.gradle/.tmp/gradle_download1173673108892693265bin
[   +1 ms] Downloading https://dl.google.com/dl/android/maven2/com/android/tools/build/manifest-merger/31.0.2/manifest-merger-31.0.2.jar to /home/runner/.gradle/.tmp/gradle_download9436998780778193756bin
[        ] Downloading https://dl.google.com/dl/android/maven2/com/android/tools/build/builder/8.0.2/builder-8.0.2.jar to /home/runner/.gradle/.tmp/gradle_download10901299086961307226bin
[  +71 ms] Downloading https://dl.google.com/dl/android/maven2/com/android/tools/sdk-common/31.0.2/sdk-common-31.0.2.jar to /home/runner/.gradle/.tmp/gradle_download12380680642679619403bin
[   +1 ms] Downloading https://dl.google.com/dl/android/maven2/com/android/tools/sdklib/31.0.2/sdklib-31.0.2.jar to /home/runner/.gradle/.tmp/gradle_download7514060627463293837bin
[  +22 ms] Downloading https://dl.google.com/dl/android/maven2/com/android/tools/build/gradle-api/8.0.2/gradle-api-8.0.2.jar to /home/runner/.gradle/.tmp/gradle_download8933480760136300570bin
[  +95 ms] Downloading https://dl.google.com/dl/android/maven2/com/android/tools/build/builder-test-api/8.0.2/builder-test-api-8.0.2.jar to /home/runner/.gradle/.tmp/gradle_download1399652205068097992bin
[        ] Downloading https://dl.google.com/dl/android/maven2/com/android/tools/ddms/ddmlib/31.0.2/ddmlib-31.0.2.jar to /home/runner/.gradle/.tmp/gradle_download14524322741661419373bin
[        ] Downloading https://dl.google.com/dl/android/maven2/com/android/tools/repository/31.0.2/repository-31.0.2.jar to /home/runner/.gradle/.tmp/gradle_download7701322814824020947bin
[        ] Downloading https://dl.google.com/dl/android/maven2/com/android/tools/build/aaptcompiler/8.0.2/aaptcompiler-8.0.2.jar to /home/runner/.gradle/.tmp/gradle_download3366479828697394326bin
[        ] Downloading https://dl.google.com/dl/android/maven2/com/android/tools/build/bundletool/1.13.2/bundletool-1.13.2.jar to /home/runner/.gradle/.tmp/gradle_download5991569985434680132bin
[        ] Downloading https://dl.google.com/dl/android/maven2/com/android/tools/build/aapt2-proto/8.0.2-9289358/aapt2-proto-8.0.2-9289358.jar to /home/runner/.gradle/.tmp/gradle_download4292928101139176652bin
[        ] Downloading https://dl.google.com/dl/android/maven2/com/android/tools/analytics-library/tracker/31.0.2/tracker-31.0.2.jar to /home/runner/.gradle/.tmp/gradle_download7885729909687239938bin
[        ] Downloading https://dl.google.com/dl/android/maven2/com/android/tools/analytics-library/shared/31.0.2/shared-31.0.2.jar to /home/runner/.gradle/.tmp/gradle_download15150705834004529328bin
[ +102 ms] Downloading https://dl.google.com/dl/android/maven2/com/android/tools/analytics-library/crash/31.0.2/crash-31.0.2.jar to /home/runner/.gradle/.tmp/gradle_download10149522859345945483bin
[        ] Downloading https://dl.google.com/dl/android/maven2/androidx/databinding/databinding-compiler-common/8.0.2/databinding-compiler-common-8.0.2.jar to /home/runner/.gradle/.tmp/gradle_download9816196445737210969bin
[   +1 ms] Downloading https://dl.google.com/dl/android/maven2/com/android/tools/lint/lint-typedef-remover/31.0.2/lint-typedef-remover-31.0.2.jar to /home/runner/.gradle/.tmp/gradle_download6660164015455704607bin
[        ] Downloading https://dl.google.com/dl/android/maven2/com/android/databinding/baseLibrary/8.0.2/baseLibrary-8.0.2.jar to /home/runner/.gradle/.tmp/gradle_download16998183483357819709bin
[        ] Downloading https://dl.google.com/dl/android/maven2/com/android/tools/layoutlib/layoutlib-api/31.0.2/layoutlib-api-31.0.2.jar to /home/runner/.gradle/.tmp/gradle_download18084916329030474612bin
[        ] Downloading https://dl.google.com/dl/android/maven2/androidx/databinding/databinding-common/8.0.2/databinding-common-8.0.2.jar to /home/runner/.gradle/.tmp/gradle_download5175277333919914891bin
[        ] Downloading https://dl.google.com/dl/android/maven2/com/android/tools/utp/android-device-provider-ddmlib-proto/31.0.2/android-device-provider-ddmlib-proto-31.0.2.jar to /home/runner/.gradle/.tmp/gradle_download1153895513478697488bin
[        ] Downloading https://dl.google.com/dl/android/maven2/com/android/tools/utp/android-test-plugin-host-additional-test-output-proto/31.0.2/android-test-plugin-host-additional-test-output-proto-31.0.2.jar to /home/runner/.gradle/.tmp/gradle_download13190719036154504116bin
[  +97 ms] Downloading https://dl.google.com/dl/android/maven2/com/android/tools/utp/android-test-plugin-host-retention-proto/31.0.2/android-test-plugin-host-retention-proto-31.0.2.jar to /home/runner/.gradle/.tmp/gradle_download9156278744062818780bin
[        ] Downloading https://dl.google.com/dl/android/maven2/com/android/tools/utp/android-device-provider-gradle-proto/31.0.2/android-device-provider-gradle-proto-31.0.2.jar to /home/runner/.gradle/.tmp/gradle_download10952453668978629546bin
[        ] Downloading https://dl.google.com/dl/android/maven2/com/android/tools/utp/android-test-plugin-host-coverage-proto/31.0.2/android-test-plugin-host-coverage-proto-31.0.2.jar to /home/runner/.gradle/.tmp/gradle_download16917175041919551889bin
[        ] Downloading https://dl.google.com/dl/android/maven2/com/android/tools/utp/android-test-plugin-result-listener-gradle-proto/31.0.2/android-test-plugin-result-listener-gradle-proto-31.0.2.jar to /home/runner/.gradle/.tmp/gradle_download5112530884639837137bin
[        ] Downloading https://dl.google.com/dl/android/maven2/com/android/tools/utp/android-test-plugin-host-logcat-proto/31.0.2/android-test-plugin-host-logcat-proto-31.0.2.jar to /home/runner/.gradle/.tmp/gradle_download9395548791856529401bin
[        ] Downloading https://dl.google.com/dl/android/maven2/com/android/tools/dvlib/31.0.2/dvlib-31.0.2.jar to /home/runner/.gradle/.tmp/gradle_download3624956487700762455bin
[        ] Downloading https://dl.google.com/dl/android/maven2/com/android/tools/build/builder-model/8.0.2/builder-model-8.0.2.jar to /home/runner/.gradle/.tmp/gradle_download4760558170204342671bin
[        ] Downloading https://repo.maven.apache.org/maven2/org/jetbrains/kotlin/kotlin-stdlib-jdk8/1.7.10/kotlin-stdlib-jdk8-1.7.10.jar to /home/runner/.gradle/.tmp/gradle_download827692860742857228bin
[        ] Downloading https://repo.maven.apache.org/maven2/org/ow2/asm/asm-commons/9.2/asm-commons-9.2.jar to /home/runner/.gradle/.tmp/gradle_download2669339496702741635bin
[        ] Downloading https://repo.maven.apache.org/maven2/org/ow2/asm/asm-util/9.2/asm-util-9.2.jar to /home/runner/.gradle/.tmp/gradle_download6395856118852928434bin
[        ] Downloading https://repo.maven.apache.org/maven2/org/ow2/asm/asm-analysis/9.2/asm-analysis-9.2.jar to /home/runner/.gradle/.tmp/gradle_download9585023715870654782bin
[        ] Downloading https://repo.maven.apache.org/maven2/org/ow2/asm/asm-tree/9.2/asm-tree-9.2.jar to /home/runner/.gradle/.tmp/gradle_download8248586150192773815bin
[        ] Downloading https://repo.maven.apache.org/maven2/org/ow2/asm/asm/9.2/asm-9.2.jar to /home/runner/.gradle/.tmp/gradle_download4108305656175775204bin
[  +98 ms] Downloading https://repo.maven.apache.org/maven2/com/google/protobuf/protobuf-java-util/3.19.3/protobuf-java-util-3.19.3.jar to /home/runner/.gradle/.tmp/gradle_download14409709241865294747bin
[        ] Downloading https://dl.google.com/dl/android/maven2/com/android/tools/common/31.0.2/common-31.0.2.jar to /home/runner/.gradle/.tmp/gradle_download10463206318726973408bin
[        ] Downloading https://repo.maven.apache.org/maven2/io/grpc/grpc-protobuf/1.45.1/grpc-protobuf-1.45.1.jar to /home/runner/.gradle/.tmp/gradle_download12902980380261901867bin
[        ] Downloading https://repo.maven.apache.org/maven2/com/google/protobuf/protobuf-java/3.19.3/protobuf-java-3.19.3.jar to /home/runner/.gradle/.tmp/gradle_download16874522830331635857bin
[        ] Downloading https://repo.maven.apache.org/maven2/io/grpc/grpc-netty/1.45.1/grpc-netty-1.45.1.jar to /home/runner/.gradle/.tmp/gradle_download16403334875776821573bin
[        ] Downloading https://repo.maven.apache.org/maven2/io/grpc/grpc-core/1.45.1/grpc-core-1.45.1.jar to /home/runner/.gradle/.tmp/gradle_download9040429664919148407bin
[        ] Downloading https://repo.maven.apache.org/maven2/io/grpc/grpc-stub/1.45.1/grpc-stub-1.45.1.jar to /home/runner/.gradle/.tmp/gradle_download12581380945660277965bin
[        ] Downloading https://dl.google.com/dl/android/maven2/com/android/tools/build/apkzlib/8.0.2/apkzlib-8.0.2.jar to /home/runner/.gradle/.tmp/gradle_download772418378371106432bin
[        ] Downloading https://dl.google.com/dl/android/maven2/com/android/tools/analytics-library/protos/31.0.2/protos-31.0.2.jar to /home/runner/.gradle/.tmp/gradle_download16054839129992088159bin
[        ] Downloading https://repo.maven.apache.org/maven2/org/jetbrains/kotlin/kotlin-gradle-plugin-idea/1.8.20/kotlin-gradle-plugin-idea-1.8.20.jar to /home/runner/.gradle/.tmp/gradle_download10773316528972027674bin
[        ] Downloading https://repo.maven.apache.org/maven2/org/jetbrains/kotlin/kotlin-gradle-plugin-idea-proto/1.8.20/kotlin-gradle-plugin-idea-proto-1.8.20.jar to /home/runner/.gradle/.tmp/gradle_download16673182295283658084bin
[        ] Downloading https://dl.google.com/dl/android/maven2/com/google/testing/platform/core-proto/0.0.8-alpha08/core-proto-0.0.8-alpha08.jar to /home/runner/.gradle/.tmp/gradle_download15665293535191003389bin
[        ] Downloading https://repo.maven.apache.org/maven2/org/jetbrains/kotlin/kotlin-project-model/1.8.20/kotlin-project-model-1.8.20.jar to /home/runner/.gradle/.tmp/gradle_download11103712072127824259bin
[  +98 ms] Downloading https://repo.maven.apache.org/maven2/org/jetbrains/kotlin/kotlin-util-klib/1.8.20/kotlin-util-klib-1.8.20.jar to /home/runner/.gradle/.tmp/gradle_download13192283299282988804bin
[        ] Downloading https://repo.maven.apache.org/maven2/org/jetbrains/kotlin/kotlin-tooling-core/1.8.20/kotlin-tooling-core-1.8.20.jar to /home/runner/.gradle/.tmp/gradle_download5116857560525699670bin
[        ] Downloading https://repo.maven.apache.org/maven2/org/jetbrains/kotlin/kotlin-klib-commonizer-api/1.8.20/kotlin-klib-commonizer-api-1.8.20.jar to /home/runner/.gradle/.tmp/gradle_download17787835777472158590bin
[        ] Downloading https://repo.maven.apache.org/maven2/org/jetbrains/kotlin/kotlin-annotation-processing-gradle/1.8.20/kotlin-annotation-processing-gradle-1.8.20.jar to /home/runner/.gradle/.tmp/gradle_download12422954734591165435bin
[        ] Downloading https://repo.maven.apache.org/maven2/org/jetbrains/kotlin/kotlin-compiler-runner/1.8.20/kotlin-compiler-runner-1.8.20.jar to /home/runner/.gradle/.tmp/gradle_download9490646665799182803bin
[        ] Downloading https://repo.maven.apache.org/maven2/org/jetbrains/kotlin/kotlin-android-extensions/1.8.20/kotlin-android-extensions-1.8.20.jar to /home/runner/.gradle/.tmp/gradle_download3425376338387824447bin
[        ] Downloading https://repo.maven.apache.org/maven2/org/jetbrains/kotlin/kotlin-scripting-compiler-embeddable/1.8.20/kotlin-scripting-compiler-embeddable-1.8.20.jar to /home/runner/.gradle/.tmp/gradle_download11789570366671805746bin
[        ] Downloading https://repo.maven.apache.org/maven2/org/jetbrains/kotlin/kotlin-compiler-embeddable/1.8.20/kotlin-compiler-embeddable-1.8.20.jar to /home/runner/.gradle/.tmp/gradle_download204169470204861610bin
[        ] Downloading https://repo.maven.apache.org/maven2/org/jetbrains/kotlin/kotlin-scripting-compiler-impl-embeddable/1.8.20/kotlin-scripting-compiler-impl-embeddable-1.8.20.jar to /home/runner/.gradle/.tmp/gradle_download6625839749443053765bin
[        ] Downloading https://repo.maven.apache.org/maven2/io/grpc/grpc-api/1.45.1/grpc-api-1.45.1.jar to /home/runner/.gradle/.tmp/gradle_download17916005527108472666bin
[        ] Downloading https://repo.maven.apache.org/maven2/io/grpc/grpc-protobuf-lite/1.45.1/grpc-protobuf-lite-1.45.1.jar to /home/runner/.gradle/.tmp/gradle_download10101307830037325079bin
[        ] Downloading https://repo.maven.apache.org/maven2/com/google/guava/guava/31.0.1-jre/guava-31.0.1-jre.jar to /home/runner/.gradle/.tmp/gradle_download1023550375077417287bin
[        ] Downloading https://repo.maven.apache.org/maven2/org/jetbrains/kotlin/kotlin-reflect/1.7.10/kotlin-reflect-1.7.10.jar to /home/runner/.gradle/.tmp/gradle_download7092463225986951007bin
[        ] Downloading https://repo.maven.apache.org/maven2/org/apache/httpcomponents/httpcore/4.4.15/httpcore-4.4.15.jar to /home/runner/.gradle/.tmp/gradle_download7582890685594560448bin
[        ] Downloading https://repo.maven.apache.org/maven2/org/jetbrains/kotlin/kotlin-stdlib-jdk7/1.7.10/kotlin-stdlib-jdk7-1.7.10.jar to /home/runner/.gradle/.tmp/gradle_download10044807781992513571bin
[        ] Downloading https://repo.maven.apache.org/maven2/org/jetbrains/kotlin/kotlin-stdlib/1.7.10/kotlin-stdlib-1.7.10.jar to /home/runner/.gradle/.tmp/gradle_download3654937012259247514bin
[  +97 ms] Downloading https://dl.google.com/dl/android/maven2/com/android/signflinger/8.0.2/signflinger-8.0.2.jar to /home/runner/.gradle/.tmp/gradle_download17805252386739917807bin
[        ] Downloading https://repo.maven.apache.org/maven2/com/google/errorprone/error_prone_annotations/2.10.0/error_prone_annotations-2.10.0.jar to /home/runner/.gradle/.tmp/gradle_download7149195942568897583bin
[        ] Downloading https://dl.google.com/dl/android/maven2/com/android/tools/annotations/31.0.2/annotations-31.0.2.jar to /home/runner/.gradle/.tmp/gradle_download4333804961658033661bin
[        ] Downloading https://repo.maven.apache.org/maven2/io/netty/netty-codec-http2/4.1.72.Final/netty-codec-http2-4.1.72.Final.jar to /home/runner/.gradle/.tmp/gradle_download2787445603650759305bin
[        ] Downloading https://repo.maven.apache.org/maven2/io/netty/netty-handler-proxy/4.1.72.Final/netty-handler-proxy-4.1.72.Final.jar to /home/runner/.gradle/.tmp/gradle_download4574279466200198725bin
[        ] Downloading https://dl.google.com/dl/android/maven2/com/android/zipflinger/8.0.2/zipflinger-8.0.2.jar to /home/runner/.gradle/.tmp/gradle_download7142363823155146709bin
[        ] Downloading https://repo.maven.apache.org/maven2/org/checkerframework/checker-qual/3.12.0/checker-qual-3.12.0.jar to /home/runner/.gradle/.tmp/gradle_download11912076917940982623bin
[        ] Downloading https://dl.google.com/dl/android/maven2/com/android/tools/build/apksig/8.0.2/apksig-8.0.2.jar to /home/runner/.gradle/.tmp/gradle_download5924482854753602907bin
[        ] Downloading https://repo.maven.apache.org/maven2/org/jetbrains/kotlin/kotlin-gradle-plugin-annotations/1.8.20/kotlin-gradle-plugin-annotations-1.8.20.jar to /home/runner/.gradle/.tmp/gradle_download16394421708854647508bin
[        ] Downloading https://repo.maven.apache.org/maven2/org/jetbrains/kotlin/kotlin-native-utils/1.8.20/kotlin-native-utils-1.8.20.jar to /home/runner/.gradle/.tmp/gradle_download4802944780416777182bin
[        ] Downloading https://repo.maven.apache.org/maven2/org/jetbrains/kotlin/kotlin-util-io/1.8.20/kotlin-util-io-1.8.20.jar to /home/runner/.gradle/.tmp/gradle_download9994817160492851213bin
[        ] Downloading https://repo.maven.apache.org/maven2/org/jetbrains/kotlin/kotlin-daemon-client/1.8.20/kotlin-daemon-client-1.8.20.jar to /home/runner/.gradle/.tmp/gradle_download11587382256554921815bin
[        ] Downloading https://repo.maven.apache.org/maven2/org/jetbrains/kotlin/kotlin-daemon-embeddable/1.8.20/kotlin-daemon-embeddable-1.8.20.jar to /home/runner/.gradle/.tmp/gradle_download8874611074635886751bin
[  +98 ms] Downloading https://repo.maven.apache.org/maven2/org/jetbrains/kotlin/kotlin-scripting-jvm/1.8.20/kotlin-scripting-jvm-1.8.20.jar to /home/runner/.gradle/.tmp/gradle_download8490489608744383067bin
[        ] Downloading https://repo.maven.apache.org/maven2/org/jetbrains/kotlin/kotlin-scripting-common/1.8.20/kotlin-scripting-common-1.8.20.jar to /home/runner/.gradle/.tmp/gradle_download2905306094940220089bin
[        ] Downloading https://repo.maven.apache.org/maven2/org/jetbrains/kotlin/kotlin-stdlib-common/1.7.10/kotlin-stdlib-common-1.7.10.jar to /home/runner/.gradle/.tmp/gradle_download7024090290676015204bin
[        ] Downloading https://repo.maven.apache.org/maven2/io/grpc/grpc-context/1.45.1/grpc-context-1.45.1.jar to /home/runner/.gradle/.tmp/gradle_download6766448069794562078bin
[        ] Downloading https://repo.maven.apache.org/maven2/io/netty/netty-codec-http/4.1.72.Final/netty-codec-http-4.1.72.Final.jar to /home/runner/.gradle/.tmp/gradle_download14552712569648031708bin
[        ] Downloading https://repo.maven.apache.org/maven2/io/netty/netty-handler/4.1.72.Final/netty-handler-4.1.72.Final.jar to /home/runner/.gradle/.tmp/gradle_download1218357903044708619bin
[        ] Downloading https://repo.maven.apache.org/maven2/io/netty/netty-buffer/4.1.72.Final/netty-buffer-4.1.72.Final.jar to /home/runner/.gradle/.tmp/gradle_download17083802851164460913bin
[        ] Downloading https://repo.maven.apache.org/maven2/io/netty/netty-codec-socks/4.1.72.Final/netty-codec-socks-4.1.72.Final.jar to /home/runner/.gradle/.tmp/gradle_download2362122667459998532bin
[        ] Downloading https://repo.maven.apache.org/maven2/io/netty/netty-codec/4.1.72.Final/netty-codec-4.1.72.Final.jar to /home/runner/.gradle/.tmp/gradle_download883937414313765669bin
[        ] Downloading https://repo.maven.apache.org/maven2/io/netty/netty-transport/4.1.72.Final/netty-transport-4.1.72.Final.jar to /home/runner/.gradle/.tmp/gradle_download10166162634653200864bin
[        ] Downloading https://repo.maven.apache.org/maven2/io/netty/netty-common/4.1.72.Final/netty-common-4.1.72.Final.jar to /home/runner/.gradle/.tmp/gradle_download17642394828614531775bin
[        ] Downloading https://repo.maven.apache.org/maven2/io/netty/netty-resolver/4.1.72.Final/netty-resolver-4.1.72.Final.jar to /home/runner/.gradle/.tmp/gradle_download4833101680591323242bin
[        ] Downloading https://repo.maven.apache.org/maven2/io/netty/netty-tcnative-classes/2.0.46.Final/netty-tcnative-classes-2.0.46.Final.jar to /home/runner/.gradle/.tmp/gradle_download3297921910286826771bin
[+5801 ms] Compiling build file '/home/runner/.pub-cache/hosted/pub.dev/flutter_tts-3.8.5/android/build.gradle' using BuildScriptTransformer.
[ +197 ms] Using default execution profile
[        ] Using Kotlin Gradle Plugin gradle82 variant
[+2299 ms] > Configure project :mobile_scanner
[        ] Evaluating project ':mobile_scanner' using build file '/home/runner/.pub-cache/hosted/pub.dev/mobile_scanner-5.2.3/android/build.gradle'.
[        ] Compiling build file '/home/runner/.pub-cache/hosted/pub.dev/mobile_scanner-5.2.3/android/build.gradle' using SubsetScriptTransformer.
[        ] Resource missing. [HTTP GET: https://dl.google.com/dl/android/maven2/org/jetbrains/kotlin/kotlin-gradle-plugin/1.7.22/kotlin-gradle-plugin-1.7.22.pom]
[        ] Downloading https://repo.maven.apache.org/maven2/org/jetbrains/kotlin/kotlin-gradle-plugin/1.7.22/kotlin-gradle-plugin-1.7.22.pom to /home/runner/.gradle/.tmp/gradle_download10552823578569068253bin
[        ] Downloading https://repo.maven.apache.org/maven2/org/jetbrains/kotlin/kotlin-gradle-plugin/1.7.22/kotlin-gradle-plugin-1.7.22.module to /home/runner/.gradle/.tmp/gradle_download16546224300355398554bin
[        ] Resource missing. [HTTP GET: https://dl.google.com/dl/android/maven2/org/jetbrains/kotlin/kotlin-gradle-plugin-api/1.7.22/kotlin-gradle-plugin-api-1.7.22.pom]
[        ] Downloading https://repo.maven.apache.org/maven2/org/jetbrains/kotlin/kotlin-gradle-plugin-api/1.7.22/kotlin-gradle-plugin-api-1.7.22.pom to /home/runner/.gradle/.tmp/gradle_download8463619562403149266bin
[        ] Resource missing. [HTTP GET: https://dl.google.com/dl/android/maven2/org/jetbrains/kotlin/kotlin-tooling-core/1.7.22/kotlin-tooling-core-1.7.22.pom]
[        ] Resource missing. [HTTP GET: https://dl.google.com/dl/android/maven2/org/jetbrains/kotlin/kotlin-gradle-plugin-model/1.7.22/kotlin-gradle-plugin-model-1.7.22.pom]
[        ] Downloading https://repo.maven.apache.org/maven2/org/jetbrains/kotlin/kotlin-gradle-plugin-api/1.7.22/kotlin-gradle-plugin-api-1.7.22.module to /home/runner/.gradle/.tmp/gradle_download4550391492276787664bin
[        ] Downloading https://repo.maven.apache.org/maven2/org/jetbrains/kotlin/kotlin-tooling-core/1.7.22/kotlin-tooling-core-1.7.22.pom to /home/runner/.gradle/.tmp/gradle_download5931309578110462823bin
[        ] Downloading https://repo.maven.apache.org/maven2/org/jetbrains/kotlin/kotlin-gradle-plugin-model/1.7.22/kotlin-gradle-plugin-model-1.7.22.pom to /home/runner/.gradle/.tmp/gradle_download8235932943339015800bin
[        ] Resource missing. [HTTP GET: https://dl.google.com/dl/android/maven2/org/jetbrains/kotlin/kotlin-gradle-plugin-idea/1.7.22/kotlin-gradle-plugin-idea-1.7.22.pom]
[        ] Resource missing. [HTTP GET: https://dl.google.com/dl/android/maven2/org/jetbrains/kotlin/kotlin-gradle-plugin-idea-proto/1.7.22/kotlin-gradle-plugin-idea-proto-1.7.22.pom]
[        ] Downloading https://repo.maven.apache.org/maven2/org/jetbrains/kotlin/kotlin-gradle-plugin-idea/1.7.22/kotlin-gradle-plugin-idea-1.7.22.pom to /home/runner/.gradle/.tmp/gradle_download9373970944332304968bin
[        ] Downloading https://repo.maven.apache.org/maven2/org/jetbrains/kotlin/kotlin-gradle-plugin-idea-proto/1.7.22/kotlin-gradle-plugin-idea-proto-1.7.22.pom to /home/runner/.gradle/.tmp/gradle_download14938079505957817827bin
[        ] Downloading https://repo.maven.apache.org/maven2/org/jetbrains/kotlin/kotlin-gradle-plugin-model/1.7.22/kotlin-gradle-plugin-model-1.7.22.module to /home/runner/.gradle/.tmp/gradle_download12789724472208725748bin
[        ] Downloading https://repo.maven.apache.org/maven2/org/jetbrains/kotlin/kotlin-gradle-plugin-idea/1.7.22/kotlin-gradle-plugin-idea-1.7.22.module to /home/runner/.gradle/.tmp/gradle_download3856381507555031350bin
[        ] Resource missing. [HTTP GET: https://dl.google.com/dl/android/maven2/org/jetbrains/kotlin/kotlin-project-model/1.7.22/kotlin-project-model-1.7.22.pom]
[        ] Resource missing. [HTTP GET: https://dl.google.com/dl/android/maven2/org/jetbrains/kotlin/kotlin-util-klib/1.7.22/kotlin-util-klib-1.7.22.pom]
[        ] Resource missing. [HTTP GET: https://dl.google.com/dl/android/maven2/org/jetbrains/kotlin/kotlin-compiler-embeddable/1.7.22/kotlin-compiler-embeddable-1.7.22.pom]
[        ] Downloading https://repo.maven.apache.org/maven2/org/jetbrains/kotlin/kotlin-util-klib/1.7.22/kotlin-util-klib-1.7.22.pom to /home/runner/.gradle/.tmp/gradle_download1611339679596467584bin
[        ] Downloading https://repo.maven.apache.org/maven2/org/jetbrains/kotlin/kotlin-project-model/1.7.22/kotlin-project-model-1.7.22.pom to /home/runner/.gradle/.tmp/gradle_download2796324825770399849bin
[        ] Downloading https://repo.maven.apache.org/maven2/org/jetbrains/kotlin/kotlin-compiler-embeddable/1.7.22/kotlin-compiler-embeddable-1.7.22.pom to /home/runner/.gradle/.tmp/gradle_download417460660598155508bin
[        ] Resource missing. [HTTP GET: https://dl.google.com/dl/android/maven2/org/jetbrains/kotlin/kotlin-annotation-processing-gradle/1.7.22/kotlin-annotation-processing-gradle-1.7.22.pom]
[        ] Resource missing. [HTTP GET: https://dl.google.com/dl/android/maven2/org/jetbrains/kotlin/kotlin-klib-commonizer-api/1.7.22/kotlin-klib-commonizer-api-1.7.22.pom]
[        ] Resource missing. [HTTP GET: https://dl.google.com/dl/android/maven2/org/jetbrains/kotlin/kotlin-android-extensions/1.7.22/kotlin-android-extensions-1.7.22.pom]
[        ] Downloading https://repo.maven.apache.org/maven2/org/jetbrains/kotlin/kotlin-annotation-processing-gradle/1.7.22/kotlin-annotation-processing-gradle-1.7.22.pom to /home/runner/.gradle/.tmp/gradle_download7506292244354693455bin
[        ] Downloading https://repo.maven.apache.org/maven2/org/jetbrains/kotlin/kotlin-android-extensions/1.7.22/kotlin-android-extensions-1.7.22.pom to /home/runner/.gradle/.tmp/gradle_download164855475939358402bin
[        ] Downloading https://repo.maven.apache.org/maven2/org/jetbrains/kotlin/kotlin-klib-commonizer-api/1.7.22/kotlin-klib-commonizer-api-1.7.22.pom to /home/runner/.gradle/.tmp/gradle_download7283863276107449776bin
[        ] Resource missing. [HTTP GET: https://dl.google.com/dl/android/maven2/org/jetbrains/kotlin/kotlin-compiler-runner/1.7.22/kotlin-compiler-runner-1.7.22.pom]
[        ] Resource missing. [HTTP GET: https://dl.google.com/dl/android/maven2/org/jetbrains/kotlin/kotlin-scripting-compiler-embeddable/1.7.22/kotlin-scripting-compiler-embeddable-1.7.22.pom]
[        ] Resource missing. [HTTP GET: https://dl.google.com/dl/android/maven2/org/jetbrains/kotlin/kotlin-scripting-compiler-impl-embeddable/1.7.22/kotlin-scripting-compiler-impl-embeddable-1.7.22.pom]
[        ] Downloading https://repo.maven.apache.org/maven2/org/jetbrains/kotlin/kotlin-compiler-runner/1.7.22/kotlin-compiler-runner-1.7.22.pom to /home/runner/.gradle/.tmp/gradle_download16990957084487423857bin
[        ] Downloading https://repo.maven.apache.org/maven2/org/jetbrains/kotlin/kotlin-scripting-compiler-impl-embeddable/1.7.22/kotlin-scripting-compiler-impl-embeddable-1.7.22.pom to /home/runner/.gradle/.tmp/gradle_download17767045008932426068bin
[        ] Downloading https://repo.maven.apache.org/maven2/org/jetbrains/kotlin/kotlin-scripting-compiler-embeddable/1.7.22/kotlin-scripting-compiler-embeddable-1.7.22.pom to /home/runner/.gradle/.tmp/gradle_download848112760286723088bin
[        ] Resource missing. [HTTP GET: https://dl.google.com/dl/android/maven2/org/jetbrains/kotlin/kotlin-native-utils/1.7.22/kotlin-native-utils-1.7.22.pom]
[        ] Downloading https://repo.maven.apache.org/maven2/org/jetbrains/kotlin/kotlin-native-utils/1.7.22/kotlin-native-utils-1.7.22.pom to /home/runner/.gradle/.tmp/gradle_download5590149412423085401bin
[        ] Resource missing. [HTTP GET: https://dl.google.com/dl/android/maven2/org/jetbrains/kotlin/kotlin-util-io/1.7.22/kotlin-util-io-1.7.22.pom]
[        ] Downloading https://repo.maven.apache.org/maven2/org/jetbrains/kotlin/kotlin-util-io/1.7.22/kotlin-util-io-1.7.22.pom to /home/runner/.gradle/.tmp/gradle_download12250010777062955803bin
[        ] Resource missing. [HTTP GET: https://dl.google.com/dl/android/maven2/org/jetbrains/kotlin/kotlin-daemon-embeddable/1.7.22/kotlin-daemon-embeddable-1.7.22.pom]
[        ] Downloading https://repo.maven.apache.org/maven2/org/jetbrains/kotlin/kotlin-daemon-embeddable/1.7.22/kotlin-daemon-embeddable-1.7.22.pom to /home/runner/.gradle/.tmp/gradle_download5263568314341505881bin
[        ] Resource missing. [HTTP GET: https://dl.google.com/dl/android/maven2/org/jetbrains/kotlin/kotlin-build-common/1.7.22/kotlin-build-common-1.7.22.pom]
[        ] Resource missing. [HTTP GET: https://dl.google.com/dl/android/maven2/org/jetbrains/kotlin/kotlin-daemon-client/1.7.22/kotlin-daemon-client-1.7.22.pom]
[        ] Downloading https://repo.maven.apache.org/maven2/org/jetbrains/kotlin/kotlin-build-common/1.7.22/kotlin-build-common-1.7.22.pom to /home/runner/.gradle/.tmp/gradle_download14466154766474919999bin
[        ] Downloading https://repo.maven.apache.org/maven2/org/jetbrains/kotlin/kotlin-daemon-client/1.7.22/kotlin-daemon-client-1.7.22.pom to /home/runner/.gradle/.tmp/gradle_download13754387286592030256bin
[        ] Resource missing. [HTTP GET: https://dl.google.com/dl/android/maven2/org/jetbrains/kotlin/kotlin-scripting-jvm/1.7.22/kotlin-scripting-jvm-1.7.22.pom]
[        ] Downloading https://repo.maven.apache.org/maven2/org/jetbrains/kotlin/kotlin-scripting-jvm/1.7.22/kotlin-scripting-jvm-1.7.22.pom to /home/runner/.gradle/.tmp/gradle_download2657005595689406312bin
[        ] Resource missing. [HTTP GET: https://dl.google.com/dl/android/maven2/org/jetbrains/kotlin/kotlin-scripting-common/1.7.22/kotlin-scripting-common-1.7.22.pom]
[        ] Downloading https://repo.maven.apache.org/maven2/org/jetbrains/kotlin/kotlin-scripting-common/1.7.22/kotlin-scripting-common-1.7.22.pom to /home/runner/.gradle/.tmp/gradle_download5703225206483312412bin
[        ] Downloading https://repo.maven.apache.org/maven2/org/jetbrains/kotlin/kotlin-gradle-plugin/1.7.22/kotlin-gradle-plugin-1.7.22-gradle71.jar to /home/runner/.gradle/.tmp/gradle_download15198591066987045921bin
[        ] Downloading https://repo.maven.apache.org/maven2/org/jetbrains/kotlin/kotlin-gradle-plugin-model/1.7.22/kotlin-gradle-plugin-model-1.7.22.jar to /home/runner/.gradle/.tmp/gradle_download7044172313486396689bin
[        ] Downloading https://repo.maven.apache.org/maven2/org/jetbrains/kotlin/kotlin-gradle-plugin-api/1.7.22/kotlin-gradle-plugin-api-1.7.22.jar to /home/runner/.gradle/.tmp/gradle_download2098000407361056643bin
[        ] Downloading https://repo.maven.apache.org/maven2/org/jetbrains/kotlin/kotlin-gradle-plugin-api/1.7.22/kotlin-gradle-plugin-api-1.7.22-gradle71.jar to /home/runner/.gradle/.tmp/gradle_download18032962594335420238bin
[        ] Downloading https://repo.maven.apache.org/maven2/org/jetbrains/kotlin/kotlin-gradle-plugin-idea-proto/1.7.22/kotlin-gradle-plugin-idea-proto-1.7.22.jar to /home/runner/.gradle/.tmp/gradle_download13285159227304673786bin
[        ] Downloading https://repo.maven.apache.org/maven2/org/jetbrains/kotlin/kotlin-gradle-plugin-idea/1.7.22/kotlin-gradle-plugin-idea-1.7.22.jar to /home/runner/.gradle/.tmp/gradle_download3974960514569997410bin
[        ] Downloading https://repo.maven.apache.org/maven2/org/jetbrains/kotlin/kotlin-project-model/1.7.22/kotlin-project-model-1.7.22.jar to /home/runner/.gradle/.tmp/gradle_download3385500792300802358bin
[        ] Downloading https://repo.maven.apache.org/maven2/org/jetbrains/kotlin/kotlin-tooling-core/1.7.22/kotlin-tooling-core-1.7.22.jar to /home/runner/.gradle/.tmp/gradle_download734267937849407975bin
[        ] Downloading https://repo.maven.apache.org/maven2/org/jetbrains/kotlin/kotlin-util-klib/1.7.22/kotlin-util-klib-1.7.22.jar to /home/runner/.gradle/.tmp/gradle_download15197963084054279801bin
[        ] Downloading https://repo.maven.apache.org/maven2/org/jetbrains/kotlin/kotlin-klib-commonizer-api/1.7.22/kotlin-klib-commonizer-api-1.7.22.jar to /home/runner/.gradle/.tmp/gradle_download11536229951465772571bin
[        ] Downloading https://repo.maven.apache.org/maven2/org/jetbrains/kotlin/kotlin-annotation-processing-gradle/1.7.22/kotlin-annotation-processing-gradle-1.7.22.jar to /home/runner/.gradle/.tmp/gradle_download3682512897720294280bin
[        ] Downloading https://repo.maven.apache.org/maven2/org/jetbrains/kotlin/kotlin-compiler-embeddable/1.7.22/kotlin-compiler-embeddable-1.7.22.jar to /home/runner/.gradle/.tmp/gradle_download4324990703258264219bin
[        ] Downloading https://repo.maven.apache.org/maven2/org/jetbrains/kotlin/kotlin-compiler-runner/1.7.22/kotlin-compiler-runner-1.7.22.jar to /home/runner/.gradle/.tmp/gradle_download13041517727031415229bin
[        ] Downloading https://repo.maven.apache.org/maven2/org/jetbrains/kotlin/kotlin-scripting-compiler-embeddable/1.7.22/kotlin-scripting-compiler-embeddable-1.7.22.jar to /home/runner/.gradle/.tmp/gradle_download16980933627583005206bin
[        ] Downloading https://repo.maven.apache.org/maven2/org/jetbrains/kotlin/kotlin-android-extensions/1.7.22/kotlin-android-extensions-1.7.22.jar to /home/runner/.gradle/.tmp/gradle_download11266057648841102076bin
[        ] Downloading https://repo.maven.apache.org/maven2/org/jetbrains/kotlin/kotlin-scripting-compiler-impl-embeddable/1.7.22/kotlin-scripting-compiler-impl-embeddable-1.7.22.jar to /home/runner/.gradle/.tmp/gradle_download14522525234063409644bin
[        ] Downloading https://repo.maven.apache.org/maven2/org/jetbrains/kotlin/kotlin-util-io/1.7.22/kotlin-util-io-1.7.22.jar to /home/runner/.gradle/.tmp/gradle_download16034389500185654213bin
[        ] Downloading https://repo.maven.apache.org/maven2/org/jetbrains/kotlin/kotlin-native-utils/1.7.22/kotlin-native-utils-1.7.22.jar to /home/runner/.gradle/.tmp/gradle_download9573215960191191782bin
[        ] Downloading https://repo.maven.apache.org/maven2/org/jetbrains/kotlin/kotlin-daemon-embeddable/1.7.22/kotlin-daemon-embeddable-1.7.22.jar to /home/runner/.gradle/.tmp/gradle_download16537831926045053696bin
[        ] Downloading https://repo.maven.apache.org/maven2/org/jetbrains/kotlin/kotlin-build-common/1.7.22/kotlin-build-common-1.7.22.jar to /home/runner/.gradle/.tmp/gradle_download15010454188754360238bin
[        ] Downloading https://repo.maven.apache.org/maven2/org/jetbrains/kotlin/kotlin-scripting-jvm/1.7.22/kotlin-scripting-jvm-1.7.22.jar to /home/runner/.gradle/.tmp/gradle_download16703403376661539010bin
[        ] Downloading https://repo.maven.apache.org/maven2/org/jetbrains/kotlin/kotlin-daemon-client/1.7.22/kotlin-daemon-client-1.7.22.jar to /home/runner/.gradle/.tmp/gradle_download8491566884477486685bin
[        ] Downloading https://repo.maven.apache.org/maven2/org/jetbrains/kotlin/kotlin-scripting-common/1.7.22/kotlin-scripting-common-1.7.22.jar to /home/runner/.gradle/.tmp/gradle_download1204185150728216489bin
[+2693 ms] Compiling build file '/home/runner/.pub-cache/hosted/pub.dev/mobile_scanner-5.2.3/android/build.gradle' using BuildScriptTransformer.
[  +99 ms] Using default execution profile
[        ] Using Kotlin Gradle Plugin gradle82 variant
[+2099 ms] > Configure project :package_info_plus
[        ] Evaluating project ':package_info_plus' using build file '/home/runner/.pub-cache/hosted/pub.dev/package_info_plus-9.0.1/android/build.gradle'.
[        ] Compiling build file '/home/runner/.pub-cache/hosted/pub.dev/package_info_plus-9.0.1/android/build.gradle' using SubsetScriptTransformer.
[        ] Resource missing. [HTTP GET: https://dl.google.com/dl/android/maven2/org/jetbrains/kotlin/kotlin-gradle-plugin/2.2.0/kotlin-gradle-plugin-2.2.0.pom]
[        ] Downloading https://dl.google.com/dl/android/maven2/com/android/tools/build/gradle/8.12.1/gradle-8.12.1.pom to /home/runner/.gradle/.tmp/gradle_download7120890592515577912bin
[        ] Downloading https://repo.maven.apache.org/maven2/org/jetbrains/kotlin/kotlin-gradle-plugin/2.2.0/kotlin-gradle-plugin-2.2.0.pom to /home/runner/.gradle/.tmp/gradle_download12106961326531237008bin
[        ] Downloading https://dl.google.com/dl/android/maven2/com/android/tools/build/gradle/8.12.1/gradle-8.12.1.module to /home/runner/.gradle/.tmp/gradle_download12829275476224593071bin
[        ] Resource missing. [HTTP GET: https://dl.google.com/dl/android/maven2/org/jetbrains/kotlin/kotlin-gradle-plugins-bom/2.2.0/kotlin-gradle-plugins-bom-2.2.0.pom]
[        ] Downloading https://repo.maven.apache.org/maven2/org/jetbrains/kotlin/kotlin-gradle-plugins-bom/2.2.0/kotlin-gradle-plugins-bom-2.2.0.pom to /home/runner/.gradle/.tmp/gradle_download8562144534380126981bin
[        ] Downloading https://repo.maven.apache.org/maven2/org/jetbrains/kotlin/kotlin-gradle-plugins-bom/2.2.0/kotlin-gradle-plugins-bom-2.2.0.module to /home/runner/.gradle/.tmp/gradle_download4175201928326020507bin
[        ] Downloading https://repo.maven.apache.org/maven2/org/jetbrains/kotlin/kotlin-gradle-plugin/2.2.0/kotlin-gradle-plugin-2.2.0.module to /home/runner/.gradle/.tmp/gradle_download14447582875749521281bin
[        ] Downloading https://dl.google.com/dl/android/maven2/com/android/tools/build/gradle-settings-api/8.12.1/gradle-settings-api-8.12.1.pom to /home/runner/.gradle/.tmp/gradle_download7472785362383766736bin
[        ] Downloading https://dl.google.com/dl/android/maven2/com/android/tools/sdk-common/31.12.1/sdk-common-31.12.1.pom to /home/runner/.gradle/.tmp/gradle_download10753203131587988331bin
[        ] Downloading https://dl.google.com/dl/android/maven2/com/android/tools/sdklib/31.12.1/sdklib-31.12.1.pom to /home/runner/.gradle/.tmp/gradle_download9659972708073659787bin
[        ] Downloading https://dl.google.com/dl/android/maven2/com/android/tools/build/gradle-settings-api/8.12.1/gradle-settings-api-8.12.1.module to /home/runner/.gradle/.tmp/gradle_download5877233093724884953bin
[        ] Downloading https://dl.google.com/dl/android/maven2/com/android/tools/repository/31.12.1/repository-31.12.1.pom to /home/runner/.gradle/.tmp/gradle_download12128108315013842108bin
[        ] Downloading https://dl.google.com/dl/android/maven2/com/android/tools/ddms/ddmlib/31.12.1/ddmlib-31.12.1.pom to /home/runner/.gradle/.tmp/gradle_download438827306227159788bin
[        ] Downloading https://dl.google.com/dl/android/maven2/com/android/tools/build/aapt2-proto/8.12.1-13700139/aapt2-proto-8.12.1-13700139.pom to /home/runner/.gradle/.tmp/gradle_download11252579135521204645bin
[        ] Downloading https://dl.google.com/dl/android/maven2/com/android/tools/build/aaptcompiler/8.12.1/aaptcompiler-8.12.1.pom to /home/runner/.gradle/.tmp/gradle_download17290142455000386341bin
[        ] Downloading https://dl.google.com/dl/android/maven2/com/android/tools/analytics-library/crash/31.12.1/crash-31.12.1.pom to /home/runner/.gradle/.tmp/gradle_download8720808641136771304bin
[        ] Downloading https://dl.google.com/dl/android/maven2/com/android/tools/analytics-library/shared/31.12.1/shared-31.12.1.pom to /home/runner/.gradle/.tmp/gradle_download9561389729781156710bin
[        ] Downloading https://dl.google.com/dl/android/maven2/com/android/tools/build/aapt2-proto/8.12.1-13700139/aapt2-proto-8.12.1-13700139.module to /home/runner/.gradle/.tmp/gradle_download16885572561617927305bin
[        ] Downloading https://dl.google.com/dl/android/maven2/com/android/tools/lint/lint-model/31.12.1/lint-model-31.12.1.pom to /home/runner/.gradle/.tmp/gradle_download8232621644204263966bin
[        ] Downloading https://dl.google.com/dl/android/maven2/com/android/tools/build/aaptcompiler/8.12.1/aaptcompiler-8.12.1.module to /home/runner/.gradle/.tmp/gradle_download237294557093335914bin
[        ] Downloading https://dl.google.com/dl/android/maven2/androidx/databinding/databinding-compiler-common/8.12.1/databinding-compiler-common-8.12.1.pom to /home/runner/.gradle/.tmp/gradle_download722835251018144965bin
[        ] Downloading https://dl.google.com/dl/android/maven2/com/android/tools/lint/lint-typedef-remover/31.12.1/lint-typedef-remover-31.12.1.pom to /home/runner/.gradle/.tmp/gradle_download6276077589698758102bin
[        ] Downloading https://dl.google.com/dl/android/maven2/com/android/databinding/baseLibrary/8.12.1/baseLibrary-8.12.1.pom to /home/runner/.gradle/.tmp/gradle_download8553313026895760830bin
[        ] Downloading https://dl.google.com/dl/android/maven2/androidx/databinding/databinding-common/8.12.1/databinding-common-8.12.1.pom to /home/runner/.gradle/.tmp/gradle_download14003380484021988961bin
[        ] Downloading https://dl.google.com/dl/android/maven2/com/android/tools/build/builder-test-api/8.12.1/builder-test-api-8.12.1.pom to /home/runner/.gradle/.tmp/gradle_download8426805027467252924bin
[        ] Downloading https://dl.google.com/dl/android/maven2/com/android/tools/layoutlib/layoutlib-api/31.12.1/layoutlib-api-31.12.1.pom to /home/runner/.gradle/.tmp/gradle_download13782473937633843915bin
[        ] Downloading https://dl.google.com/dl/android/maven2/com/android/tools/utp/android-device-provider-gradle-proto/31.12.1/android-device-provider-gradle-proto-31.12.1.pom to /home/runner/.gradle/.tmp/gradle_download7725901775775818567bin
[        ] Downloading https://dl.google.com/dl/android/maven2/com/android/tools/utp/android-device-provider-ddmlib-proto/31.12.1/android-device-provider-ddmlib-proto-31.12.1.pom to /home/runner/.gradle/.tmp/gradle_download2486917798355963313bin
[        ] Downloading https://dl.google.com/dl/android/maven2/com/android/tools/build/builder-test-api/8.12.1/builder-test-api-8.12.1.module to /home/runner/.gradle/.tmp/gradle_download7892465537052365148bin
[        ] Downloading https://dl.google.com/dl/android/maven2/com/android/tools/utp/android-device-provider-profile-proto/31.12.1/android-device-provider-profile-proto-31.12.1.pom to /home/runner/.gradle/.tmp/gradle_download14602254037653992964bin
[        ] Downloading https://dl.google.com/dl/android/maven2/com/android/tools/utp/android-test-plugin-host-additional-test-output-proto/31.12.1/android-test-plugin-host-additional-test-output-proto-31.12.1.pom to /home/runner/.gradle/.tmp/gradle_download406787885924309264bin
[        ] Downloading https://dl.google.com/dl/android/maven2/com/android/tools/utp/android-test-plugin-host-emulator-control-proto/31.12.1/android-test-plugin-host-emulator-control-proto-31.12.1.pom to /home/runner/.gradle/.tmp/gradle_download15879996287455437515bin
[        ] Downloading https://dl.google.com/dl/android/maven2/com/android/tools/utp/android-test-plugin-result-listener-gradle-proto/31.12.1/android-test-plugin-result-listener-gradle-proto-31.12.1.pom to /home/runner/.gradle/.tmp/gradle_download1049738062174468492bin
[        ] Downloading https://dl.google.com/dl/android/maven2/com/android/tools/utp/android-test-plugin-host-coverage-proto/31.12.1/android-test-plugin-host-coverage-proto-31.12.1.pom to /home/runner/.gradle/.tmp/gradle_download15454673709832981356bin
[        ] Resource missing. [HTTP GET: https://dl.google.com/dl/android/maven2/org/jetbrains/kotlin/kotlin-stdlib/2.1.20/kotlin-stdlib-2.1.20.pom]
[        ] Resource missing. [HTTP GET: https://dl.google.com/dl/android/maven2/commons-io/commons-io/2.16.1/commons-io-2.16.1.pom]
[        ] Downloading https://repo.maven.apache.org/maven2/org/jetbrains/kotlin/kotlin-stdlib/2.1.20/kotlin-stdlib-2.1.20.pom to /home/runner/.gradle/.tmp/gradle_download8794685179082104428bin
[        ] Downloading https://repo.maven.apache.org/maven2/org/jetbrains/kotlin/kotlin-stdlib/2.1.20/kotlin-stdlib-2.1.20.module to /home/runner/.gradle/.tmp/gradle_download771991214439795952bin
[        ] Downloading https://repo.maven.apache.org/maven2/commons-io/commons-io/2.16.1/commons-io-2.16.1.pom to /home/runner/.gradle/.tmp/gradle_download14871077342624910607bin
[        ] Downloading https://dl.google.com/dl/android/maven2/com/android/tools/utp/android-test-plugin-host-apk-installer-proto/31.12.1/android-test-plugin-host-apk-installer-proto-31.12.1.pom to /home/runner/.gradle/.tmp/gradle_download4026657958618693780bin
[        ] Resource missing. [HTTP GET: https://dl.google.com/dl/android/maven2/org/ow2/asm/asm/9.7.1/asm-9.7.1.pom]
[        ] Downloading https://dl.google.com/dl/android/maven2/com/android/tools/utp/android-test-plugin-host-logcat-proto/31.12.1/android-test-plugin-host-logcat-proto-31.12.1.pom to /home/runner/.gradle/.tmp/gradle_download10309072659432568843bin
[        ] Resource missing. [HTTP GET: https://dl.google.com/dl/android/maven2/org/ow2/asm/asm-analysis/9.7.1/asm-analysis-9.7.1.pom]
[        ] Resource missing. [HTTP GET: https://dl.google.com/dl/android/maven2/org/apache/commons/commons-parent/69/commons-parent-69.pom]
[        ] Downloading https://repo.maven.apache.org/maven2/org/ow2/asm/asm/9.7.1/asm-9.7.1.pom to /home/runner/.gradle/.tmp/gradle_download16449024073999449123bin
[        ] Downloading https://repo.maven.apache.org/maven2/org/ow2/asm/asm-analysis/9.7.1/asm-analysis-9.7.1.pom to /home/runner/.gradle/.tmp/gradle_download8917264369728777391bin
[        ] Resource missing. [HTTP GET: https://dl.google.com/dl/android/maven2/org/ow2/asm/asm-commons/9.7.1/asm-commons-9.7.1.pom]
[        ] Resource missing. [HTTP GET: https://dl.google.com/dl/android/maven2/org/ow2/asm/asm-util/9.7.1/asm-util-9.7.1.pom]
[        ] Downloading https://repo.maven.apache.org/maven2/org/apache/commons/commons-parent/69/commons-parent-69.pom to /home/runner/.gradle/.tmp/gradle_download452753231229473714bin
[        ] Downloading https://repo.maven.apache.org/maven2/org/ow2/asm/asm-commons/9.7.1/asm-commons-9.7.1.pom to /home/runner/.gradle/.tmp/gradle_download13954547599248054268bin
[        ] Resource missing. [HTTP GET: https://dl.google.com/dl/android/maven2/org/bouncycastle/bcpkix-jdk18on/1.79/bcpkix-jdk18on-1.79.pom]
[        ] Downloading https://repo.maven.apache.org/maven2/org/ow2/asm/asm-util/9.7.1/asm-util-9.7.1.pom to /home/runner/.gradle/.tmp/gradle_download14552529861776283459bin
[        ] Downloading https://repo.maven.apache.org/maven2/org/bouncycastle/bcpkix-jdk18on/1.79/bcpkix-jdk18on-1.79.pom to /home/runner/.gradle/.tmp/gradle_download3228463401123169904bin
[        ] Downloading https://dl.google.com/dl/android/maven2/com/android/tools/build/bundletool/1.18.1/bundletool-1.18.1.pom to /home/runner/.gradle/.tmp/gradle_download4392806172503273545bin
[        ] Resource missing. [HTTP GET: https://dl.google.com/dl/android/maven2/org/apache/apache/31/apache-31.pom]
[        ] Resource missing. [HTTP GET: https://dl.google.com/dl/android/maven2/com/google/protobuf/protobuf-java/3.25.5/protobuf-java-3.25.5.pom]
[        ] Resource missing. [HTTP GET: https://dl.google.com/dl/android/maven2/com/google/protobuf/protobuf-java-util/3.25.5/protobuf-java-util-3.25.5.pom]
[        ] Resource missing. [HTTP GET: https://dl.google.com/dl/android/maven2/com/google/code/gson/gson/2.11.0/gson-2.11.0.pom]
[        ] Downloading https://repo.maven.apache.org/maven2/org/apache/apache/31/apache-31.pom to /home/runner/.gradle/.tmp/gradle_download13977724297498229301bin
[        ] Downloading https://repo.maven.apache.org/maven2/com/google/protobuf/protobuf-java/3.25.5/protobuf-java-3.25.5.pom to /home/runner/.gradle/.tmp/gradle_download8370947325353559471bin
[        ] Downloading https://repo.maven.apache.org/maven2/com/google/protobuf/protobuf-java-util/3.25.5/protobuf-java-util-3.25.5.pom to /home/runner/.gradle/.tmp/gradle_download2040320681677392851bin
[        ] Downloading https://repo.maven.apache.org/maven2/com/google/code/gson/gson/2.11.0/gson-2.11.0.pom to /home/runner/.gradle/.tmp/gradle_download126898528883479362bin
[        ] Resource missing. [HTTP GET: https://dl.google.com/dl/android/maven2/org/junit/junit-bom/5.10.2/junit-bom-5.10.2.pom]
[        ] Downloading https://repo.maven.apache.org/maven2/org/junit/junit-bom/5.10.2/junit-bom-5.10.2.pom to /home/runner/.gradle/.tmp/gradle_download6559066064767290521bin
[        ] Resource missing. [HTTP GET: https://dl.google.com/dl/android/maven2/com/google/protobuf/protobuf-parent/3.25.5/protobuf-parent-3.25.5.pom]
[        ] Downloading https://repo.maven.apache.org/maven2/com/google/protobuf/protobuf-parent/3.25.5/protobuf-parent-3.25.5.pom to /home/runner/.gradle/.tmp/gradle_download3003323329122420167bin
[        ] Downloading https://repo.maven.apache.org/maven2/org/junit/junit-bom/5.10.2/junit-bom-5.10.2.module to /home/runner/.gradle/.tmp/gradle_download12353336581698011278bin
[        ] Resource missing. [HTTP GET: https://dl.google.com/dl/android/maven2/com/google/code/gson/gson-parent/2.11.0/gson-parent-2.11.0.pom]
[        ] Downloading https://repo.maven.apache.org/maven2/com/google/code/gson/gson-parent/2.11.0/gson-parent-2.11.0.pom to /home/runner/.gradle/.tmp/gradle_download71083843112342206bin
[        ] Resource missing. [HTTP GET: https://dl.google.com/dl/android/maven2/com/google/protobuf/protobuf-bom/3.25.5/protobuf-bom-3.25.5.pom]
[        ] Resource missing. [HTTP GET: https://dl.google.com/dl/android/maven2/io/grpc/grpc-core/1.69.1/grpc-core-1.69.1.pom]
[        ] Downloading https://repo.maven.apache.org/maven2/com/google/protobuf/protobuf-bom/3.25.5/protobuf-bom-3.25.5.pom to /home/runner/.gradle/.tmp/gradle_download7759928930744244470bin
[        ] Resource missing. [HTTP GET: https://dl.google.com/dl/android/maven2/io/grpc/grpc-netty/1.69.1/grpc-netty-1.69.1.pom]
[        ] Downloading https://repo.maven.apache.org/maven2/io/grpc/grpc-core/1.69.1/grpc-core-1.69.1.pom to /home/runner/.gradle/.tmp/gradle_download2272893311987093998bin
[        ] Resource missing. [HTTP GET: https://dl.google.com/dl/android/maven2/io/grpc/grpc-protobuf/1.69.1/grpc-protobuf-1.69.1.pom]
[        ] Downloading https://repo.maven.apache.org/maven2/io/grpc/grpc-netty/1.69.1/grpc-netty-1.69.1.pom to /home/runner/.gradle/.tmp/gradle_download10541168789864465671bin
[        ] Resource missing. [HTTP GET: https://dl.google.com/dl/android/maven2/io/grpc/grpc-stub/1.69.1/grpc-stub-1.69.1.pom]
[        ] Resource missing. [HTTP GET: https://dl.google.com/dl/android/maven2/io/grpc/grpc-inprocess/1.69.1/grpc-inprocess-1.69.1.pom]
[        ] Downloading https://repo.maven.apache.org/maven2/io/grpc/grpc-protobuf/1.69.1/grpc-protobuf-1.69.1.pom to /home/runner/.gradle/.tmp/gradle_download17896510252694235094bin
[        ] Downloading https://repo.maven.apache.org/maven2/io/grpc/grpc-stub/1.69.1/grpc-stub-1.69.1.pom to /home/runner/.gradle/.tmp/gradle_download10359921655104853768bin
[        ] Downloading https://dl.google.com/dl/android/maven2/com/google/testing/platform/core-proto/0.0.9-alpha03/core-proto-0.0.9-alpha03.pom to /home/runner/.gradle/.tmp/gradle_download13370848557224867bin
[        ] Downloading https://repo.maven.apache.org/maven2/io/grpc/grpc-inprocess/1.69.1/grpc-inprocess-1.69.1.pom to /home/runner/.gradle/.tmp/gradle_download14272663393594483915bin
[        ] Downloading https://dl.google.com/dl/android/maven2/com/android/tools/build/builder/8.12.1/builder-8.12.1.pom to /home/runner/.gradle/.tmp/gradle_download3723161843231366319bin
[        ] Downloading https://dl.google.com/dl/android/maven2/com/android/tools/build/gradle-api/8.12.1/gradle-api-8.12.1.pom to /home/runner/.gradle/.tmp/gradle_download13616678495673921445bin
[        ] Downloading https://dl.google.com/dl/android/maven2/com/android/tools/build/builder-model/8.12.1/builder-model-8.12.1.pom to /home/runner/.gradle/.tmp/gradle_download7956724318493716111bin
[        ] Resource missing. [HTTP GET: https://dl.google.com/dl/android/maven2/org/tensorflow/tensorflow-lite-metadata/0.2.0/tensorflow-lite-metadata-0.2.0.pom]
[        ] Downloading https://dl.google.com/dl/android/maven2/com/android/tools/build/builder/8.12.1/builder-8.12.1.module to /home/runner/.gradle/.tmp/gradle_download5048683374135819848bin
[        ] Downloading https://repo.maven.apache.org/maven2/org/tensorflow/tensorflow-lite-metadata/0.2.0/tensorflow-lite-metadata-0.2.0.pom to /home/runner/.gradle/.tmp/gradle_download2401610215166438169bin
[        ] Downloading https://dl.google.com/dl/android/maven2/com/android/tools/build/builder-model/8.12.1/builder-model-8.12.1.module to /home/runner/.gradle/.tmp/gradle_download4784538086453086573bin
[        ] Downloading https://dl.google.com/dl/android/maven2/com/android/tools/build/gradle-api/8.12.1/gradle-api-8.12.1.module to /home/runner/.gradle/.tmp/gradle_download4945329520474222944bin
[        ] Resource missing. [HTTP GET: https://dl.google.com/dl/android/maven2/org/jetbrains/kotlin/kotlin-gradle-plugin-idea/2.2.0/kotlin-gradle-plugin-idea-2.2.0.pom]
[        ] Resource missing. [HTTP GET: https://dl.google.com/dl/android/maven2/org/jetbrains/kotlin/kotlin-klib-commonizer-api/2.2.0/kotlin-klib-commonizer-api-2.2.0.pom]
[        ] Resource missing. [HTTP GET: https://dl.google.com/dl/android/maven2/org/jetbrains/kotlin/kotlin-gradle-plugin-idea-proto/2.2.0/kotlin-gradle-plugin-idea-proto-2.2.0.pom]
[        ] Resource missing. [HTTP GET: https://dl.google.com/dl/android/maven2/org/jetbrains/kotlin/kotlin-build-statistics/2.2.0/kotlin-build-statistics-2.2.0.pom]
[        ] Downloading https://repo.maven.apache.org/maven2/org/jetbrains/kotlin/kotlin-gradle-plugin-idea-proto/2.2.0/kotlin-gradle-plugin-idea-proto-2.2.0.pom to /home/runner/.gradle/.tmp/gradle_download4018660592524002291bin
[        ] Downloading https://repo.maven.apache.org/maven2/org/jetbrains/kotlin/kotlin-gradle-plugin-idea/2.2.0/kotlin-gradle-plugin-idea-2.2.0.pom to /home/runner/.gradle/.tmp/gradle_download8313200161448879721bin
[        ] Downloading https://repo.maven.apache.org/maven2/org/jetbrains/kotlin/kotlin-klib-commonizer-api/2.2.0/kotlin-klib-commonizer-api-2.2.0.pom to /home/runner/.gradle/.tmp/gradle_download16206423086831165792bin
[        ] Downloading https://repo.maven.apache.org/maven2/org/jetbrains/kotlin/kotlin-build-statistics/2.2.0/kotlin-build-statistics-2.2.0.pom to /home/runner/.gradle/.tmp/gradle_download7541484925234284384bin
[        ] Downloading https://repo.maven.apache.org/maven2/org/jetbrains/kotlin/kotlin-gradle-plugin-idea/2.2.0/kotlin-gradle-plugin-idea-2.2.0.module to /home/runner/.gradle/.tmp/gradle_download10702334924007877777bin
[        ] Resource missing. [HTTP GET: https://dl.google.com/dl/android/maven2/org/jetbrains/kotlin/abi-tools-api/2.2.0/abi-tools-api-2.2.0.pom]
[        ] Downloading https://repo.maven.apache.org/maven2/org/jetbrains/kotlin/abi-tools-api/2.2.0/abi-tools-api-2.2.0.pom to /home/runner/.gradle/.tmp/gradle_download2973939423171310808bin
[        ] Resource missing. [HTTP GET: https://dl.google.com/dl/android/maven2/org/jetbrains/kotlin/kotlin-gradle-plugin-model/2.2.0/kotlin-gradle-plugin-model-2.2.0.pom]
[        ] Downloading https://repo.maven.apache.org/maven2/org/jetbrains/kotlin/kotlin-gradle-plugin-model/2.2.0/kotlin-gradle-plugin-model-2.2.0.pom to /home/runner/.gradle/.tmp/gradle_download17537787259840731852bin
[        ] Resource missing. [HTTP GET: https://dl.google.com/dl/android/maven2/org/jetbrains/kotlin/fus-statistics-gradle-plugin/2.2.0/fus-statistics-gradle-plugin-2.2.0.pom]
[        ] Resource missing. [HTTP GET: https://dl.google.com/dl/android/maven2/org/jetbrains/kotlin/kotlin-util-klib-metadata/2.2.0/kotlin-util-klib-metadata-2.2.0.pom]
[        ] Downloading https://repo.maven.apache.org/maven2/org/jetbrains/kotlin/kotlin-gradle-plugin-model/2.2.0/kotlin-gradle-plugin-model-2.2.0.module to /home/runner/.gradle/.tmp/gradle_download1512873319460759111bin
[        ] Downloading https://repo.maven.apache.org/maven2/org/jetbrains/kotlin/kotlin-util-klib-metadata/2.2.0/kotlin-util-klib-metadata-2.2.0.pom to /home/runner/.gradle/.tmp/gradle_download2695331360012144728bin
[        ] Resource missing. [HTTP GET: https://dl.google.com/dl/android/maven2/org/jetbrains/kotlin/kotlin-gradle-plugin-api/2.2.0/kotlin-gradle-plugin-api-2.2.0.pom]
[        ] Downloading https://repo.maven.apache.org/maven2/org/jetbrains/kotlin/fus-statistics-gradle-plugin/2.2.0/fus-statistics-gradle-plugin-2.2.0.pom to /home/runner/.gradle/.tmp/gradle_download707228944066389784bin
[        ] Downloading https://repo.maven.apache.org/maven2/org/jetbrains/kotlin/kotlin-gradle-plugin-api/2.2.0/kotlin-gradle-plugin-api-2.2.0.pom to /home/runner/.gradle/.tmp/gradle_download641867242274786843bin
[        ] Resource missing. [HTTP GET: https://dl.google.com/dl/android/maven2/org/jetbrains/kotlin/kotlin-compiler-runner/2.2.0/kotlin-compiler-runner-2.2.0.pom]
[        ] Downloading https://repo.maven.apache.org/maven2/org/jetbrains/kotlin/fus-statistics-gradle-plugin/2.2.0/fus-statistics-gradle-plugin-2.2.0.module to /home/runner/.gradle/.tmp/gradle_download12496944866091503734bin
[        ] Downloading https://repo.maven.apache.org/maven2/org/jetbrains/kotlin/kotlin-gradle-plugin-api/2.2.0/kotlin-gradle-plugin-api-2.2.0.module to /home/runner/.gradle/.tmp/gradle_download486624393514439705bin
[        ] Downloading https://repo.maven.apache.org/maven2/org/jetbrains/kotlin/kotlin-compiler-runner/2.2.0/kotlin-compiler-runner-2.2.0.pom to /home/runner/.gradle/.tmp/gradle_download2521610391529296901bin
[        ] Resource missing. [HTTP GET: https://dl.google.com/dl/android/maven2/com/google/guava/guava/33.3.1-jre/guava-33.3.1-jre.pom]
[        ] Resource missing. [HTTP GET: https://dl.google.com/dl/android/maven2/org/bouncycastle/bcprov-jdk18on/1.79/bcprov-jdk18on-1.79.pom]
[        ] Resource missing. [HTTP GET: https://dl.google.com/dl/android/maven2/org/jetbrains/kotlin/kotlin-reflect/2.1.20/kotlin-reflect-2.1.20.pom]
[        ] Downloading https://dl.google.com/dl/android/maven2/com/android/tools/common/31.12.1/common-31.12.1.pom to /home/runner/.gradle/.tmp/gradle_download9325563329899687029bin
[        ] Downloading https://repo.maven.apache.org/maven2/com/google/guava/guava/33.3.1-jre/guava-33.3.1-jre.pom to /home/runner/.gradle/.tmp/gradle_download17993202346029809935bin
[        ] Downloading https://repo.maven.apache.org/maven2/org/bouncycastle/bcprov-jdk18on/1.79/bcprov-jdk18on-1.79.pom to /home/runner/.gradle/.tmp/gradle_download7893027174088706080bin
[        ] Resource missing. [HTTP GET: https://dl.google.com/dl/android/maven2/org/jetbrains/kotlin/kotlin-stdlib-jdk8/2.1.20/kotlin-stdlib-jdk8-2.1.20.pom]
[        ] Downloading https://repo.maven.apache.org/maven2/org/jetbrains/kotlin/kotlin-reflect/2.1.20/kotlin-reflect-2.1.20.pom to /home/runner/.gradle/.tmp/gradle_download5524156899617697457bin
[        ] Resource missing. [HTTP GET: https://dl.google.com/dl/android/maven2/com/google/guava/guava-parent/33.3.1-jre/guava-parent-33.3.1-jre.pom]
[        ] Downloading https://repo.maven.apache.org/maven2/org/jetbrains/kotlin/kotlin-stdlib-jdk8/2.1.20/kotlin-stdlib-jdk8-2.1.20.pom to /home/runner/.gradle/.tmp/gradle_download186297887365168074bin
[        ] Downloading https://repo.maven.apache.org/maven2/com/google/guava/guava-parent/33.3.1-jre/guava-parent-33.3.1-jre.pom to /home/runner/.gradle/.tmp/gradle_download7689529283153877349bin
[        ] Downloading https://repo.maven.apache.org/maven2/com/google/guava/guava/33.3.1-jre/guava-33.3.1-jre.module to /home/runner/.gradle/.tmp/gradle_download7596163324554377857bin
[        ] Downloading https://dl.google.com/dl/android/maven2/com/android/tools/dvlib/31.12.1/dvlib-31.12.1.pom to /home/runner/.gradle/.tmp/gradle_download12955444534250742051bin
[        ] Resource missing. [HTTP GET: https://dl.google.com/dl/android/maven2/org/jetbrains/kotlinx/kotlinx-coroutines-core/1.9.0/kotlinx-coroutines-core-1.9.0.pom]
[        ] Downloading https://repo.maven.apache.org/maven2/org/jetbrains/kotlinx/kotlinx-coroutines-core/1.9.0/kotlinx-coroutines-core-1.9.0.pom to /home/runner/.gradle/.tmp/gradle_download6839116698240096249bin
[        ] Resource missing. [HTTP GET: https://dl.google.com/dl/android/maven2/org/jetbrains/kotlinx/kotlinx-coroutines-bom/1.9.0/kotlinx-coroutines-bom-1.9.0.pom]
[        ] Downloading https://repo.maven.apache.org/maven2/org/jetbrains/kotlinx/kotlinx-coroutines-bom/1.9.0/kotlinx-coroutines-bom-1.9.0.pom to /home/runner/.gradle/.tmp/gradle_download2926551373016170940bin
[        ] Downloading https://repo.maven.apache.org/maven2/org/jetbrains/kotlinx/kotlinx-coroutines-core/1.9.0/kotlinx-coroutines-core-1.9.0.module to /home/runner/.gradle/.tmp/gradle_download14608577550615841896bin
[        ] Downloading https://dl.google.com/dl/android/maven2/com/android/tools/annotations/31.12.1/annotations-31.12.1.pom to /home/runner/.gradle/.tmp/gradle_download4378187859000309768bin
[        ] Downloading https://dl.google.com/dl/android/maven2/com/android/tools/analytics-library/protos/31.12.1/protos-31.12.1.pom to /home/runner/.gradle/.tmp/gradle_download14538668013093032754bin
[        ] Resource missing. [HTTP GET: https://dl.google.com/dl/android/maven2/org/ow2/asm/asm-tree/9.7.1/asm-tree-9.7.1.pom]
[        ] Downloading https://repo.maven.apache.org/maven2/org/ow2/asm/asm-tree/9.7.1/asm-tree-9.7.1.pom to /home/runner/.gradle/.tmp/gradle_download12655860273546794963bin
[        ] Resource missing. [HTTP GET: https://dl.google.com/dl/android/maven2/org/bouncycastle/bcutil-jdk18on/1.79/bcutil-jdk18on-1.79.pom]
[        ] Downloading https://repo.maven.apache.org/maven2/org/bouncycastle/bcutil-jdk18on/1.79/bcutil-jdk18on-1.79.pom to /home/runner/.gradle/.tmp/gradle_download7226739350902008921bin
[        ] Resource missing. [HTTP GET: https://dl.google.com/dl/android/maven2/org/bitbucket/b_c/jose4j/0.9.5/jose4j-0.9.5.pom]
[        ] Downloading https://repo.maven.apache.org/maven2/org/bitbucket/b_c/jose4j/0.9.5/jose4j-0.9.5.pom to /home/runner/.gradle/.tmp/gradle_download12056066619882714967bin
[        ] Resource missing. [HTTP GET: https://dl.google.com/dl/android/maven2/com/google/errorprone/error_prone_annotations/2.27.0/error_prone_annotations-2.27.0.pom]
[        ] Downloading https://repo.maven.apache.org/maven2/com/google/errorprone/error_prone_annotations/2.27.0/error_prone_annotations-2.27.0.pom to /home/runner/.gradle/.tmp/gradle_download3934309035030564142bin
[        ] Resource missing. [HTTP GET: https://dl.google.com/dl/android/maven2/com/google/errorprone/error_prone_parent/2.27.0/error_prone_parent-2.27.0.pom]
[        ] Downloading https://repo.maven.apache.org/maven2/com/google/errorprone/error_prone_parent/2.27.0/error_prone_parent-2.27.0.pom to /home/runner/.gradle/.tmp/gradle_download4689268788259148115bin
[        ] Resource missing. [HTTP GET: https://dl.google.com/dl/android/maven2/com/google/errorprone/error_prone_annotations/2.30.0/error_prone_annotations-2.30.0.pom]
[        ] Downloading https://repo.maven.apache.org/maven2/com/google/errorprone/error_prone_annotations/2.30.0/error_prone_annotations-2.30.0.pom to /home/runner/.gradle/.tmp/gradle_download3676131834776303178bin
[        ] Resource missing. [HTTP GET: https://dl.google.com/dl/android/maven2/com/google/errorprone/error_prone_parent/2.30.0/error_prone_parent-2.30.0.pom]
[        ] Downloading https://repo.maven.apache.org/maven2/com/google/errorprone/error_prone_parent/2.30.0/error_prone_parent-2.30.0.pom to /home/runner/.gradle/.tmp/gradle_download14793276457914748967bin
[        ] Resource missing. [HTTP GET: https://dl.google.com/dl/android/maven2/io/perfmark/perfmark-api/0.27.0/perfmark-api-0.27.0.pom]
[        ] Resource missing. [HTTP GET: https://dl.google.com/dl/android/maven2/io/grpc/grpc-context/1.69.1/grpc-context-1.69.1.pom]
[        ] Resource missing. [HTTP GET: https://dl.google.com/dl/android/maven2/io/grpc/grpc-api/1.69.1/grpc-api-1.69.1.pom]
[        ] Resource missing. [HTTP GET: https://dl.google.com/dl/android/maven2/org/codehaus/mojo/animal-sniffer-annotations/1.24/animal-sniffer-annotations-1.24.pom]
[        ] Downloading https://repo.maven.apache.org/maven2/io/perfmark/perfmark-api/0.27.0/perfmark-api-0.27.0.pom to /home/runner/.gradle/.tmp/gradle_download2308620320973889708bin
[        ] Downloading https://repo.maven.apache.org/maven2/org/codehaus/mojo/animal-sniffer-annotations/1.24/animal-sniffer-annotations-1.24.pom to /home/runner/.gradle/.tmp/gradle_download4588264227662825327bin
[        ] Downloading https://repo.maven.apache.org/maven2/io/grpc/grpc-api/1.69.1/grpc-api-1.69.1.pom to /home/runner/.gradle/.tmp/gradle_download1738889537104654598bin
[        ] Downloading https://repo.maven.apache.org/maven2/io/grpc/grpc-context/1.69.1/grpc-context-1.69.1.pom to /home/runner/.gradle/.tmp/gradle_download9274541547872238624bin
[        ] Downloading https://repo.maven.apache.org/maven2/io/perfmark/perfmark-api/0.27.0/perfmark-api-0.27.0.module to /home/runner/.gradle/.tmp/gradle_download3202000324482188625bin
[        ] Resource missing. [HTTP GET: https://dl.google.com/dl/android/maven2/org/codehaus/mojo/animal-sniffer-parent/1.24/animal-sniffer-parent-1.24.pom]
[        ] Downloading https://repo.maven.apache.org/maven2/org/codehaus/mojo/animal-sniffer-parent/1.24/animal-sniffer-parent-1.24.pom to /home/runner/.gradle/.tmp/gradle_download16428879791004312239bin
[        ] Resource missing. [HTTP GET: https://dl.google.com/dl/android/maven2/org/codehaus/mojo/mojo-parent/84/mojo-parent-84.pom]
[        ] Downloading https://repo.maven.apache.org/maven2/org/codehaus/mojo/mojo-parent/84/mojo-parent-84.pom to /home/runner/.gradle/.tmp/gradle_download8055768125573158085bin
[        ] Resource missing. [HTTP GET: https://dl.google.com/dl/android/maven2/io/netty/netty-transport-native-unix-common/4.1.110.Final/netty-transport-native-unix-common-4.1.110.Final.pom]
[        ] Resource missing. [HTTP GET: https://dl.google.com/dl/android/maven2/io/netty/netty-codec-http2/4.1.110.Final/netty-codec-http2-4.1.110.Final.pom]
[        ] Resource missing. [HTTP GET: https://dl.google.com/dl/android/maven2/io/netty/netty-handler-proxy/4.1.110.Final/netty-handler-proxy-4.1.110.Final.pom]
[        ] Resource missing. [HTTP GET: https://dl.google.com/dl/android/maven2/io/grpc/grpc-util/1.69.1/grpc-util-1.69.1.pom]
[        ] Downloading https://repo.maven.apache.org/maven2/io/grpc/grpc-util/1.69.1/grpc-util-1.69.1.pom to /home/runner/.gradle/.tmp/gradle_download3653672269666718831bin
[        ] Downloading https://repo.maven.apache.org/maven2/io/netty/netty-transport-native-unix-common/4.1.110.Final/netty-transport-native-unix-common-4.1.110.Final.pom to /home/runner/.gradle/.tmp/gradle_download10354070523045454461bin
[        ] Downloading https://repo.maven.apache.org/maven2/io/netty/netty-handler-proxy/4.1.110.Final/netty-handler-proxy-4.1.110.Final.pom to /home/runner/.gradle/.tmp/gradle_download7483455661008117707bin
[        ] Downloading https://repo.maven.apache.org/maven2/io/netty/netty-codec-http2/4.1.110.Final/netty-codec-http2-4.1.110.Final.pom to /home/runner/.gradle/.tmp/gradle_download12874501091064267784bin
[        ] Resource missing. [HTTP GET: https://dl.google.com/dl/android/maven2/io/netty/netty-parent/4.1.110.Final/netty-parent-4.1.110.Final.pom]
[        ] Downloading https://repo.maven.apache.org/maven2/io/netty/netty-parent/4.1.110.Final/netty-parent-4.1.110.Final.pom to /home/runner/.gradle/.tmp/gradle_download1996735398083753859bin
[        ] Resource missing. [HTTP GET: https://dl.google.com/dl/android/maven2/com/google/api/grpc/proto-google-common-protos/2.48.0/proto-google-common-protos-2.48.0.pom]
[        ] Resource missing. [HTTP GET: https://dl.google.com/dl/android/maven2/io/grpc/grpc-protobuf-lite/1.69.1/grpc-protobuf-lite-1.69.1.pom]
[        ] Downloading https://repo.maven.apache.org/maven2/io/grpc/grpc-protobuf-lite/1.69.1/grpc-protobuf-lite-1.69.1.pom to /home/runner/.gradle/.tmp/gradle_download14204888599453273283bin
[        ] Downloading https://repo.maven.apache.org/maven2/com/google/api/grpc/proto-google-common-protos/2.48.0/proto-google-common-protos-2.48.0.pom to /home/runner/.gradle/.tmp/gradle_download10178804384093283391bin
[        ] Downloading https://dl.google.com/dl/android/maven2/com/android/tools/build/manifest-merger/31.12.1/manifest-merger-31.12.1.pom to /home/runner/.gradle/.tmp/gradle_download1704782667472762392bin
[        ] Downloading https://dl.google.com/dl/android/maven2/com/android/zipflinger/8.12.1/zipflinger-8.12.1.pom to /home/runner/.gradle/.tmp/gradle_download18088777416752419037bin
[        ] Downloading https://dl.google.com/dl/android/maven2/com/android/signflinger/8.12.1/signflinger-8.12.1.pom to /home/runner/.gradle/.tmp/gradle_download930287893336274656bin
[        ] Downloading https://dl.google.com/dl/android/maven2/com/android/tools/build/manifest-merger/31.12.1/manifest-merger-31.12.1.module to /home/runner/.gradle/.tmp/gradle_download6220076502821370240bin
[        ] Downloading https://dl.google.com/dl/android/maven2/com/android/tools/build/apksig/8.12.1/apksig-8.12.1.pom to /home/runner/.gradle/.tmp/gradle_download6810405442276490030bin
[        ] Downloading https://dl.google.com/dl/android/maven2/com/android/tools/build/apkzlib/8.12.1/apkzlib-8.12.1.pom to /home/runner/.gradle/.tmp/gradle_download3570126212309836638bin
[        ] Downloading https://dl.google.com/dl/android/maven2/com/android/tools/analytics-library/tracker/31.12.1/tracker-31.12.1.pom to /home/runner/.gradle/.tmp/gradle_download10318521079763342267bin
[        ] Resource missing. [HTTP GET: https://dl.google.com/dl/android/maven2/org/jetbrains/kotlin/kotlin-gradle-plugin-annotations/2.2.0/kotlin-gradle-plugin-annotations-2.2.0.pom]
[        ] Resource missing. [HTTP GET: https://dl.google.com/dl/android/maven2/org/jetbrains/kotlin/kotlin-tooling-core/2.2.0/kotlin-tooling-core-2.2.0.pom]
[        ] Downloading https://repo.maven.apache.org/maven2/org/jetbrains/kotlin/kotlin-tooling-core/2.2.0/kotlin-tooling-core-2.2.0.pom to /home/runner/.gradle/.tmp/gradle_download12731870488441411985bin
[        ] Downloading https://repo.maven.apache.org/maven2/org/jetbrains/kotlin/kotlin-gradle-plugin-annotations/2.2.0/kotlin-gradle-plugin-annotations-2.2.0.pom to /home/runner/.gradle/.tmp/gradle_download14463897445529571808bin
[        ] Resource missing. [HTTP GET: https://dl.google.com/dl/android/maven2/org/jetbrains/kotlin/kotlin-native-utils/2.2.0/kotlin-native-utils-2.2.0.pom]
[        ] Downloading https://repo.maven.apache.org/maven2/org/jetbrains/kotlin/kotlin-native-utils/2.2.0/kotlin-native-utils-2.2.0.pom to /home/runner/.gradle/.tmp/gradle_download4987347475471306216bin
[  +87 ms] Resource missing. [HTTP GET: https://dl.google.com/dl/android/maven2/org/jetbrains/kotlin/kotlin-build-tools-api/2.2.0/kotlin-build-tools-api-2.2.0.pom]
[        ] Downloading https://repo.maven.apache.org/maven2/org/jetbrains/kotlin/kotlin-build-tools-api/2.2.0/kotlin-build-tools-api-2.2.0.pom to /home/runner/.gradle/.tmp/gradle_download1294016223405456965bin
[        ] Resource missing. [HTTP GET: https://dl.google.com/dl/android/maven2/org/jetbrains/kotlin/kotlin-util-io/2.2.0/kotlin-util-io-2.2.0.pom]
[        ] Resource missing. [HTTP GET: https://dl.google.com/dl/android/maven2/org/jetbrains/kotlin/kotlin-util-klib/2.2.0/kotlin-util-klib-2.2.0.pom]
[        ] Downloading https://repo.maven.apache.org/maven2/org/jetbrains/kotlin/kotlin-util-klib/2.2.0/kotlin-util-klib-2.2.0.pom to /home/runner/.gradle/.tmp/gradle_download7079776624133303263bin
[        ] Downloading https://repo.maven.apache.org/maven2/org/jetbrains/kotlin/kotlin-util-io/2.2.0/kotlin-util-io-2.2.0.pom to /home/runner/.gradle/.tmp/gradle_download17390476903296243850bin
[        ] Resource missing. [HTTP GET: https://dl.google.com/dl/android/maven2/org/jetbrains/kotlinx/kotlinx-coroutines-core-jvm/1.8.0/kotlinx-coroutines-core-jvm-1.8.0.pom]
[        ] Resource missing. [HTTP GET: https://dl.google.com/dl/android/maven2/org/jetbrains/kotlin/kotlin-daemon-client/2.2.0/kotlin-daemon-client-2.2.0.pom]
[  +99 ms] Downloading https://repo.maven.apache.org/maven2/org/jetbrains/kotlin/kotlin-daemon-client/2.2.0/kotlin-daemon-client-2.2.0.pom to /home/runner/.gradle/.tmp/gradle_download9330595285942956981bin
[        ] Downloading https://repo.maven.apache.org/maven2/org/jetbrains/kotlinx/kotlinx-coroutines-core-jvm/1.8.0/kotlinx-coroutines-core-jvm-1.8.0.pom to /home/runner/.gradle/.tmp/gradle_download17002389635409305156bin
[        ] Resource missing. [HTTP GET: https://dl.google.com/dl/android/maven2/org/jetbrains/kotlinx/kotlinx-coroutines-bom/1.8.0/kotlinx-coroutines-bom-1.8.0.pom]
[        ] Downloading https://repo.maven.apache.org/maven2/org/jetbrains/kotlinx/kotlinx-coroutines-bom/1.8.0/kotlinx-coroutines-bom-1.8.0.pom to /home/runner/.gradle/.tmp/gradle_download9334363933150925347bin
[        ] Downloading https://repo.maven.apache.org/maven2/org/jetbrains/kotlinx/kotlinx-coroutines-core-jvm/1.8.0/kotlinx-coroutines-core-jvm-1.8.0.module to /home/runner/.gradle/.tmp/gradle_download4760663748329257277bin
[        ] Resource missing. [HTTP GET: https://dl.google.com/dl/android/maven2/org/checkerframework/checker-qual/3.43.0/checker-qual-3.43.0.pom]
[  +99 ms] Downloading https://repo.maven.apache.org/maven2/org/checkerframework/checker-qual/3.43.0/checker-qual-3.43.0.pom to /home/runner/.gradle/.tmp/gradle_download17457254060702171955bin
[        ] Downloading https://repo.maven.apache.org/maven2/org/checkerframework/checker-qual/3.43.0/checker-qual-3.43.0.module to /home/runner/.gradle/.tmp/gradle_download2353113969227321591bin
[        ] Resource missing. [HTTP GET: https://dl.google.com/dl/android/maven2/com/google/j2objc/j2objc-annotations/3.0.0/j2objc-annotations-3.0.0.pom]
[        ] Downloading https://repo.maven.apache.org/maven2/com/google/j2objc/j2objc-annotations/3.0.0/j2objc-annotations-3.0.0.pom to /home/runner/.gradle/.tmp/gradle_download3114099737565736130bin
[  +99 ms] Resource missing. [HTTP GET: https://dl.google.com/dl/android/maven2/com/google/guava/failureaccess/1.0.2/failureaccess-1.0.2.pom]
[        ] Downloading https://repo.maven.apache.org/maven2/com/google/guava/failureaccess/1.0.2/failureaccess-1.0.2.pom to /home/runner/.gradle/.tmp/gradle_download48758235822831107bin
[        ] Resource missing. [HTTP GET: https://dl.google.com/dl/android/maven2/org/jetbrains/kotlinx/kotlinx-coroutines-core-jvm/1.9.0/kotlinx-coroutines-core-jvm-1.9.0.pom]
[        ] Downloading https://repo.maven.apache.org/maven2/org/jetbrains/kotlinx/kotlinx-coroutines-core-jvm/1.9.0/kotlinx-coroutines-core-jvm-1.9.0.pom to /home/runner/.gradle/.tmp/gradle_download1373752701289622788bin
[        ] Downloading https://repo.maven.apache.org/maven2/org/jetbrains/kotlinx/kotlinx-coroutines-core-jvm/1.9.0/kotlinx-coroutines-core-jvm-1.9.0.module to /home/runner/.gradle/.tmp/gradle_download6173635756043538154bin
[  +99 ms] Resource missing. [HTTP GET: https://dl.google.com/dl/android/maven2/org/jetbrains/kotlin/kotlin-stdlib-jdk7/2.1.20/kotlin-stdlib-jdk7-2.1.20.pom]
[        ] Downloading https://repo.maven.apache.org/maven2/org/jetbrains/kotlin/kotlin-stdlib-jdk7/2.1.20/kotlin-stdlib-jdk7-2.1.20.pom to /home/runner/.gradle/.tmp/gradle_download5308611599059321371bin
[        ] Resource missing. [HTTP GET: https://dl.google.com/dl/android/maven2/io/netty/netty-transport/4.1.110.Final/netty-transport-4.1.110.Final.pom]
[        ] Resource missing. [HTTP GET: https://dl.google.com/dl/android/maven2/io/netty/netty-common/4.1.110.Final/netty-common-4.1.110.Final.pom]
[        ] Resource missing. [HTTP GET: https://dl.google.com/dl/android/maven2/io/netty/netty-codec/4.1.110.Final/netty-codec-4.1.110.Final.pom]
[        ] Resource missing. [HTTP GET: https://dl.google.com/dl/android/maven2/io/netty/netty-buffer/4.1.110.Final/netty-buffer-4.1.110.Final.pom]
[        ] Downloading https://repo.maven.apache.org/maven2/io/netty/netty-buffer/4.1.110.Final/netty-buffer-4.1.110.Final.pom to /home/runner/.gradle/.tmp/gradle_download13712300593615213648bin
[        ] Downloading https://repo.maven.apache.org/maven2/io/netty/netty-codec/4.1.110.Final/netty-codec-4.1.110.Final.pom to /home/runner/.gradle/.tmp/gradle_download4342809895661507719bin
[        ] Downloading https://repo.maven.apache.org/maven2/io/netty/netty-common/4.1.110.Final/netty-common-4.1.110.Final.pom to /home/runner/.gradle/.tmp/gradle_download16263077076839554435bin
[        ] Downloading https://repo.maven.apache.org/maven2/io/netty/netty-transport/4.1.110.Final/netty-transport-4.1.110.Final.pom to /home/runner/.gradle/.tmp/gradle_download496201189449722606bin
[  +99 ms] Resource missing. [HTTP GET: https://dl.google.com/dl/android/maven2/io/netty/netty-handler/4.1.110.Final/netty-handler-4.1.110.Final.pom]
[        ] Resource missing. [HTTP GET: https://dl.google.com/dl/android/maven2/io/netty/netty-codec-http/4.1.110.Final/netty-codec-http-4.1.110.Final.pom]
[        ] Downloading https://repo.maven.apache.org/maven2/io/netty/netty-codec-http/4.1.110.Final/netty-codec-http-4.1.110.Final.pom to /home/runner/.gradle/.tmp/gradle_download8845467890274901908bin
[        ] Downloading https://repo.maven.apache.org/maven2/io/netty/netty-handler/4.1.110.Final/netty-handler-4.1.110.Final.pom to /home/runner/.gradle/.tmp/gradle_download11377535913018013878bin
[        ] Resource missing. [HTTP GET: https://dl.google.com/dl/android/maven2/io/netty/netty-codec-socks/4.1.110.Final/netty-codec-socks-4.1.110.Final.pom]
[        ] Downloading https://repo.maven.apache.org/maven2/io/netty/netty-codec-socks/4.1.110.Final/netty-codec-socks-4.1.110.Final.pom to /home/runner/.gradle/.tmp/gradle_download13751854768249623356bin
[  +99 ms] Resource missing. [HTTP GET: https://dl.google.com/dl/android/maven2/io/netty/netty-resolver/4.1.110.Final/netty-resolver-4.1.110.Final.pom]
[        ] Downloading https://repo.maven.apache.org/maven2/io/netty/netty-resolver/4.1.110.Final/netty-resolver-4.1.110.Final.pom to /home/runner/.gradle/.tmp/gradle_download16810594318498836781bin
[        ] Downloading https://repo.maven.apache.org/maven2/org/jetbrains/kotlin/kotlin-gradle-plugin-model/2.2.0/kotlin-gradle-plugin-model-2.2.0.jar to /home/runner/.gradle/.tmp/gradle_download10297209749205587577bin
[        ] Downloading https://repo.maven.apache.org/maven2/org/jetbrains/kotlin/kotlin-gradle-plugin-api/2.2.0/kotlin-gradle-plugin-api-2.2.0.jar to /home/runner/.gradle/.tmp/gradle_download9593241284422530600bin
[        ] Downloading https://repo.maven.apache.org/maven2/org/jetbrains/kotlin/fus-statistics-gradle-plugin/2.2.0/fus-statistics-gradle-plugin-2.2.0-gradle82.jar to /home/runner/.gradle/.tmp/gradle_download17647844274959287116bin
[        ] Downloading https://dl.google.com/dl/android/maven2/com/android/tools/build/gradle/8.12.1/gradle-8.12.1.jar to /home/runner/.gradle/.tmp/gradle_download16323829332277012876bin
[        ] Downloading https://repo.maven.apache.org/maven2/org/jetbrains/kotlin/kotlin-gradle-plugin-api/2.2.0/kotlin-gradle-plugin-api-2.2.0-gradle82.jar to /home/runner/.gradle/.tmp/gradle_download4079144404014707689bin
[        ] Downloading https://repo.maven.apache.org/maven2/org/jetbrains/kotlin/kotlin-gradle-plugin/2.2.0/kotlin-gradle-plugin-2.2.0-gradle82.jar to /home/runner/.gradle/.tmp/gradle_download8679759019835345247bin
[        ] Downloading https://dl.google.com/dl/android/maven2/com/android/tools/lint/lint-model/31.12.1/lint-model-31.12.1.jar to /home/runner/.gradle/.tmp/gradle_download14235493006636719071bin
[  +88 ms] Downloading https://dl.google.com/dl/android/maven2/com/android/tools/build/gradle-settings-api/8.12.1/gradle-settings-api-8.12.1.jar to /home/runner/.gradle/.tmp/gradle_download13312411867791228675bin
[        ] Downloading https://dl.google.com/dl/android/maven2/com/android/tools/build/builder/8.12.1/builder-8.12.1.jar to /home/runner/.gradle/.tmp/gradle_download14230664816779629346bin
[   +1 ms] Downloading https://dl.google.com/dl/android/maven2/com/android/tools/build/manifest-merger/31.12.1/manifest-merger-31.12.1.jar to /home/runner/.gradle/.tmp/gradle_download6060625572509933460bin
[   +1 ms] Downloading https://dl.google.com/dl/android/maven2/com/android/tools/sdk-common/31.12.1/sdk-common-31.12.1.jar to /home/runner/.gradle/.tmp/gradle_download6570482033895964961bin
[   +7 ms] Downloading https://dl.google.com/dl/android/maven2/com/android/tools/sdklib/31.12.1/sdklib-31.12.1.jar to /home/runner/.gradle/.tmp/gradle_download7701940491137259420bin
[ +100 ms] Downloading https://dl.google.com/dl/android/maven2/com/android/tools/repository/31.12.1/repository-31.12.1.jar to /home/runner/.gradle/.tmp/gradle_download6728612338104631875bin
[   +5 ms] Downloading https://dl.google.com/dl/android/maven2/com/android/tools/build/gradle-api/8.12.1/gradle-api-8.12.1.jar to /home/runner/.gradle/.tmp/gradle_download10496480284984972563bin
[        ] Downloading https://dl.google.com/dl/android/maven2/com/android/tools/build/builder-test-api/8.12.1/builder-test-api-8.12.1.jar to /home/runner/.gradle/.tmp/gradle_download4354167521156854804bin
[  +62 ms] Downloading https://dl.google.com/dl/android/maven2/com/android/tools/build/aaptcompiler/8.12.1/aaptcompiler-8.12.1.jar to /home/runner/.gradle/.tmp/gradle_download16276119960524418579bin
[   +1 ms] Downloading https://dl.google.com/dl/android/maven2/com/android/tools/ddms/ddmlib/31.12.1/ddmlib-31.12.1.jar to /home/runner/.gradle/.tmp/gradle_download5740132489722155848bin
[   +3 ms] Downloading https://dl.google.com/dl/android/maven2/com/android/tools/build/bundletool/1.18.1/bundletool-1.18.1.jar to /home/runner/.gradle/.tmp/gradle_download11907710159087427525bin
[        ] Downloading https://dl.google.com/dl/android/maven2/com/android/tools/analytics-library/crash/31.12.1/crash-31.12.1.jar to /home/runner/.gradle/.tmp/gradle_download11864954963763279763bin
[        ] Downloading https://dl.google.com/dl/android/maven2/com/android/tools/build/aapt2-proto/8.12.1-13700139/aapt2-proto-8.12.1-13700139.jar to /home/runner/.gradle/.tmp/gradle_download5886739020185717972bin
[  +27 ms] Downloading https://dl.google.com/dl/android/maven2/com/android/tools/analytics-library/tracker/31.12.1/tracker-31.12.1.jar to /home/runner/.gradle/.tmp/gradle_download8540488399168711863bin
[        ] Downloading https://dl.google.com/dl/android/maven2/com/android/tools/analytics-library/shared/31.12.1/shared-31.12.1.jar to /home/runner/.gradle/.tmp/gradle_download16742140327882774046bin
[  +90 ms] Downloading https://dl.google.com/dl/android/maven2/com/android/tools/lint/lint-typedef-remover/31.12.1/lint-typedef-remover-31.12.1.jar to /home/runner/.gradle/.tmp/gradle_download12429218725576010296bin
[   +2 ms] Downloading https://dl.google.com/dl/android/maven2/androidx/databinding/databinding-compiler-common/8.12.1/databinding-compiler-common-8.12.1.jar to /home/runner/.gradle/.tmp/gradle_download12002892949886431966bin
[        ] Downloading https://dl.google.com/dl/android/maven2/androidx/databinding/databinding-common/8.12.1/databinding-common-8.12.1.jar to /home/runner/.gradle/.tmp/gradle_download12942653768830975378bin
[        ] Downloading https://dl.google.com/dl/android/maven2/com/android/databinding/baseLibrary/8.12.1/baseLibrary-8.12.1.jar to /home/runner/.gradle/.tmp/gradle_download17731162493909323630bin
[        ] Downloading https://dl.google.com/dl/android/maven2/com/android/tools/layoutlib/layoutlib-api/31.12.1/layoutlib-api-31.12.1.jar to /home/runner/.gradle/.tmp/gradle_download1843117003412069155bin
[        ] Downloading https://dl.google.com/dl/android/maven2/com/android/tools/utp/android-device-provider-ddmlib-proto/31.12.1/android-device-provider-ddmlib-proto-31.12.1.jar to /home/runner/.gradle/.tmp/gradle_download10309273597082924003bin
[        ] Downloading https://dl.google.com/dl/android/maven2/com/android/tools/utp/android-device-provider-gradle-proto/31.12.1/android-device-provider-gradle-proto-31.12.1.jar to /home/runner/.gradle/.tmp/gradle_download8596116969777777914bin
[        ] Downloading https://dl.google.com/dl/android/maven2/com/android/tools/utp/android-device-provider-profile-proto/31.12.1/android-device-provider-profile-proto-31.12.1.jar to /home/runner/.gradle/.tmp/gradle_download16444891090197700450bin
[        ] Downloading https://dl.google.com/dl/android/maven2/com/android/tools/utp/android-test-plugin-host-additional-test-output-proto/31.12.1/android-test-plugin-host-additional-test-output-proto-31.12.1.jar to /home/runner/.gradle/.tmp/gradle_download15022533270501697012bin
[        ] Downloading https://dl.google.com/dl/android/maven2/com/android/tools/utp/android-test-plugin-host-coverage-proto/31.12.1/android-test-plugin-host-coverage-proto-31.12.1.jar to /home/runner/.gradle/.tmp/gradle_download14090670127709148512bin
[ +105 ms] Downloading https://dl.google.com/dl/android/maven2/com/android/tools/utp/android-test-plugin-host-apk-installer-proto/31.12.1/android-test-plugin-host-apk-installer-proto-31.12.1.jar to /home/runner/.gradle/.tmp/gradle_download11797251340991643268bin
[        ] Downloading https://dl.google.com/dl/android/maven2/com/android/tools/utp/android-test-plugin-host-logcat-proto/31.12.1/android-test-plugin-host-logcat-proto-31.12.1.jar to /home/runner/.gradle/.tmp/gradle_download9219233891942633915bin
[        ] Downloading https://repo.maven.apache.org/maven2/org/jetbrains/kotlin/kotlin-reflect/2.1.20/kotlin-reflect-2.1.20.jar to /home/runner/.gradle/.tmp/gradle_download9767236111103239932bin
[        ] Downloading https://dl.google.com/dl/android/maven2/com/android/tools/build/builder-model/8.12.1/builder-model-8.12.1.jar to /home/runner/.gradle/.tmp/gradle_download15652953034196323200bin
[        ] Downloading https://dl.google.com/dl/android/maven2/com/android/tools/utp/android-test-plugin-result-listener-gradle-proto/31.12.1/android-test-plugin-result-listener-gradle-proto-31.12.1.jar to /home/runner/.gradle/.tmp/gradle_download12544997691432049386bin
[        ] Downloading https://repo.maven.apache.org/maven2/org/jetbrains/kotlin/kotlin-stdlib-jdk8/2.1.20/kotlin-stdlib-jdk8-2.1.20.jar to /home/runner/.gradle/.tmp/gradle_download9065077002819423020bin
[        ] Downloading https://dl.google.com/dl/android/maven2/com/android/tools/common/31.12.1/common-31.12.1.jar to /home/runner/.gradle/.tmp/gradle_download13985076169124235589bin
[        ] Downloading https://dl.google.com/dl/android/maven2/com/android/tools/utp/android-test-plugin-host-emulator-control-proto/31.12.1/android-test-plugin-host-emulator-control-proto-31.12.1.jar to /home/runner/.gradle/.tmp/gradle_download4035235913684748925bin
[        ] Downloading https://repo.maven.apache.org/maven2/org/jetbrains/kotlin/kotlin-compiler-runner/2.2.0/kotlin-compiler-runner-2.2.0.jar to /home/runner/.gradle/.tmp/gradle_download6436381640424606773bin
[        ] Downloading https://repo.maven.apache.org/maven2/org/jetbrains/kotlinx/kotlinx-coroutines-core-jvm/1.9.0/kotlinx-coroutines-core-jvm-1.9.0.jar to /home/runner/.gradle/.tmp/gradle_download1923730171672190504bin
[        ] Downloading https://repo.maven.apache.org/maven2/org/jetbrains/kotlin/kotlin-stdlib/2.1.20/kotlin-stdlib-2.1.20.jar to /home/runner/.gradle/.tmp/gradle_download11765642912860291788bin
[        ] Downloading https://repo.maven.apache.org/maven2/org/jetbrains/kotlin/kotlin-stdlib-jdk7/2.1.20/kotlin-stdlib-jdk7-2.1.20.jar to /home/runner/.gradle/.tmp/gradle_download17766701784558218270bin
[        ] Downloading https://dl.google.com/dl/android/maven2/com/android/tools/dvlib/31.12.1/dvlib-31.12.1.jar to /home/runner/.gradle/.tmp/gradle_download17646646167599801429bin
[        ] Downloading https://repo.maven.apache.org/maven2/commons-io/commons-io/2.16.1/commons-io-2.16.1.jar to /home/runner/.gradle/.tmp/gradle_download13707723252960280664bin
[  +99 ms] Downloading https://repo.maven.apache.org/maven2/org/ow2/asm/asm-util/9.7.1/asm-util-9.7.1.jar to /home/runner/.gradle/.tmp/gradle_download13005835458046601296bin
[        ] Downloading https://repo.maven.apache.org/maven2/org/ow2/asm/asm-tree/9.7.1/asm-tree-9.7.1.jar to /home/runner/.gradle/.tmp/gradle_download12775773709054354220bin
[        ] Downloading https://repo.maven.apache.org/maven2/org/ow2/asm/asm-analysis/9.7.1/asm-analysis-9.7.1.jar to /home/runner/.gradle/.tmp/gradle_download9028531988350007861bin
[        ] Downloading https://repo.maven.apache.org/maven2/org/ow2/asm/asm-commons/9.7.1/asm-commons-9.7.1.jar to /home/runner/.gradle/.tmp/gradle_download17454227001761144375bin
[        ] Downloading https://repo.maven.apache.org/maven2/org/ow2/asm/asm/9.7.1/asm-9.7.1.jar to /home/runner/.gradle/.tmp/gradle_download10307640506764152651bin
[        ] Downloading https://repo.maven.apache.org/maven2/org/bouncycastle/bcpkix-jdk18on/1.79/bcpkix-jdk18on-1.79.jar to /home/runner/.gradle/.tmp/gradle_download16099684984205444315bin
[        ] Downloading https://dl.google.com/dl/android/maven2/com/android/tools/build/apkzlib/8.12.1/apkzlib-8.12.1.jar to /home/runner/.gradle/.tmp/gradle_download5359261168833004325bin
[        ] Downloading https://repo.maven.apache.org/maven2/com/google/protobuf/protobuf-java-util/3.25.5/protobuf-java-util-3.25.5.jar to /home/runner/.gradle/.tmp/gradle_download1043585895472631996bin
[        ] Downloading https://repo.maven.apache.org/maven2/io/grpc/grpc-protobuf/1.69.1/grpc-protobuf-1.69.1.jar to /home/runner/.gradle/.tmp/gradle_download13044305851512981928bin
[        ] Downloading https://repo.maven.apache.org/maven2/com/google/protobuf/protobuf-java/3.25.5/protobuf-java-3.25.5.jar to /home/runner/.gradle/.tmp/gradle_download18240309737946602020bin
[        ] Downloading https://repo.maven.apache.org/maven2/com/google/api/grpc/proto-google-common-protos/2.48.0/proto-google-common-protos-2.48.0.jar to /home/runner/.gradle/.tmp/gradle_download15994851057429800844bin
[        ] Downloading https://dl.google.com/dl/android/maven2/com/google/testing/platform/core-proto/0.0.9-alpha03/core-proto-0.0.9-alpha03.jar to /home/runner/.gradle/.tmp/gradle_download3898373007737953908bin
[        ] Downloading https://dl.google.com/dl/android/maven2/com/android/tools/analytics-library/protos/31.12.1/protos-31.12.1.jar to /home/runner/.gradle/.tmp/gradle_download10876638796155495278bin
[        ] Downloading https://repo.maven.apache.org/maven2/io/grpc/grpc-netty/1.69.1/grpc-netty-1.69.1.jar to /home/runner/.gradle/.tmp/gradle_download13844745500432563935bin
[        ] Downloading https://repo.maven.apache.org/maven2/io/grpc/grpc-inprocess/1.69.1/grpc-inprocess-1.69.1.jar to /home/runner/.gradle/.tmp/gradle_download3387001766029434119bin
[        ] Downloading https://repo.maven.apache.org/maven2/io/grpc/grpc-util/1.69.1/grpc-util-1.69.1.jar to /home/runner/.gradle/.tmp/gradle_download4621675083887660207bin
[        ] Downloading https://repo.maven.apache.org/maven2/io/grpc/grpc-core/1.69.1/grpc-core-1.69.1.jar to /home/runner/.gradle/.tmp/gradle_download18160315136609371384bin
[  +97 ms] Downloading https://repo.maven.apache.org/maven2/org/jetbrains/kotlin/kotlin-build-statistics/2.2.0/kotlin-build-statistics-2.2.0.jar to /home/runner/.gradle/.tmp/gradle_download3423145966696496789bin
[        ] Downloading https://repo.maven.apache.org/maven2/com/google/code/gson/gson/2.11.0/gson-2.11.0.jar to /home/runner/.gradle/.tmp/gradle_download16812554080647937323bin
[        ] Downloading https://repo.maven.apache.org/maven2/io/grpc/grpc-stub/1.69.1/grpc-stub-1.69.1.jar to /home/runner/.gradle/.tmp/gradle_download11276410331763705865bin
[        ] Downloading https://repo.maven.apache.org/maven2/org/jetbrains/kotlin/kotlin-gradle-plugin-idea-proto/2.2.0/kotlin-gradle-plugin-idea-proto-2.2.0.jar to /home/runner/.gradle/.tmp/gradle_download10881054841039113688bin
[        ] Downloading https://repo.maven.apache.org/maven2/org/tensorflow/tensorflow-lite-metadata/0.2.0/tensorflow-lite-metadata-0.2.0.jar to /home/runner/.gradle/.tmp/gradle_download14082052244688902313bin
[        ] Downloading https://repo.maven.apache.org/maven2/org/jetbrains/kotlin/kotlin-gradle-plugin-idea/2.2.0/kotlin-gradle-plugin-idea-2.2.0.jar to /home/runner/.gradle/.tmp/gradle_download3750938010372228494bin
[        ] Downloading https://repo.maven.apache.org/maven2/org/jetbrains/kotlin/kotlin-util-klib-metadata/2.2.0/kotlin-util-klib-metadata-2.2.0.jar to /home/runner/.gradle/.tmp/gradle_download9262969339427373616bin
[        ] Downloading https://repo.maven.apache.org/maven2/org/jetbrains/kotlin/kotlin-klib-commonizer-api/2.2.0/kotlin-klib-commonizer-api-2.2.0.jar to /home/runner/.gradle/.tmp/gradle_download17441585992025800074bin
[        ] Downloading https://repo.maven.apache.org/maven2/org/jetbrains/kotlin/abi-tools-api/2.2.0/abi-tools-api-2.2.0.jar to /home/runner/.gradle/.tmp/gradle_download10790467087934052973bin
[        ] Downloading https://repo.maven.apache.org/maven2/io/grpc/grpc-context/1.69.1/grpc-context-1.69.1.jar to /home/runner/.gradle/.tmp/gradle_download1384589827724101135bin
[        ] Downloading https://repo.maven.apache.org/maven2/io/grpc/grpc-api/1.69.1/grpc-api-1.69.1.jar to /home/runner/.gradle/.tmp/gradle_download7539057250557138211bin
[        ] Downloading https://repo.maven.apache.org/maven2/com/google/guava/guava/33.3.1-jre/guava-33.3.1-jre.jar to /home/runner/.gradle/.tmp/gradle_download14971061417712025693bin
[        ] Downloading https://repo.maven.apache.org/maven2/io/grpc/grpc-protobuf-lite/1.69.1/grpc-protobuf-lite-1.69.1.jar to /home/runner/.gradle/.tmp/gradle_download2888492927508636164bin
[        ] Downloading https://repo.maven.apache.org/maven2/org/bouncycastle/bcutil-jdk18on/1.79/bcutil-jdk18on-1.79.jar to /home/runner/.gradle/.tmp/gradle_download18316364320796089693bin
[        ] Downloading https://repo.maven.apache.org/maven2/org/bouncycastle/bcprov-jdk18on/1.79/bcprov-jdk18on-1.79.jar to /home/runner/.gradle/.tmp/gradle_download914495888610039052bin
[  +97 ms] Downloading https://dl.google.com/dl/android/maven2/com/android/zipflinger/8.12.1/zipflinger-8.12.1.jar to /home/runner/.gradle/.tmp/gradle_download1030064371945150596bin
[        ] Downloading https://dl.google.com/dl/android/maven2/com/android/tools/annotations/31.12.1/annotations-31.12.1.jar to /home/runner/.gradle/.tmp/gradle_download15744077887299411228bin
[        ] Downloading https://repo.maven.apache.org/maven2/com/google/errorprone/error_prone_annotations/2.30.0/error_prone_annotations-2.30.0.jar to /home/runner/.gradle/.tmp/gradle_download6048858427704291962bin
[        ] Downloading https://repo.maven.apache.org/maven2/org/bitbucket/b_c/jose4j/0.9.5/jose4j-0.9.5.jar to /home/runner/.gradle/.tmp/gradle_download9106760915073167016bin
[        ] Downloading https://dl.google.com/dl/android/maven2/com/android/signflinger/8.12.1/signflinger-8.12.1.jar to /home/runner/.gradle/.tmp/gradle_download10306173084625114153bin
[        ] Downloading https://repo.maven.apache.org/maven2/com/google/j2objc/j2objc-annotations/3.0.0/j2objc-annotations-3.0.0.jar to /home/runner/.gradle/.tmp/gradle_download4444785332700297343bin
[        ] Downloading https://repo.maven.apache.org/maven2/org/codehaus/mojo/animal-sniffer-annotations/1.24/animal-sniffer-annotations-1.24.jar to /home/runner/.gradle/.tmp/gradle_download1756111282195084286bin
[        ] Downloading https://repo.maven.apache.org/maven2/io/perfmark/perfmark-api/0.27.0/perfmark-api-0.27.0.jar to /home/runner/.gradle/.tmp/gradle_download9280624940999338733bin
[        ] Downloading https://repo.maven.apache.org/maven2/io/netty/netty-handler-proxy/4.1.110.Final/netty-handler-proxy-4.1.110.Final.jar to /home/runner/.gradle/.tmp/gradle_download12907821097367430923bin
[        ] Downloading https://repo.maven.apache.org/maven2/io/netty/netty-codec-http2/4.1.110.Final/netty-codec-http2-4.1.110.Final.jar to /home/runner/.gradle/.tmp/gradle_download5322695861067527275bin
[        ] Downloading https://repo.maven.apache.org/maven2/io/netty/netty-codec-http/4.1.110.Final/netty-codec-http-4.1.110.Final.jar to /home/runner/.gradle/.tmp/gradle_download1282459857611418241bin
[        ] Downloading https://repo.maven.apache.org/maven2/io/netty/netty-handler/4.1.110.Final/netty-handler-4.1.110.Final.jar to /home/runner/.gradle/.tmp/gradle_download11515586654188834414bin
[        ] Downloading https://repo.maven.apache.org/maven2/io/netty/netty-transport-native-unix-common/4.1.110.Final/netty-transport-native-unix-common-4.1.110.Final.jar to /home/runner/.gradle/.tmp/gradle_download2577416818281777608bin
[        ] Downloading https://repo.maven.apache.org/maven2/org/checkerframework/checker-qual/3.43.0/checker-qual-3.43.0.jar to /home/runner/.gradle/.tmp/gradle_download16700667014301722996bin
[        ] Downloading https://repo.maven.apache.org/maven2/org/jetbrains/kotlin/kotlin-gradle-plugin-annotations/2.2.0/kotlin-gradle-plugin-annotations-2.2.0.jar to /home/runner/.gradle/.tmp/gradle_download10638601334286555715bin
[        ] Downloading https://repo.maven.apache.org/maven2/org/jetbrains/kotlin/kotlin-native-utils/2.2.0/kotlin-native-utils-2.2.0.jar to /home/runner/.gradle/.tmp/gradle_download15681131979407622020bin
[        ] Downloading https://dl.google.com/dl/android/maven2/com/android/tools/build/apksig/8.12.1/apksig-8.12.1.jar to /home/runner/.gradle/.tmp/gradle_download3775924594730018125bin
[        ] Downloading https://repo.maven.apache.org/maven2/org/jetbrains/kotlin/kotlin-build-tools-api/2.2.0/kotlin-build-tools-api-2.2.0.jar to /home/runner/.gradle/.tmp/gradle_download14427255149843444621bin
[  +98 ms] Downloading https://repo.maven.apache.org/maven2/org/jetbrains/kotlin/kotlin-util-klib/2.2.0/kotlin-util-klib-2.2.0.jar to /home/runner/.gradle/.tmp/gradle_download3694728930690339925bin
[        ] Downloading https://repo.maven.apache.org/maven2/org/jetbrains/kotlin/kotlin-tooling-core/2.2.0/kotlin-tooling-core-2.2.0.jar to /home/runner/.gradle/.tmp/gradle_download226384171461502947bin
[        ] Downloading https://repo.maven.apache.org/maven2/org/jetbrains/kotlin/kotlin-util-io/2.2.0/kotlin-util-io-2.2.0.jar to /home/runner/.gradle/.tmp/gradle_download13355664728316264391bin
[        ] Downloading https://repo.maven.apache.org/maven2/org/jetbrains/kotlin/kotlin-daemon-client/2.2.0/kotlin-daemon-client-2.2.0.jar to /home/runner/.gradle/.tmp/gradle_download10084898532919914767bin
[        ] Downloading https://repo.maven.apache.org/maven2/io/netty/netty-codec-socks/4.1.110.Final/netty-codec-socks-4.1.110.Final.jar to /home/runner/.gradle/.tmp/gradle_download18055441846923752172bin
[        ] Downloading https://repo.maven.apache.org/maven2/io/netty/netty-transport/4.1.110.Final/netty-transport-4.1.110.Final.jar to /home/runner/.gradle/.tmp/gradle_download7403010001487478360bin
[        ] Downloading https://repo.maven.apache.org/maven2/io/netty/netty-codec/4.1.110.Final/netty-codec-4.1.110.Final.jar to /home/runner/.gradle/.tmp/gradle_download1900583827864064691bin
[        ] Downloading https://repo.maven.apache.org/maven2/com/google/guava/failureaccess/1.0.2/failureaccess-1.0.2.jar to /home/runner/.gradle/.tmp/gradle_download1046410929815491805bin
[        ] Downloading https://repo.maven.apache.org/maven2/io/netty/netty-buffer/4.1.110.Final/netty-buffer-4.1.110.Final.jar to /home/runner/.gradle/.tmp/gradle_download17985508260768494384bin
[        ] Downloading https://repo.maven.apache.org/maven2/io/netty/netty-common/4.1.110.Final/netty-common-4.1.110.Final.jar to /home/runner/.gradle/.tmp/gradle_download2213180109349441120bin
[        ] Downloading https://repo.maven.apache.org/maven2/io/netty/netty-resolver/4.1.110.Final/netty-resolver-4.1.110.Final.jar to /home/runner/.gradle/.tmp/gradle_download12676078650793241163bin
[+3398 ms] Compiling build file '/home/runner/.pub-cache/hosted/pub.dev/package_info_plus-9.0.1/android/build.gradle' using BuildScriptTransformer.
[ +101 ms] Using default execution profile
[        ] Using Kotlin Gradle Plugin gradle82 variant
[ +102 ms] FAILURE: Build completed with 3 failures.
[   +2 ms] 1: Task failed with an exception.
[        ] -----------
[        ] * Where:
[        ] Build file '/home/runner/.pub-cache/hosted/pub.dev/package_info_plus-9.0.1/android/build.gradle' line: 30
[        ] * What went wrong:
[        ] A problem occurred evaluating project ':package_info_plus'.
[        ] > Could not get unknown property 'flutter' for extension 'android' of type com.android.build.gradle.LibraryExtension.
[        ] * Try:
[        ] > Run with --debug option to get more log output.
[        ] > Run with --scan to get full insights.
[        ] > Get more help at https://help.gradle.org.
[        ] * Exception is:
[        ] org.gradle.api.GradleScriptException: A problem occurred evaluating project ':package_info_plus'.
[        ] 	at org.gradle.groovy.scripts.internal.DefaultScriptRunnerFactory$ScriptRunnerImpl.run(DefaultScriptRunnerFactory.java:93)
[        ] 	at org.gradle.configuration.DefaultScriptPluginFactory$ScriptPluginImpl.lambda$apply$0(DefaultScriptPluginFactory.java:136)
[        ] 	at org.gradle.configuration.ProjectScriptTarget.addConfiguration(ProjectScriptTarget.java:79)
[        ] 	at org.gradle.configuration.DefaultScriptPluginFactory$ScriptPluginImpl.apply(DefaultScriptPluginFactory.java:139)
[        ] 	at org.gradle.configuration.BuildOperationScriptPlugin$1.run(BuildOperationScriptPlugin.java:65)
[        ] 	at org.gradle.internal.operations.DefaultBuildOperationRunner$1.execute(DefaultBuildOperationRunner.java:29)
[        ] 	at org.gradle.internal.operations.DefaultBuildOperationRunner$1.execute(DefaultBuildOperationRunner.java:26)
[        ] 	at org.gradle.internal.operations.DefaultBuildOperationRunner$2.execute(DefaultBuildOperationRunner.java:66)
[        ] 	at org.gradle.internal.operations.DefaultBuildOperationRunner$2.execute(DefaultBuildOperationRunner.java:59)
[        ] 	at org.gradle.internal.operations.DefaultBuildOperationRunner.execute(DefaultBuildOperationRunner.java:157)
[        ] 	at org.gradle.internal.operations.DefaultBuildOperationRunner.execute(DefaultBuildOperationRunner.java:59)
[        ] 	at org.gradle.internal.operations.DefaultBuildOperationRunner.run(DefaultBuildOperationRunner.java:47)
[        ] 	at org.gradle.internal.operations.DefaultBuildOperationExecutor.run(DefaultBuildOperationExecutor.java:73)
[        ] 	at org.gradle.configuration.BuildOperationScriptPlugin.lambda$apply$0(BuildOperationScriptPlugin.java:62)
[        ] 	at org.gradle.configuration.internal.DefaultUserCodeApplicationContext.apply(DefaultUserCodeApplicationContext.java:44)
[        ] 	at org.gradle.configuration.BuildOperationScriptPlugin.apply(BuildOperationScriptPlugin.java:62)
[   +9 ms] 	at org.gradle.api.internal.project.DefaultProjectStateRegistry$ProjectStateImpl.lambda$applyToMutableState$1(DefaultProjectStateRegistry.java:406)
[        ] 	at org.gradle.api.internal.project.DefaultProjectStateRegistry$ProjectStateImpl.fromMutableState(DefaultProjectStateRegistry.java:424)
[        ] 	at org.gradle.api.internal.project.DefaultProjectStateRegistry$ProjectStateImpl.applyToMutableState(DefaultProjectStateRegistry.java:405)
[        ] 	at org.gradle.configuration.project.BuildScriptProcessor.execute(BuildScriptProcessor.java:46)
[        ] 	at org.gradle.configuration.project.BuildScriptProcessor.execute(BuildScriptProcessor.java:27)
[        ] 	at org.gradle.configuration.project.ConfigureActionsProjectEvaluator.evaluate(ConfigureActionsProjectEvaluator.java:35)
[        ] 	at org.gradle.configuration.project.LifecycleProjectEvaluator$EvaluateProject.lambda$run$0(LifecycleProjectEvaluator.java:109)
[        ] 	at org.gradle.api.internal.project.DefaultProjectStateRegistry$ProjectStateImpl.lambda$applyToMutableState$1(DefaultProjectStateRegistry.java:406)
[        ] 	at org.gradle.api.internal.project.DefaultProjectStateRegistry$ProjectStateImpl.lambda$fromMutableState$2(DefaultProjectStateRegistry.java:429)
[        ] 	at org.gradle.internal.work.DefaultWorkerLeaseService.withReplacedLocks(DefaultWorkerLeaseService.java:360)
[        ] 	at org.gradle.api.internal.project.DefaultProjectStateRegistry$ProjectStateImpl.fromMutableState(DefaultProjectStateRegistry.java:429)
[   +2 ms] 	at org.gradle.api.internal.project.DefaultProjectStateRegistry$ProjectStateImpl.applyToMutableState(DefaultProjectStateRegistry.java:405)
[        ] 	at org.gradle.configuration.project.LifecycleProjectEvaluator$EvaluateProject.run(LifecycleProjectEvaluator.java:100)
[        ] 	at org.gradle.internal.operations.DefaultBuildOperationRunner$1.execute(DefaultBuildOperationRunner.java:29)
[        ] 	at org.gradle.internal.operations.DefaultBuildOperationRunner$1.execute(DefaultBuildOperationRunner.java:26)
[        ] 	at org.gradle.internal.operations.DefaultBuildOperationRunner$2.execute(DefaultBuildOperationRunner.java:66)
[        ] 	at org.gradle.internal.operations.DefaultBuildOperationRunner$2.execute(DefaultBuildOperationRunner.java:59)
[        ] 	at org.gradle.internal.operations.DefaultBuildOperationRunner.execute(DefaultBuildOperationRunner.java:157)
[        ] 	at org.gradle.internal.operations.DefaultBuildOperationRunner.execute(DefaultBuildOperationRunner.java:59)
[        ] 	at org.gradle.internal.operations.DefaultBuildOperationRunner.run(DefaultBuildOperationRunner.java:47)
[        ] 	at org.gradle.internal.operations.DefaultBuildOperationExecutor.run(DefaultBuildOperationExecutor.java:73)
[        ] 	at org.gradle.configuration.project.LifecycleProjectEvaluator.evaluate(LifecycleProjectEvaluator.java:72)
[        ] 	at org.gradle.api.internal.project.DefaultProject.evaluate(DefaultProject.java:788)
[        ] 	at org.gradle.api.internal.project.DefaultProject.evaluate(DefaultProject.java:156)
[        ] 	at org.gradle.api.internal.project.ProjectLifecycleController.lambda$ensureSelfConfigured$2(ProjectLifecycleController.java:84)
[        ] 	at org.gradle.internal.model.StateTransitionController.lambda$doTransition$14(StateTransitionController.java:255)
[        ] 	at org.gradle.internal.model.StateTransitionController.doTransition(StateTransitionController.java:266)
[        ] 	at org.gradle.internal.model.StateTransitionController.doTransition(StateTransitionController.java:254)
[        ] 	at org.gradle.internal.model.StateTransitionController.lambda$maybeTransitionIfNotCurrentlyTransitioning$10(StateTransitionController.java:199)
[        ] 	at org.gradle.internal.work.DefaultSynchronizer.withLock(DefaultSynchronizer.java:34)
[        ] 	at org.gradle.internal.model.StateTransitionController.maybeTransitionIfNotCurrentlyTransitioning(StateTransitionController.java:195)
[        ] 	at org.gradle.api.internal.project.ProjectLifecycleController.ensureSelfConfigured(ProjectLifecycleController.java:84)
[   +7 ms] 	at org.gradle.api.internal.project.DefaultProjectStateRegistry$ProjectStateImpl.ensureConfigured(DefaultProjectStateRegistry.java:380)
[        ] 	at org.gradle.execution.TaskPathProjectEvaluator.configure(TaskPathProjectEvaluator.java:34)
[        ] 	at org.gradle.execution.TaskPathProjectEvaluator.configureHierarchy(TaskPathProjectEvaluator.java:50)
[        ] 	at org.gradle.configuration.DefaultProjectsPreparer.prepareProjects(DefaultProjectsPreparer.java:42)
[        ] 	at org.gradle.configuration.BuildTreePreparingProjectsPreparer.prepareProjects(BuildTreePreparingProjectsPreparer.java:65)
[        ] 	at org.gradle.configuration.BuildOperationFiringProjectsPreparer$ConfigureBuild.run(BuildOperationFiringProjectsPreparer.java:52)
[        ] 	at org.gradle.internal.operations.DefaultBuildOperationRunner$1.execute(DefaultBuildOperationRunner.java:29)
[        ] 	at org.gradle.internal.operations.DefaultBuildOperationRunner$1.execute(DefaultBuildOperationRunner.java:26)
[        ] 	at org.gradle.internal.operations.DefaultBuildOperationRunner$2.execute(DefaultBuildOperationRunner.java:66)
[        ] 	at org.gradle.internal.operations.DefaultBuildOperationRunner$2.execute(DefaultBuildOperationRunner.java:59)
[        ] 	at org.gradle.internal.operations.DefaultBuildOperationRunner.execute(DefaultBuildOperationRunner.java:157)
[        ] 	at org.gradle.internal.operations.DefaultBuildOperationRunner.execute(DefaultBuildOperationRunner.java:59)
[        ] 	at org.gradle.internal.operations.DefaultBuildOperationRunner.run(DefaultBuildOperationRunner.java:47)
[        ] 	at org.gradle.internal.operations.DefaultBuildOperationExecutor.run(DefaultBuildOperationExecutor.java:73)
[        ] 	at org.gradle.configuration.BuildOperationFiringProjectsPreparer.prepareProjects(BuildOperationFiringProjectsPreparer.java:40)
[        ] 	at org.gradle.initialization.VintageBuildModelController.lambda$prepareProjects$2(VintageBuildModelController.java:84)
[        ] 	at org.gradle.internal.model.StateTransitionController.lambda$doTransition$14(StateTransitionController.java:255)
[        ] 	at org.gradle.internal.model.StateTransitionController.doTransition(StateTransitionController.java:266)
[        ] 	at org.gradle.internal.model.StateTransitionController.doTransition(StateTransitionController.java:254)
[        ] 	at org.gradle.internal.model.StateTransitionController.lambda$transitionIfNotPreviously$11(StateTransitionController.java:213)
[        ] 	at org.gradle.internal.work.DefaultSynchronizer.withLock(DefaultSynchronizer.java:34)
[        ] 	at org.gradle.internal.model.StateTransitionController.transitionIfNotPreviously(StateTransitionController.java:209)
[        ] 	at org.gradle.initialization.VintageBuildModelController.prepareProjects(VintageBuildModelController.java:84)
[        ] 	at org.gradle.initialization.VintageBuildModelController.prepareToScheduleTasks(VintageBuildModelController.java:71)
[        ] 	at org.gradle.internal.build.DefaultBuildLifecycleController.lambda$prepareToScheduleTasks$6(DefaultBuildLifecycleController.java:175)
[        ] 	at org.gradle.internal.model.StateTransitionController.lambda$doTransition$14(StateTransitionController.java:255)
[        ] 	at org.gradle.internal.model.StateTransitionController.doTransition(StateTransitionController.java:266)
[        ] 	at org.gradle.internal.model.StateTransitionController.doTransition(StateTransitionController.java:254)
[        ] 	at org.gradle.internal.model.StateTransitionController.lambda$maybeTransition$9(StateTransitionController.java:190)
[        ] 	at org.gradle.internal.work.DefaultSynchronizer.withLock(DefaultSynchronizer.java:34)
[        ] 	at org.gradle.internal.model.StateTransitionController.maybeTransition(StateTransitionController.java:186)
[        ] 	at org.gradle.internal.build.DefaultBuildLifecycleController.prepareToScheduleTasks(DefaultBuildLifecycleController.java:173)
[        ] 	at org.gradle.internal.buildtree.DefaultBuildTreeWorkPreparer.scheduleRequestedTasks(DefaultBuildTreeWorkPreparer.java:36)
[        ] 	at org.gradle.configurationcache.VintageBuildTreeWorkController$scheduleAndRunRequestedTasks$1.apply(VintageBuildTreeWorkController.kt:36)
[        ] 	at org.gradle.configurationcache.VintageBuildTreeWorkController$scheduleAndRunRequestedTasks$1.apply(VintageBuildTreeWorkController.kt:35)
[        ] 	at org.gradle.composite.internal.DefaultIncludedBuildTaskGraph.withNewWorkGraph(DefaultIncludedBuildTaskGraph.java:112)
[        ] 	at org.gradle.configurationcache.VintageBuildTreeWorkController.scheduleAndRunRequestedTasks(VintageBuildTreeWorkController.kt:35)
[        ] 	at org.gradle.internal.buildtree.DefaultBuildTreeLifecycleController.lambda$scheduleAndRunTasks$1(DefaultBuildTreeLifecycleController.java:68)
[        ] 	at org.gradle.internal.buildtree.DefaultBuildTreeLifecycleController.lambda$runBuild$4(DefaultBuildTreeLifecycleController.java:98)
[   +9 ms] 	at org.gradle.internal.model.StateTransitionController.lambda$transition$6(StateTransitionController.java:169)
[        ] 	at org.gradle.internal.model.StateTransitionController.doTransition(StateTransitionController.java:266)
[        ] 	at org.gradle.internal.model.StateTransitionController.lambda$transition$7(StateTransitionController.java:169)
[        ] 	at org.gradle.internal.work.DefaultSynchronizer.withLock(DefaultSynchronizer.java:44)
[        ] 	at org.gradle.internal.model.StateTransitionController.transition(StateTransitionController.java:169)
[        ] 	at org.gradle.internal.buildtree.DefaultBuildTreeLifecycleController.runBuild(DefaultBuildTreeLifecycleController.java:95)
[        ] 	at org.gradle.internal.buildtree.DefaultBuildTreeLifecycleController.scheduleAndRunTasks(DefaultBuildTreeLifecycleController.java:68)
[        ] 	at org.gradle.internal.buildtree.DefaultBuildTreeLifecycleController.scheduleAndRunTasks(DefaultBuildTreeLifecycleController.java:63)
[        ] 	at org.gradle.tooling.internal.provider.ExecuteBuildActionRunner.run(ExecuteBuildActionRunner.java:31)
[        ] 	at org.gradle.launcher.exec.ChainingBuildActionRunner.run(ChainingBuildActionRunner.java:35)
[        ] 	at org.gradle.internal.buildtree.ProblemReportingBuildActionRunner.run(ProblemReportingBuildActionRunner.java:49)
[        ] 	at org.gradle.launcher.exec.BuildOutcomeReportingBuildActionRunner.run(BuildOutcomeReportingBuildActionRunner.java:65)
[        ] 	at org.gradle.tooling.internal.provider.FileSystemWatchingBuildActionRunner.run(FileSystemWatchingBuildActionRunner.java:140)
[        ] 	at org.gradle.launcher.exec.BuildCompletionNotifyingBuildActionRunner.run(BuildCompletionNotifyingBuildActionRunner.java:41)
[        ] 	at org.gradle.launcher.exec.RootBuildLifecycleBuildActionExecutor.lambda$execute$0(RootBuildLifecycleBuildActionExecutor.java:40)
[        ] 	at org.gradle.composite.internal.DefaultRootBuildState.run(DefaultRootBuildState.java:123)
[        ] 	at org.gradle.launcher.exec.RootBuildLifecycleBuildActionExecutor.execute(RootBuildLifecycleBuildActionExecutor.java:40)
[        ] 	at org.gradle.internal.buildtree.InitDeprecationLoggingActionExecutor.execute(InitDeprecationLoggingActionExecutor.java:62)
[        ] 	at org.gradle.internal.buildtree.InitProblems.execute(InitProblems.java:38)
[        ] 	at org.gradle.internal.buildtree.DefaultBuildTreeContext.execute(DefaultBuildTreeContext.java:40)
[        ] 	at org.gradle.launcher.exec.BuildTreeLifecycleBuildActionExecutor.lambda$execute$0(BuildTreeLifecycleBuildActionExecutor.java:65)
[        ] 	at org.gradle.internal.buildtree.BuildTreeState.run(BuildTreeState.java:58)
[        ] 	at org.gradle.launcher.exec.BuildTreeLifecycleBuildActionExecutor.execute(BuildTreeLifecycleBuildActionExecutor.java:65)
[        ] 	at org.gradle.launcher.exec.RunAsBuildOperationBuildActionExecutor$3.call(RunAsBuildOperationBuildActionExecutor.java:61)
[        ] 	at org.gradle.launcher.exec.RunAsBuildOperationBuildActionExecutor$3.call(RunAsBuildOperationBuildActionExecutor.java:57)
[        ] 	at org.gradle.internal.operations.DefaultBuildOperationRunner$CallableBuildOperationWorker.execute(DefaultBuildOperationRunner.java:204)
[        ] 	at org.gradle.internal.operations.DefaultBuildOperationRunner$CallableBuildOperationWorker.execute(DefaultBuildOperationRunner.java:199)
[        ] 	at org.gradle.internal.operations.DefaultBuildOperationRunner$2.execute(DefaultBuildOperationRunner.java:66)
[        ] 	at org.gradle.internal.operations.DefaultBuildOperationRunner$2.execute(DefaultBuildOperationRunner.java:59)
[        ] 	at org.gradle.internal.operations.DefaultBuildOperationRunner.execute(DefaultBuildOperationRunner.java:157)
[        ] 	at org.gradle.internal.operations.DefaultBuildOperationRunner.execute(DefaultBuildOperationRunner.java:59)
[        ] 	at org.gradle.internal.operations.DefaultBuildOperationRunner.call(DefaultBuildOperationRunner.java:53)
[        ] 	at org.gradle.internal.operations.DefaultBuildOperationExecutor.call(DefaultBuildOperationExecutor.java:78)
[        ] 	at org.gradle.launcher.exec.RunAsBuildOperationBuildActionExecutor.execute(RunAsBuildOperationBuildActionExecutor.java:57)
[        ] 	at org.gradle.launcher.exec.RunAsWorkerThreadBuildActionExecutor.lambda$execute$0(RunAsWorkerThreadBuildActionExecutor.java:36)
[        ] 	at org.gradle.internal.work.DefaultWorkerLeaseService.withLocks(DefaultWorkerLeaseService.java:264)
[        ] 	at org.gradle.internal.work.DefaultWorkerLeaseService.runAsWorkerThread(DefaultWorkerLeaseService.java:128)
[  +13 ms] 	at org.gradle.launcher.exec.RunAsWorkerThreadBuildActionExecutor.execute(RunAsWorkerThreadBuildActionExecutor.java:36)
[        ] 	at org.gradle.tooling.internal.provider.continuous.ContinuousBuildActionExecutor.execute(ContinuousBuildActionExecutor.java:110)
[        ] 	at org.gradle.tooling.internal.provider.SubscribableBuildActionExecutor.execute(SubscribableBuildActionExecutor.java:64)
[        ] 	at org.gradle.internal.session.DefaultBuildSessionContext.execute(DefaultBuildSessionContext.java:46)
[        ] 	at org.gradle.tooling.internal.provider.BuildSessionLifecycleBuildActionExecuter$ActionImpl.apply(BuildSessionLifecycleBuildActionExecuter.java:92)
[        ] 	at org.gradle.tooling.internal.provider.BuildSessionLifecycleBuildActionExecuter$ActionImpl.apply(BuildSessionLifecycleBuildActionExecuter.java:80)
[        ] 	at org.gradle.internal.session.BuildSessionState.run(BuildSessionState.java:69)
[        ] 	at org.gradle.tooling.internal.provider.BuildSessionLifecycleBuildActionExecuter.execute(BuildSessionLifecycleBuildActionExecuter.java:62)
[        ] 	at org.gradle.tooling.internal.provider.BuildSessionLifecycleBuildActionExecuter.execute(BuildSessionLifecycleBuildActionExecuter.java:41)
[        ] 	at org.gradle.tooling.internal.provider.StartParamsValidatingActionExecuter.execute(StartParamsValidatingActionExecuter.java:64)
[        ] 	at org.gradle.tooling.internal.provider.StartParamsValidatingActionExecuter.execute(StartParamsValidatingActionExecuter.java:32)
[        ] 	at org.gradle.tooling.internal.provider.SessionFailureReportingActionExecuter.execute(SessionFailureReportingActionExecuter.java:51)
[        ] 	at org.gradle.tooling.internal.provider.SessionFailureReportingActionExecuter.execute(SessionFailureReportingActionExecuter.java:39)
[        ] 	at org.gradle.tooling.internal.provider.SetupLoggingActionExecuter.execute(SetupLoggingActionExecuter.java:47)
[        ] 	at org.gradle.tooling.internal.provider.SetupLoggingActionExecuter.execute(SetupLoggingActionExecuter.java:31)
[        ] 	at org.gradle.launcher.daemon.server.exec.ExecuteBuild.doBuild(ExecuteBuild.java:65)
[        ] 	at org.gradle.launcher.daemon.server.exec.BuildCommandOnly.execute(BuildCommandOnly.java:37)
[        ] 	at org.gradle.launcher.daemon.server.api.DaemonCommandExecution.proceed(DaemonCommandExecution.java:104)
[        ] 	at org.gradle.launcher.daemon.server.exec.WatchForDisconnection.execute(WatchForDisconnection.java:39)
[        ] 	at org.gradle.launcher.daemon.server.api.DaemonCommandExecution.proceed(DaemonCommandExecution.java:104)
[        ] 	at org.gradle.launcher.daemon.server.exec.ResetDeprecationLogger.execute(ResetDeprecationLogger.java:29)
[        ] 	at org.gradle.launcher.daemon.server.api.DaemonCommandExecution.proceed(DaemonCommandExecution.java:104)
[        ] 	at org.gradle.launcher.daemon.server.exec.RequestStopIfSingleUsedDaemon.execute(RequestStopIfSingleUsedDaemon.java:35)
[        ] 	at org.gradle.launcher.daemon.server.api.DaemonCommandExecution.proceed(DaemonCommandExecution.java:104)
[        ] 	at org.gradle.launcher.daemon.server.exec.ForwardClientInput$2.create(ForwardClientInput.java:78)
[        ] 	at org.gradle.launcher.daemon.server.exec.ForwardClientInput$2.create(ForwardClientInput.java:75)
[        ] 	at org.gradle.util.internal.Swapper.swap(Swapper.java:38)
[        ] 	at org.gradle.launcher.daemon.server.exec.ForwardClientInput.execute(ForwardClientInput.java:75)
[        ] 	at org.gradle.launcher.daemon.server.api.DaemonCommandExecution.proceed(DaemonCommandExecution.java:104)
[        ] 	at org.gradle.launcher.daemon.server.exec.LogAndCheckHealth.execute(LogAndCheckHealth.java:64)
[        ] 	at org.gradle.launcher.daemon.server.api.DaemonCommandExecution.proceed(DaemonCommandExecution.java:104)
[   +3 ms] 	at org.gradle.launcher.daemon.server.exec.LogToClient.doBuild(LogToClient.java:63)
[        ] 	at org.gradle.launcher.daemon.server.exec.BuildCommandOnly.execute(BuildCommandOnly.java:37)
[        ] 	at org.gradle.launcher.daemon.server.api.DaemonCommandExecution.proceed(DaemonCommandExecution.java:104)
[        ] 	at org.gradle.launcher.daemon.server.exec.EstablishBuildEnvironment.doBuild(EstablishBuildEnvironment.java:84)
[        ] 	at org.gradle.launcher.daemon.server.exec.BuildCommandOnly.execute(BuildCommandOnly.java:37)
[        ] 	at org.gradle.launcher.daemon.server.api.DaemonCommandExecution.proceed(DaemonCommandExecution.java:104)
[        ] 	at org.gradle.launcher.daemon.server.exec.StartBuildOrRespondWithBusy$1.run(StartBuildOrRespondWithBusy.java:52)
[        ] 	at org.gradle.launcher.daemon.server.DaemonStateCoordinator$1.run(DaemonStateCoordinator.java:297)
[        ] 	at org.gradle.internal.concurrent.ExecutorPolicy$CatchAndRecordFailures.onExecute(ExecutorPolicy.java:64)
[        ] 	at org.gradle.internal.concurrent.AbstractManagedExecutor$1.run(AbstractManagedExecutor.java:47)
[        ] 	at java.base/java.util.concurrent.ThreadPoolExecutor.runWorker(ThreadPoolExecutor.java:1136)
[        ] 	at java.base/java.util.concurrent.ThreadPoolExecutor$Worker.run(ThreadPoolExecutor.java:635)
[        ] 	at java.base/java.lang.Thread.run(Thread.java:840)
[        ] Caused by: groovy.lang.MissingPropertyException: Could not get unknown property 'flutter' for extension 'android' of type com.android.build.gradle.LibraryExtension.
[        ] 	at org.gradle.internal.metaobject.AbstractDynamicObject.getMissingProperty(AbstractDynamicObject.java:85)
[        ] 	at org.gradle.internal.metaobject.ConfigureDelegate.getProperty(ConfigureDelegate.java:124)
[        ] 	at org.codehaus.groovy.runtime.InvokerHelper.getProperty(InvokerHelper.java:190)
[        ] 	at groovy.lang.Closure.getProperty(Closure.java:300)
[        ] 	at org.codehaus.groovy.runtime.callsite.PogoGetPropertySite.getProperty(PogoGetPropertySite.java:49)
[        ] 	at org.codehaus.groovy.runtime.callsite.AbstractCallSite.callGroovyObjectGetProperty(AbstractCallSite.java:341)
[        ] 	at build_b4cihyg598xsu99q1ya5hd2c7$_run_closure2.doCall$original(/home/runner/.pub-cache/hosted/pub.dev/package_info_plus-9.0.1/android/build.gradle:30)
[        ] 	at build_b4cihyg598xsu99q1ya5hd2c7$_run_closure2.doCall(/home/runner/.pub-cache/hosted/pub.dev/package_info_plus-9.0.1/android/build.gradle)
[        ] 	at java.base/jdk.internal.reflect.NativeMethodAccessorImpl.invoke0(Native Method)
[        ] 	at java.base/jdk.internal.reflect.NativeMethodAccessorImpl.invoke(NativeMethodAccessorImpl.java:77)
[        ] 	at java.base/jdk.internal.reflect.DelegatingMethodAccessorImpl.invoke(DelegatingMethodAccessorImpl.java:43)
[        ] 	at java.base/java.lang.reflect.Method.invoke(Method.java:569)
[        ] 	at org.codehaus.groovy.reflection.CachedMethod.invoke(CachedMethod.java:107)
[        ] 	at groovy.lang.MetaMethod.doMethodInvoke(MetaMethod.java:323)
[        ] 	at org.codehaus.groovy.runtime.metaclass.ClosureMetaClass.invokeMethod(ClosureMetaClass.java:274)
[        ] 	at groovy.lang.MetaClassImpl.invokeMethod(MetaClassImpl.java:1035)
[        ] 	at groovy.lang.Closure.call(Closure.java:412)
[        ] 	at groovy.lang.Closure.call(Closure.java:428)
[        ] 	at org.gradle.util.internal.ClosureBackedAction.execute(ClosureBackedAction.java:73)
[        ] 	at org.gradle.util.internal.ConfigureUtil.configureTarget(ConfigureUtil.java:155)
[        ] 	at org.gradle.util.internal.ConfigureUtil.configure(ConfigureUtil.java:106)
[        ] 	at org.gradle.util.internal.ConfigureUtil$WrappedConfigureAction.execute(ConfigureUtil.java:167)
[        ] 	at org.gradle.internal.extensibility.ExtensionsStorage$ExtensionHolder.configure(ExtensionsStorage.java:173)
[        ] 	at org.gradle.internal.extensibility.ExtensionsStorage.configureExtension(ExtensionsStorage.java:64)
[        ] 	at org.gradle.internal.extensibility.DefaultConvention.configureExtension(DefaultConvention.java:391)
[        ] 	at org.gradle.internal.extensibility.DefaultConvention.access$700(DefaultConvention.java:53)
[        ] 	at org.gradle.internal.extensibility.DefaultConvention$ExtensionsDynamicObject.tryInvokeMethod(DefaultConvention.java:320)
[        ] 	at org.gradle.internal.metaobject.CompositeDynamicObject.tryInvokeMethod(CompositeDynamicObject.java:98)
[        ] 	at org.gradle.internal.extensibility.MixInClosurePropertiesAsMethodsDynamicObject.tryInvokeMethod(MixInClosurePropertiesAsMethodsDynamicObject.java:36)
[   +6 ms] 	at org.gradle.groovy.scripts.BasicScript$ScriptDynamicObject.tryInvokeMethod(BasicScript.java:138)
[        ] 	at org.gradle.internal.metaobject.AbstractDynamicObject.invokeMethod(AbstractDynamicObject.java:163)
[        ] 	at org.gradle.api.internal.project.DefaultDynamicLookupRoutine.invokeMethod(DefaultDynamicLookupRoutine.java:58)
[        ] 	at org.gradle.groovy.scripts.BasicScript.invokeMethod(BasicScript.java:87)
[        ] 	at org.codehaus.groovy.runtime.callsite.PogoMetaClassSite.callCurrent(PogoMetaClassSite.java:68)
[        ] 	at org.codehaus.groovy.runtime.callsite.CallSiteArray.defaultCallCurrent(CallSiteArray.java:51)
[        ] 	at org.codehaus.groovy.runtime.callsite.AbstractCallSite.callCurrent(AbstractCallSite.java:171)
[        ] 	at org.codehaus.groovy.runtime.callsite.AbstractCallSite.callCurrent(AbstractCallSite.java:185)
[        ] 	at build_b4cihyg598xsu99q1ya5hd2c7.run(/home/runner/.pub-cache/hosted/pub.dev/package_info_plus-9.0.1/android/build.gradle:28)
[        ] 	at org.gradle.groovy.scripts.internal.DefaultScriptRunnerFactory$ScriptRunnerImpl.run(DefaultScriptRunnerFactory.java:91)
[        ] 	... 167 more
[        ] ==============================================================================
[        ] 2: Task failed with an exception.
[        ] -----------
[        ] * What went wrong:
[        ] A problem occurred configuring project ':package_info_plus'.
[        ] > Failed to notify project evaluation listener.
[        ]    > Cannot invoke method substring() on null object
[        ]    > compileSdkVersion is not specified. Please add it to build.gradle
[   +2 ms] * Try:
[        ] > Run with --debug option to get more log output.
[        ] > Run with --scan to get full insights.
[        ] > Get more help at https://help.gradle.org.
[        ] * Exception is:
[        ] org.gradle.api.ProjectConfigurationException: A problem occurred configuring project ':package_info_plus'.
[        ] 	at org.gradle.configuration.project.LifecycleProjectEvaluator.wrapException(LifecycleProjectEvaluator.java:84)
[        ] 	at org.gradle.configuration.project.LifecycleProjectEvaluator.addConfigurationFailure(LifecycleProjectEvaluator.java:77)
[        ] 	at org.gradle.configuration.project.LifecycleProjectEvaluator.access$400(LifecycleProjectEvaluator.java:55)
[        ] 	at org.gradle.configuration.project.LifecycleProjectEvaluator$EvaluateProject.lambda$run$0(LifecycleProjectEvaluator.java:111)
[        ] 	at org.gradle.api.internal.project.DefaultProjectStateRegistry$ProjectStateImpl.lambda$applyToMutableState$1(DefaultProjectStateRegistry.java:406)
[        ] 	at org.gradle.api.internal.project.DefaultProjectStateRegistry$ProjectStateImpl.lambda$fromMutableState$2(DefaultProjectStateRegistry.java:429)
[        ] 	at org.gradle.internal.work.DefaultWorkerLeaseService.withReplacedLocks(DefaultWorkerLeaseService.java:360)
[   +2 ms] 	at org.gradle.api.internal.project.DefaultProjectStateRegistry$ProjectStateImpl.fromMutableState(DefaultProjectStateRegistry.java:429)
[        ] 	at org.gradle.api.internal.project.DefaultProjectStateRegistry$ProjectStateImpl.applyToMutableState(DefaultProjectStateRegistry.java:405)
[        ] 	at org.gradle.configuration.project.LifecycleProjectEvaluator$EvaluateProject.run(LifecycleProjectEvaluator.java:100)
[        ] 	at org.gradle.internal.operations.DefaultBuildOperationRunner$1.execute(DefaultBuildOperationRunner.java:29)
[        ] 	at org.gradle.internal.operations.DefaultBuildOperationRunner$1.execute(DefaultBuildOperationRunner.java:26)
[        ] 	at org.gradle.internal.operations.DefaultBuildOperationRunner$2.execute(DefaultBuildOperationRunner.java:66)
[        ] 	at org.gradle.internal.operations.DefaultBuildOperationRunner$2.execute(DefaultBuildOperationRunner.java:59)
[        ] 	at org.gradle.internal.operations.DefaultBuildOperationRunner.execute(DefaultBuildOperationRunner.java:157)
[        ] 	at org.gradle.internal.operations.DefaultBuildOperationRunner.execute(DefaultBuildOperationRunner.java:59)
[        ] 	at org.gradle.internal.operations.DefaultBuildOperationRunner.run(DefaultBuildOperationRunner.java:47)
[        ] 	at org.gradle.internal.operations.DefaultBuildOperationExecutor.run(DefaultBuildOperationExecutor.java:73)
[        ] 	at org.gradle.configuration.project.LifecycleProjectEvaluator.evaluate(LifecycleProjectEvaluator.java:72)
[        ] 	at org.gradle.api.internal.project.DefaultProject.evaluate(DefaultProject.java:788)
[        ] 	at org.gradle.api.internal.project.DefaultProject.evaluate(DefaultProject.java:156)
[        ] 	at org.gradle.api.internal.project.ProjectLifecycleController.lambda$ensureSelfConfigured$2(ProjectLifecycleController.java:84)
[        ] 	at org.gradle.internal.model.StateTransitionController.lambda$doTransition$14(StateTransitionController.java:255)
[        ] 	at org.gradle.internal.model.StateTransitionController.doTransition(StateTransitionController.java:266)
[        ] 	at org.gradle.internal.model.StateTransitionController.doTransition(StateTransitionController.java:254)
[        ] 	at org.gradle.internal.model.StateTransitionController.lambda$maybeTransitionIfNotCurrentlyTransitioning$10(StateTransitionController.java:199)
[        ] 	at org.gradle.internal.work.DefaultSynchronizer.withLock(DefaultSynchronizer.java:34)
[        ] 	at org.gradle.internal.model.StateTransitionController.maybeTransitionIfNotCurrentlyTransitioning(StateTransitionController.java:195)
[        ] 	at org.gradle.api.internal.project.ProjectLifecycleController.ensureSelfConfigured(ProjectLifecycleController.java:84)
[        ] 	at org.gradle.api.internal.project.DefaultProjectStateRegistry$ProjectStateImpl.ensureConfigured(DefaultProjectStateRegistry.java:380)
[        ] 	at org.gradle.execution.TaskPathProjectEvaluator.configure(TaskPathProjectEvaluator.java:34)
[        ] 	at org.gradle.execution.TaskPathProjectEvaluator.configureHierarchy(TaskPathProjectEvaluator.java:50)
[        ] 	at org.gradle.configuration.DefaultProjectsPreparer.prepareProjects(DefaultProjectsPreparer.java:42)
[        ] 	at org.gradle.configuration.BuildTreePreparingProjectsPreparer.prepareProjects(BuildTreePreparingProjectsPreparer.java:65)
[        ] 	at org.gradle.configuration.BuildOperationFiringProjectsPreparer$ConfigureBuild.run(BuildOperationFiringProjectsPreparer.java:52)
[        ] 	at org.gradle.internal.operations.DefaultBuildOperationRunner$1.execute(DefaultBuildOperationRunner.java:29)
[        ] 	at org.gradle.internal.operations.DefaultBuildOperationRunner$1.execute(DefaultBuildOperationRunner.java:26)
[        ] 	at org.gradle.internal.operations.DefaultBuildOperationRunner$2.execute(DefaultBuildOperationRunner.java:66)
[        ] 	at org.gradle.internal.operations.DefaultBuildOperationRunner$2.execute(DefaultBuildOperationRunner.java:59)
[        ] 	at org.gradle.internal.operations.DefaultBuildOperationRunner.execute(DefaultBuildOperationRunner.java:157)
[        ] 	at org.gradle.internal.operations.DefaultBuildOperationRunner.execute(DefaultBuildOperationRunner.java:59)
[        ] 	at org.gradle.internal.operations.DefaultBuildOperationRunner.run(DefaultBuildOperationRunner.java:47)
[        ] 	at org.gradle.internal.operations.DefaultBuildOperationExecutor.run(DefaultBuildOperationExecutor.java:73)
[        ] 	at org.gradle.configuration.BuildOperationFiringProjectsPreparer.prepareProjects(BuildOperationFiringProjectsPreparer.java:40)
[        ] 	at org.gradle.initialization.VintageBuildModelController.lambda$prepareProjects$2(VintageBuildModelController.java:84)
[        ] 	at org.gradle.internal.model.StateTransitionController.lambda$doTransition$14(StateTransitionController.java:255)
[        ] 	at org.gradle.internal.model.StateTransitionController.doTransition(StateTransitionController.java:266)
[        ] 	at org.gradle.internal.model.StateTransitionController.doTransition(StateTransitionController.java:254)
[   +8 ms] 	at org.gradle.internal.model.StateTransitionController.lambda$transitionIfNotPreviously$11(StateTransitionController.java:213)
[        ] 	at org.gradle.internal.work.DefaultSynchronizer.withLock(DefaultSynchronizer.java:34)
[        ] 	at org.gradle.internal.model.StateTransitionController.transitionIfNotPreviously(StateTransitionController.java:209)
[        ] 	at org.gradle.initialization.VintageBuildModelController.prepareProjects(VintageBuildModelController.java:84)
[        ] 	at org.gradle.initialization.VintageBuildModelController.prepareToScheduleTasks(VintageBuildModelController.java:71)
[        ] 	at org.gradle.internal.build.DefaultBuildLifecycleController.lambda$prepareToScheduleTasks$6(DefaultBuildLifecycleController.java:175)
[        ] 	at org.gradle.internal.model.StateTransitionController.lambda$doTransition$14(StateTransitionController.java:255)
[        ] 	at org.gradle.internal.model.StateTransitionController.doTransition(StateTransitionController.java:266)
[        ] 	at org.gradle.internal.model.StateTransitionController.doTransition(StateTransitionController.java:254)
[        ] 	at org.gradle.internal.model.StateTransitionController.lambda$maybeTransition$9(StateTransitionController.java:190)
[        ] 	at org.gradle.internal.work.DefaultSynchronizer.withLock(DefaultSynchronizer.java:34)
[        ] 	at org.gradle.internal.model.StateTransitionController.maybeTransition(StateTransitionController.java:186)
[        ] 	at org.gradle.internal.build.DefaultBuildLifecycleController.prepareToScheduleTasks(DefaultBuildLifecycleController.java:173)
[        ] 	at org.gradle.internal.buildtree.DefaultBuildTreeWorkPreparer.scheduleRequestedTasks(DefaultBuildTreeWorkPreparer.java:36)
[        ] 	at org.gradle.configurationcache.VintageBuildTreeWorkController$scheduleAndRunRequestedTasks$1.apply(VintageBuildTreeWorkController.kt:36)
[        ] 	at org.gradle.configurationcache.VintageBuildTreeWorkController$scheduleAndRunRequestedTasks$1.apply(VintageBuildTreeWorkController.kt:35)
[        ] 	at org.gradle.composite.internal.DefaultIncludedBuildTaskGraph.withNewWorkGraph(DefaultIncludedBuildTaskGraph.java:112)
[        ] 	at org.gradle.configurationcache.VintageBuildTreeWorkController.scheduleAndRunRequestedTasks(VintageBuildTreeWorkController.kt:35)
[        ] 	at org.gradle.internal.buildtree.DefaultBuildTreeLifecycleController.lambda$scheduleAndRunTasks$1(DefaultBuildTreeLifecycleController.java:68)
[        ] 	at org.gradle.internal.buildtree.DefaultBuildTreeLifecycleController.lambda$runBuild$4(DefaultBuildTreeLifecycleController.java:98)
[        ] 	at org.gradle.internal.model.StateTransitionController.lambda$transition$6(StateTransitionController.java:169)
[        ] 	at org.gradle.internal.model.StateTransitionController.doTransition(StateTransitionController.java:266)
[        ] 	at org.gradle.internal.model.StateTransitionController.lambda$transition$7(StateTransitionController.java:169)
[   +2 ms] 	at org.gradle.internal.work.DefaultSynchronizer.withLock(DefaultSynchronizer.java:44)
[        ] 	at org.gradle.internal.model.StateTransitionController.transition(StateTransitionController.java:169)
[        ] 	at org.gradle.internal.buildtree.DefaultBuildTreeLifecycleController.runBuild(DefaultBuildTreeLifecycleController.java:95)
[        ] 	at org.gradle.internal.buildtree.DefaultBuildTreeLifecycleController.scheduleAndRunTasks(DefaultBuildTreeLifecycleController.java:68)
[        ] 	at org.gradle.internal.buildtree.DefaultBuildTreeLifecycleController.scheduleAndRunTasks(DefaultBuildTreeLifecycleController.java:63)
[        ] 	at org.gradle.tooling.internal.provider.ExecuteBuildActionRunner.run(ExecuteBuildActionRunner.java:31)
[        ] 	at org.gradle.launcher.exec.ChainingBuildActionRunner.run(ChainingBuildActionRunner.java:35)
[        ] 	at org.gradle.internal.buildtree.ProblemReportingBuildActionRunner.run(ProblemReportingBuildActionRunner.java:49)
[        ] 	at org.gradle.launcher.exec.BuildOutcomeReportingBuildActionRunner.run(BuildOutcomeReportingBuildActionRunner.java:65)
[        ] 	at org.gradle.tooling.internal.provider.FileSystemWatchingBuildActionRunner.run(FileSystemWatchingBuildActionRunner.java:140)
[        ] 	at org.gradle.launcher.exec.BuildCompletionNotifyingBuildActionRunner.run(BuildCompletionNotifyingBuildActionRunner.java:41)
[        ] 	at org.gradle.launcher.exec.RootBuildLifecycleBuildActionExecutor.lambda$execute$0(RootBuildLifecycleBuildActionExecutor.java:40)
[        ] 	at org.gradle.composite.internal.DefaultRootBuildState.run(DefaultRootBuildState.java:123)
[        ] 	at org.gradle.launcher.exec.RootBuildLifecycleBuildActionExecutor.execute(RootBuildLifecycleBuildActionExecutor.java:40)
[        ] 	at org.gradle.internal.buildtree.InitDeprecationLoggingActionExecutor.execute(InitDeprecationLoggingActionExecutor.java:62)
[        ] 	at org.gradle.internal.buildtree.InitProblems.execute(InitProblems.java:38)
[   +3 ms] 	at org.gradle.internal.buildtree.DefaultBuildTreeContext.execute(DefaultBuildTreeContext.java:40)
[        ] 	at org.gradle.launcher.exec.BuildTreeLifecycleBuildActionExecutor.lambda$execute$0(BuildTreeLifecycleBuildActionExecutor.java:65)
[        ] 	at org.gradle.internal.buildtree.BuildTreeState.run(BuildTreeState.java:58)
[   +2 ms] 	at org.gradle.launcher.exec.BuildTreeLifecycleBuildActionExecutor.execute(BuildTreeLifecycleBuildActionExecutor.java:65)
[        ] 	at org.gradle.launcher.exec.RunAsBuildOperationBuildActionExecutor$3.call(RunAsBuildOperationBuildActionExecutor.java:61)
[        ] 	at org.gradle.launcher.exec.RunAsBuildOperationBuildActionExecutor$3.call(RunAsBuildOperationBuildActionExecutor.java:57)
[        ] 	at org.gradle.internal.operations.DefaultBuildOperationRunner$CallableBuildOperationWorker.execute(DefaultBuildOperationRunner.java:204)
[        ] 	at org.gradle.internal.operations.DefaultBuildOperationRunner$CallableBuildOperationWorker.execute(DefaultBuildOperationRunner.java:199)
[        ] 	at org.gradle.internal.operations.DefaultBuildOperationRunner$2.execute(DefaultBuildOperationRunner.java:66)
[        ] 	at org.gradle.internal.operations.DefaultBuildOperationRunner$2.execute(DefaultBuildOperationRunner.java:59)
[        ] 	at org.gradle.internal.operations.DefaultBuildOperationRunner.execute(DefaultBuildOperationRunner.java:157)
[        ] 	at org.gradle.internal.operations.DefaultBuildOperationRunner.execute(DefaultBuildOperationRunner.java:59)
[        ] 	at org.gradle.internal.operations.DefaultBuildOperationRunner.call(DefaultBuildOperationRunner.java:53)
[        ] 	at org.gradle.internal.operations.DefaultBuildOperationExecutor.call(DefaultBuildOperationExecutor.java:78)
[        ] 	at org.gradle.launcher.exec.RunAsBuildOperationBuildActionExecutor.execute(RunAsBuildOperationBuildActionExecutor.java:57)
[        ] 	at org.gradle.launcher.exec.RunAsWorkerThreadBuildActionExecutor.lambda$execute$0(RunAsWorkerThreadBuildActionExecutor.java:36)
[        ] 	at org.gradle.internal.work.DefaultWorkerLeaseService.withLocks(DefaultWorkerLeaseService.java:264)
[        ] 	at org.gradle.internal.work.DefaultWorkerLeaseService.runAsWorkerThread(DefaultWorkerLeaseService.java:128)
[        ] 	at org.gradle.launcher.exec.RunAsWorkerThreadBuildActionExecutor.execute(RunAsWorkerThreadBuildActionExecutor.java:36)
[        ] 	at org.gradle.tooling.internal.provider.continuous.ContinuousBuildActionExecutor.execute(ContinuousBuildActionExecutor.java:110)
[        ] 	at org.gradle.tooling.internal.provider.SubscribableBuildActionExecutor.execute(SubscribableBuildActionExecutor.java:64)
[        ] 	at org.gradle.internal.session.DefaultBuildSessionContext.execute(DefaultBuildSessionContext.java:46)
[        ] 	at org.gradle.tooling.internal.provider.BuildSessionLifecycleBuildActionExecuter$ActionImpl.apply(BuildSessionLifecycleBuildActionExecuter.java:92)
[        ] 	at org.gradle.tooling.internal.provider.BuildSessionLifecycleBuildActionExecuter$ActionImpl.apply(BuildSessionLifecycleBuildActionExecuter.java:80)
[        ] 	at org.gradle.internal.session.BuildSessionState.run(BuildSessionState.java:69)
[        ] 	at org.gradle.tooling.internal.provider.BuildSessionLifecycleBuildActionExecuter.execute(BuildSessionLifecycleBuildActionExecuter.java:62)
[        ] 	at org.gradle.tooling.internal.provider.BuildSessionLifecycleBuildActionExecuter.execute(BuildSessionLifecycleBuildActionExecuter.java:41)
[        ] 	at org.gradle.tooling.internal.provider.StartParamsValidatingActionExecuter.execute(StartParamsValidatingActionExecuter.java:64)
[        ] 	at org.gradle.tooling.internal.provider.StartParamsValidatingActionExecuter.execute(StartParamsValidatingActionExecuter.java:32)
[        ] 	at org.gradle.tooling.internal.provider.SessionFailureReportingActionExecuter.execute(SessionFailureReportingActionExecuter.java:51)
[        ] 	at org.gradle.tooling.internal.provider.SessionFailureReportingActionExecuter.execute(SessionFailureReportingActionExecuter.java:39)
[        ] 	at org.gradle.tooling.internal.provider.SetupLoggingActionExecuter.execute(SetupLoggingActionExecuter.java:47)
[        ] 	at org.gradle.tooling.internal.provider.SetupLoggingActionExecuter.execute(SetupLoggingActionExecuter.java:31)
[        ] 	at org.gradle.launcher.daemon.server.exec.ExecuteBuild.doBuild(ExecuteBuild.java:65)
[        ] 	at org.gradle.launcher.daemon.server.exec.BuildCommandOnly.execute(BuildCommandOnly.java:37)
[        ] 	at org.gradle.launcher.daemon.server.api.DaemonCommandExecution.proceed(DaemonCommandExecution.java:104)
[        ] 	at org.gradle.launcher.daemon.server.exec.WatchForDisconnection.execute(WatchForDisconnection.java:39)
[        ] 	at org.gradle.launcher.daemon.server.api.DaemonCommandExecution.proceed(DaemonCommandExecution.java:104)
[        ] 	at org.gradle.launcher.daemon.server.exec.ResetDeprecationLogger.execute(ResetDeprecationLogger.java:29)
[        ] 	at org.gradle.launcher.daemon.server.api.DaemonCommandExecution.proceed(DaemonCommandExecution.java:104)
[        ] 	at org.gradle.launcher.daemon.server.exec.RequestStopIfSingleUsedDaemon.execute(RequestStopIfSingleUsedDaemon.java:35)
[        ] 	at org.gradle.launcher.daemon.server.api.DaemonCommandExecution.proceed(DaemonCommandExecution.java:104)
[        ] 	at org.gradle.launcher.daemon.server.exec.ForwardClientInput$2.create(ForwardClientInput.java:78)
[        ] 	at org.gradle.launcher.daemon.server.exec.ForwardClientInput$2.create(ForwardClientInput.java:75)
[        ] 	at org.gradle.util.internal.Swapper.swap(Swapper.java:38)
[        ] 	at org.gradle.launcher.daemon.server.exec.ForwardClientInput.execute(ForwardClientInput.java:75)
[        ] 	at org.gradle.launcher.daemon.server.api.DaemonCommandExecution.proceed(DaemonCommandExecution.java:104)
[        ] 	at org.gradle.launcher.daemon.server.exec.LogAndCheckHealth.execute(LogAndCheckHealth.java:64)
[   +3 ms] 	at org.gradle.launcher.daemon.server.api.DaemonCommandExecution.proceed(DaemonCommandExecution.java:104)
[        ] 	at org.gradle.launcher.daemon.server.exec.LogToClient.doBuild(LogToClient.java:63)
[        ] 	at org.gradle.launcher.daemon.server.exec.BuildCommandOnly.execute(BuildCommandOnly.java:37)
[        ] 	at org.gradle.launcher.daemon.server.api.DaemonCommandExecution.proceed(DaemonCommandExecution.java:104)
[        ] 	at org.gradle.launcher.daemon.server.exec.EstablishBuildEnvironment.doBuild(EstablishBuildEnvironment.java:84)
[        ] 	at org.gradle.launcher.daemon.server.exec.BuildCommandOnly.execute(BuildCommandOnly.java:37)
[        ] 	at org.gradle.launcher.daemon.server.api.DaemonCommandExecution.proceed(DaemonCommandExecution.java:104)
[        ] 	at org.gradle.launcher.daemon.server.exec.StartBuildOrRespondWithBusy$1.run(StartBuildOrRespondWithBusy.java:52)
[        ] 	at org.gradle.launcher.daemon.server.DaemonStateCoordinator$1.run(DaemonStateCoordinator.java:297)
[        ] 	at org.gradle.internal.concurrent.ExecutorPolicy$CatchAndRecordFailures.onExecute(ExecutorPolicy.java:64)
[        ] 	at org.gradle.internal.concurrent.AbstractManagedExecutor$1.run(AbstractManagedExecutor.java:47)
[        ] 	at java.base/java.util.concurrent.ThreadPoolExecutor.runWorker(ThreadPoolExecutor.java:1136)
[        ] 	at java.base/java.util.concurrent.ThreadPoolExecutor$Worker.run(ThreadPoolExecutor.java:635)
[        ] 	at java.base/java.lang.Thread.run(Thread.java:840)
[        ] Caused by: org.gradle.internal.event.ListenerNotificationException: Failed to notify project evaluation listener.
[        ] 	at org.gradle.internal.event.AbstractBroadcastDispatch.dispatch(AbstractBroadcastDispatch.java:111)
[        ] 	at org.gradle.internal.event.AbstractBroadcastDispatch.dispatch(AbstractBroadcastDispatch.java:69)
[        ] 	at org.gradle.internal.event.BroadcastDispatch$CompositeDispatch.dispatch(BroadcastDispatch.java:381)
[        ] 	at org.gradle.internal.event.BroadcastDispatch$CompositeDispatch.dispatch(BroadcastDispatch.java:272)
[   +3 ms] 	at org.gradle.internal.event.ListenerBroadcast.dispatch(ListenerBroadcast.java:148)
[        ] 	at org.gradle.internal.event.ListenerBroadcast.dispatch(ListenerBroadcast.java:37)
[        ] 	at org.gradle.internal.dispatch.ProxyDispatchAdapter$DispatchingInvocationHandler.invoke(ProxyDispatchAdapter.java:94)
[        ] 	at jdk.proxy1/jdk.proxy1.$Proxy66.afterEvaluate(Unknown Source)
[        ] 	at org.gradle.configuration.project.LifecycleProjectEvaluator$NotifyAfterEvaluate$1.execute(LifecycleProjectEvaluator.java:247)
[        ] 	at org.gradle.configuration.project.LifecycleProjectEvaluator$NotifyAfterEvaluate$1.execute(LifecycleProjectEvaluator.java:244)
[        ] 	at org.gradle.api.internal.project.DefaultProject.stepEvaluationListener(DefaultProject.java:1495)
[        ] 	at org.gradle.configuration.project.LifecycleProjectEvaluator$NotifyAfterEvaluate.run(LifecycleProjectEvaluator.java:253)
[        ] 	at org.gradle.internal.operations.DefaultBuildOperationRunner$1.execute(DefaultBuildOperationRunner.java:29)
[        ] 	at org.gradle.internal.operations.DefaultBuildOperationRunner$1.execute(DefaultBuildOperationRunner.java:26)
[        ] 	at org.gradle.internal.operations.DefaultBuildOperationRunner$2.execute(DefaultBuildOperationRunner.java:66)
[        ] 	at org.gradle.internal.operations.DefaultBuildOperationRunner$2.execute(DefaultBuildOperationRunner.java:59)
[        ] 	at org.gradle.internal.operations.DefaultBuildOperationRunner.execute(DefaultBuildOperationRunner.java:157)
[        ] 	at org.gradle.internal.operations.DefaultBuildOperationRunner.execute(DefaultBuildOperationRunner.java:59)
[        ] 	at org.gradle.internal.operations.DefaultBuildOperationRunner.run(DefaultBuildOperationRunner.java:47)
[        ] 	at org.gradle.internal.operations.DefaultBuildOperationExecutor.run(DefaultBuildOperationExecutor.java:73)
[        ] 	at org.gradle.configuration.project.LifecycleProjectEvaluator$EvaluateProject.lambda$run$0(LifecycleProjectEvaluator.java:114)
[        ] 	at org.gradle.api.internal.project.DefaultProjectStateRegistry$ProjectStateImpl.lambda$applyToMutableState$1(DefaultProjectStateRegistry.java:406)
[        ] 	at org.gradle.api.internal.project.DefaultProjectStateRegistry$ProjectStateImpl.lambda$fromMutableState$2(DefaultProjectStateRegistry.java:429)
[        ] 	at org.gradle.internal.work.DefaultWorkerLeaseService.withReplacedLocks(DefaultWorkerLeaseService.java:360)
[        ] 	at org.gradle.api.internal.project.DefaultProjectStateRegistry$ProjectStateImpl.fromMutableState(DefaultProjectStateRegistry.java:429)
[        ] 	at org.gradle.api.internal.project.DefaultProjectStateRegistry$ProjectStateImpl.applyToMutableState(DefaultProjectStateRegistry.java:405)
[        ] 	at org.gradle.configuration.project.LifecycleProjectEvaluator$EvaluateProject.run(LifecycleProjectEvaluator.java:100)
[        ] 	at org.gradle.internal.operations.DefaultBuildOperationRunner$1.execute(DefaultBuildOperationRunner.java:29)
[        ] 	at org.gradle.internal.operations.DefaultBuildOperationRunner$1.execute(DefaultBuildOperationRunner.java:26)
[        ] 	at org.gradle.internal.operations.DefaultBuildOperationRunner$2.execute(DefaultBuildOperationRunner.java:66)
[        ] 	at org.gradle.internal.operations.DefaultBuildOperationRunner$2.execute(DefaultBuildOperationRunner.java:59)
[        ] 	at org.gradle.internal.operations.DefaultBuildOperationRunner.execute(DefaultBuildOperationRunner.java:157)
[        ] 	at org.gradle.internal.operations.DefaultBuildOperationRunner.execute(DefaultBuildOperationRunner.java:59)
[        ] 	at org.gradle.internal.operations.DefaultBuildOperationRunner.run(DefaultBuildOperationRunner.java:47)
[        ] 	at org.gradle.internal.operations.DefaultBuildOperationExecutor.run(DefaultBuildOperationExecutor.java:73)
[        ] 	at org.gradle.configuration.project.LifecycleProjectEvaluator.evaluate(LifecycleProjectEvaluator.java:72)
[        ] 	at org.gradle.api.internal.project.DefaultProject.evaluate(DefaultProject.java:788)
[        ] 	at org.gradle.api.internal.project.DefaultProject.evaluate(DefaultProject.java:156)
[        ] 	at org.gradle.api.internal.project.ProjectLifecycleController.lambda$ensureSelfConfigured$2(ProjectLifecycleController.java:84)
[        ] 	at org.gradle.internal.model.StateTransitionController.lambda$doTransition$14(StateTransitionController.java:255)
[        ] 	at org.gradle.internal.model.StateTransitionController.doTransition(StateTransitionController.java:266)
[        ] 	at org.gradle.internal.model.StateTransitionController.doTransition(StateTransitionController.java:254)
[        ] 	at org.gradle.internal.model.StateTransitionController.lambda$maybeTransitionIfNotCurrentlyTransitioning$10(StateTransitionController.java:199)
[        ] 	at org.gradle.internal.work.DefaultSynchronizer.withLock(DefaultSynchronizer.java:34)
[   +3 ms] 	at org.gradle.internal.model.StateTransitionController.maybeTransitionIfNotCurrentlyTransitioning(StateTransitionController.java:195)
[        ] 	at org.gradle.api.internal.project.ProjectLifecycleController.ensureSelfConfigured(ProjectLifecycleController.java:84)
[        ] 	at org.gradle.api.internal.project.DefaultProjectStateRegistry$ProjectStateImpl.ensureConfigured(DefaultProjectStateRegistry.java:380)
[        ] 	at org.gradle.execution.TaskPathProjectEvaluator.configure(TaskPathProjectEvaluator.java:34)
[        ] 	at org.gradle.execution.TaskPathProjectEvaluator.configureHierarchy(TaskPathProjectEvaluator.java:50)
[        ] 	at org.gradle.configuration.DefaultProjectsPreparer.prepareProjects(DefaultProjectsPreparer.java:42)
[        ] 	at org.gradle.configuration.BuildTreePreparingProjectsPreparer.prepareProjects(BuildTreePreparingProjectsPreparer.java:65)
[        ] 	at org.gradle.configuration.BuildOperationFiringProjectsPreparer$ConfigureBuild.run(BuildOperationFiringProjectsPreparer.java:52)
[        ] 	at org.gradle.internal.operations.DefaultBuildOperationRunner$1.execute(DefaultBuildOperationRunner.java:29)
[        ] 	at org.gradle.internal.operations.DefaultBuildOperationRunner$1.execute(DefaultBuildOperationRunner.java:26)
[        ] 	at org.gradle.internal.operations.DefaultBuildOperationRunner$2.execute(DefaultBuildOperationRunner.java:66)
[        ] 	at org.gradle.internal.operations.DefaultBuildOperationRunner$2.execute(DefaultBuildOperationRunner.java:59)
[        ] 	at org.gradle.internal.operations.DefaultBuildOperationRunner.execute(DefaultBuildOperationRunner.java:157)
[        ] 	at org.gradle.internal.operations.DefaultBuildOperationRunner.execute(DefaultBuildOperationRunner.java:59)
[        ] 	at org.gradle.internal.operations.DefaultBuildOperationRunner.run(DefaultBuildOperationRunner.java:47)
[        ] 	at org.gradle.internal.operations.DefaultBuildOperationExecutor.run(DefaultBuildOperationExecutor.java:73)
[        ] 	at org.gradle.configuration.BuildOperationFiringProjectsPreparer.prepareProjects(BuildOperationFiringProjectsPreparer.java:40)
[        ] 	at org.gradle.initialization.VintageBuildModelController.lambda$prepareProjects$2(VintageBuildModelController.java:84)
[        ] 	at org.gradle.internal.model.StateTransitionController.lambda$doTransition$14(StateTransitionController.java:255)
[        ] 	at org.gradle.internal.model.StateTransitionController.doTransition(StateTransitionController.java:266)
[        ] 	at org.gradle.internal.model.StateTransitionController.doTransition(StateTransitionController.java:254)
[        ] 	at org.gradle.internal.model.StateTransitionController.lambda$transitionIfNotPreviously$11(StateTransitionController.java:213)
[        ] 	at org.gradle.internal.work.DefaultSynchronizer.withLock(DefaultSynchronizer.java:34)
[        ] 	at org.gradle.internal.model.StateTransitionController.transitionIfNotPreviously(StateTransitionController.java:209)
[        ] 	at org.gradle.initialization.VintageBuildModelController.prepareProjects(VintageBuildModelController.java:84)
[        ] 	at org.gradle.initialization.VintageBuildModelController.prepareToScheduleTasks(VintageBuildModelController.java:71)
[        ] 	at org.gradle.internal.build.DefaultBuildLifecycleController.lambda$prepareToScheduleTasks$6(DefaultBuildLifecycleController.java:175)
[        ] 	at org.gradle.internal.model.StateTransitionController.lambda$doTransition$14(StateTransitionController.java:255)
[        ] 	at org.gradle.internal.model.StateTransitionController.doTransition(StateTransitionController.java:266)
[        ] 	at org.gradle.internal.model.StateTransitionController.doTransition(StateTransitionController.java:254)
[        ] 	at org.gradle.internal.model.StateTransitionController.lambda$maybeTransition$9(StateTransitionController.java:190)
[        ] 	at org.gradle.internal.work.DefaultSynchronizer.withLock(DefaultSynchronizer.java:34)
[        ] 	at org.gradle.internal.model.StateTransitionController.maybeTransition(StateTransitionController.java:186)
[        ] 	at org.gradle.internal.build.DefaultBuildLifecycleController.prepareToScheduleTasks(DefaultBuildLifecycleController.java:173)
[        ] 	at org.gradle.internal.buildtree.DefaultBuildTreeWorkPreparer.scheduleRequestedTasks(DefaultBuildTreeWorkPreparer.java:36)
[        ] 	at org.gradle.configurationcache.VintageBuildTreeWorkController$scheduleAndRunRequestedTasks$1.apply(VintageBuildTreeWorkController.kt:36)
[        ] 	at org.gradle.configurationcache.VintageBuildTreeWorkController$scheduleAndRunRequestedTasks$1.apply(VintageBuildTreeWorkController.kt:35)
[        ] 	at org.gradle.composite.internal.DefaultIncludedBuildTaskGraph.withNewWorkGraph(DefaultIncludedBuildTaskGraph.java:112)
[        ] 	at org.gradle.configurationcache.VintageBuildTreeWorkController.scheduleAndRunRequestedTasks(VintageBuildTreeWorkController.kt:35)
[        ] 	at org.gradle.internal.buildtree.DefaultBuildTreeLifecycleController.lambda$scheduleAndRunTasks$1(DefaultBuildTreeLifecycleController.java:68)
[        ] 	at org.gradle.internal.buildtree.DefaultBuildTreeLifecycleController.lambda$runBuild$4(DefaultBuildTreeLifecycleController.java:98)
[        ] 	at org.gradle.internal.model.StateTransitionController.lambda$transition$6(StateTransitionController.java:169)
[   +6 ms] 	at org.gradle.internal.model.StateTransitionController.doTransition(StateTransitionController.java:266)
[        ] 	at org.gradle.internal.model.StateTransitionController.lambda$transition$7(StateTransitionController.java:169)
[        ] 	at org.gradle.internal.work.DefaultSynchronizer.withLock(DefaultSynchronizer.java:44)
[        ] 	at org.gradle.internal.model.StateTransitionController.transition(StateTransitionController.java:169)
[        ] 	at org.gradle.internal.buildtree.DefaultBuildTreeLifecycleController.runBuild(DefaultBuildTreeLifecycleController.java:95)
[        ] 	at org.gradle.internal.buildtree.DefaultBuildTreeLifecycleController.scheduleAndRunTasks(DefaultBuildTreeLifecycleController.java:68)
[        ] 	at org.gradle.internal.buildtree.DefaultBuildTreeLifecycleController.scheduleAndRunTasks(DefaultBuildTreeLifecycleController.java:63)
[        ] 	at org.gradle.tooling.internal.provider.ExecuteBuildActionRunner.run(ExecuteBuildActionRunner.java:31)
[        ] 	at org.gradle.launcher.exec.ChainingBuildActionRunner.run(ChainingBuildActionRunner.java:35)
[        ] 	at org.gradle.internal.buildtree.ProblemReportingBuildActionRunner.run(ProblemReportingBuildActionRunner.java:49)
[        ] 	at org.gradle.launcher.exec.BuildOutcomeReportingBuildActionRunner.run(BuildOutcomeReportingBuildActionRunner.java:65)
[        ] 	at org.gradle.tooling.internal.provider.FileSystemWatchingBuildActionRunner.run(FileSystemWatchingBuildActionRunner.java:140)
[        ] 	at org.gradle.launcher.exec.BuildCompletionNotifyingBuildActionRunner.run(BuildCompletionNotifyingBuildActionRunner.java:41)
[        ] 	at org.gradle.launcher.exec.RootBuildLifecycleBuildActionExecutor.lambda$execute$0(RootBuildLifecycleBuildActionExecutor.java:40)
[        ] 	at org.gradle.composite.internal.DefaultRootBuildState.run(DefaultRootBuildState.java:123)
[        ] 	at org.gradle.launcher.exec.RootBuildLifecycleBuildActionExecutor.execute(RootBuildLifecycleBuildActionExecutor.java:40)
[        ] 	at org.gradle.internal.buildtree.InitDeprecationLoggingActionExecutor.execute(InitDeprecationLoggingActionExecutor.java:62)
[        ] 	at org.gradle.internal.buildtree.InitProblems.execute(InitProblems.java:38)
[        ] 	at org.gradle.internal.buildtree.DefaultBuildTreeContext.execute(DefaultBuildTreeContext.java:40)
[        ] 	at org.gradle.launcher.exec.BuildTreeLifecycleBuildActionExecutor.lambda$execute$0(BuildTreeLifecycleBuildActionExecutor.java:65)
[        ] 	at org.gradle.internal.buildtree.BuildTreeState.run(BuildTreeState.java:58)
[        ] 	at org.gradle.launcher.exec.BuildTreeLifecycleBuildActionExecutor.execute(BuildTreeLifecycleBuildActionExecutor.java:65)
[        ] 	at org.gradle.launcher.exec.RunAsBuildOperationBuildActionExecutor$3.call(RunAsBuildOperationBuildActionExecutor.java:61)
[        ] 	at org.gradle.launcher.exec.RunAsBuildOperationBuildActionExecutor$3.call(RunAsBuildOperationBuildActionExecutor.java:57)
[        ] 	at org.gradle.internal.operations.DefaultBuildOperationRunner$CallableBuildOperationWorker.execute(DefaultBuildOperationRunner.java:204)
[        ] 	at org.gradle.internal.operations.DefaultBuildOperationRunner$CallableBuildOperationWorker.execute(DefaultBuildOperationRunner.java:199)
[        ] 	at org.gradle.internal.operations.DefaultBuildOperationRunner$2.execute(DefaultBuildOperationRunner.java:66)
[        ] 	at org.gradle.internal.operations.DefaultBuildOperationRunner$2.execute(DefaultBuildOperationRunner.java:59)
[        ] 	at org.gradle.internal.operations.DefaultBuildOperationRunner.execute(DefaultBuildOperationRunner.java:157)
[        ] 	at org.gradle.internal.operations.DefaultBuildOperationRunner.execute(DefaultBuildOperationRunner.java:59)
[        ] 	at org.gradle.internal.operations.DefaultBuildOperationRunner.call(DefaultBuildOperationRunner.java:53)
[        ] 	at org.gradle.internal.operations.DefaultBuildOperationExecutor.call(DefaultBuildOperationExecutor.java:78)
[        ] 	at org.gradle.launcher.exec.RunAsBuildOperationBuildActionExecutor.execute(RunAsBuildOperationBuildActionExecutor.java:57)
[        ] 	at org.gradle.launcher.exec.RunAsWorkerThreadBuildActionExecutor.lambda$execute$0(RunAsWorkerThreadBuildActionExecutor.java:36)
[        ] 	at org.gradle.internal.work.DefaultWorkerLeaseService.withLocks(DefaultWorkerLeaseService.java:264)
[        ] 	at org.gradle.internal.work.DefaultWorkerLeaseService.runAsWorkerThread(DefaultWorkerLeaseService.java:128)
[        ] 	at org.gradle.launcher.exec.RunAsWorkerThreadBuildActionExecutor.execute(RunAsWorkerThreadBuildActionExecutor.java:36)
[        ] 	at org.gradle.tooling.internal.provider.continuous.ContinuousBuildActionExecutor.execute(ContinuousBuildActionExecutor.java:110)
[        ] 	at org.gradle.tooling.internal.provider.SubscribableBuildActionExecutor.execute(SubscribableBuildActionExecutor.java:64)
[   +4 ms] 	at org.gradle.internal.session.DefaultBuildSessionContext.execute(DefaultBuildSessionContext.java:46)
[        ] 	at org.gradle.tooling.internal.provider.BuildSessionLifecycleBuildActionExecuter$ActionImpl.apply(BuildSessionLifecycleBuildActionExecuter.java:92)
[        ] 	at org.gradle.tooling.internal.provider.BuildSessionLifecycleBuildActionExecuter$ActionImpl.apply(BuildSessionLifecycleBuildActionExecuter.java:80)
[        ] 	at org.gradle.internal.session.BuildSessionState.run(BuildSessionState.java:69)
[        ] 	at org.gradle.tooling.internal.provider.BuildSessionLifecycleBuildActionExecuter.execute(BuildSessionLifecycleBuildActionExecuter.java:62)
[        ] 	at org.gradle.tooling.internal.provider.BuildSessionLifecycleBuildActionExecuter.execute(BuildSessionLifecycleBuildActionExecuter.java:41)
[        ] 	at org.gradle.tooling.internal.provider.StartParamsValidatingActionExecuter.execute(StartParamsValidatingActionExecuter.java:64)
[        ] 	at org.gradle.tooling.internal.provider.StartParamsValidatingActionExecuter.execute(StartParamsValidatingActionExecuter.java:32)
[        ] 	at org.gradle.tooling.internal.provider.SessionFailureReportingActionExecuter.execute(SessionFailureReportingActionExecuter.java:51)
[        ] 	at org.gradle.tooling.internal.provider.SessionFailureReportingActionExecuter.execute(SessionFailureReportingActionExecuter.java:39)
[        ] 	at org.gradle.tooling.internal.provider.SetupLoggingActionExecuter.execute(SetupLoggingActionExecuter.java:47)
[        ] 	at org.gradle.tooling.internal.provider.SetupLoggingActionExecuter.execute(SetupLoggingActionExecuter.java:31)
[        ] 	at org.gradle.launcher.daemon.server.exec.ExecuteBuild.doBuild(ExecuteBuild.java:65)
[        ] 	at org.gradle.launcher.daemon.server.exec.BuildCommandOnly.execute(BuildCommandOnly.java:37)
[        ] 	at org.gradle.launcher.daemon.server.api.DaemonCommandExecution.proceed(DaemonCommandExecution.java:104)
[        ] 	at org.gradle.launcher.daemon.server.exec.WatchForDisconnection.execute(WatchForDisconnection.java:39)
[        ] 	at org.gradle.launcher.daemon.server.api.DaemonCommandExecution.proceed(DaemonCommandExecution.java:104)
[        ] 	at org.gradle.launcher.daemon.server.exec.ResetDeprecationLogger.execute(ResetDeprecationLogger.java:29)
[        ] 	at org.gradle.launcher.daemon.server.api.DaemonCommandExecution.proceed(DaemonCommandExecution.java:104)
[        ] 	at org.gradle.launcher.daemon.server.exec.RequestStopIfSingleUsedDaemon.execute(RequestStopIfSingleUsedDaemon.java:35)
[        ] 	at org.gradle.launcher.daemon.server.api.DaemonCommandExecution.proceed(DaemonCommandExecution.java:104)
[        ] 	at org.gradle.launcher.daemon.server.exec.ForwardClientInput$2.create(ForwardClientInput.java:78)
[        ] 	at org.gradle.launcher.daemon.server.exec.ForwardClientInput$2.create(ForwardClientInput.java:75)
[        ] 	at org.gradle.util.internal.Swapper.swap(Swapper.java:38)
[        ] 	at org.gradle.launcher.daemon.server.exec.ForwardClientInput.execute(ForwardClientInput.java:75)
[        ] 	at org.gradle.launcher.daemon.server.api.DaemonCommandExecution.proceed(DaemonCommandExecution.java:104)
[        ] 	at org.gradle.launcher.daemon.server.exec.LogAndCheckHealth.execute(LogAndCheckHealth.java:64)
[        ] 	at org.gradle.launcher.daemon.server.api.DaemonCommandExecution.proceed(DaemonCommandExecution.java:104)
[        ] 	at org.gradle.launcher.daemon.server.exec.LogToClient.doBuild(LogToClient.java:63)
[        ] 	at org.gradle.launcher.daemon.server.exec.BuildCommandOnly.execute(BuildCommandOnly.java:37)
[        ] 	at org.gradle.launcher.daemon.server.api.DaemonCommandExecution.proceed(DaemonCommandExecution.java:104)
[        ] 	at org.gradle.launcher.daemon.server.exec.EstablishBuildEnvironment.doBuild(EstablishBuildEnvironment.java:84)
[        ] 	at org.gradle.launcher.daemon.server.exec.BuildCommandOnly.execute(BuildCommandOnly.java:37)
[        ] 	at org.gradle.launcher.daemon.server.api.DaemonCommandExecution.proceed(DaemonCommandExecution.java:104)
[        ] 	at org.gradle.launcher.daemon.server.exec.StartBuildOrRespondWithBusy$1.run(StartBuildOrRespondWithBusy.java:52)
[   +3 ms] 	at org.gradle.launcher.daemon.server.DaemonStateCoordinator$1.run(DaemonStateCoordinator.java:297)
[        ] 	at org.gradle.internal.concurrent.ExecutorPolicy$CatchAndRecordFailures.onExecute(ExecutorPolicy.java:64)
[        ] 	at org.gradle.internal.concurrent.AbstractManagedExecutor$1.run(AbstractManagedExecutor.java:47)
[        ] 	at java.base/java.util.concurrent.ThreadPoolExecutor.runWorker(ThreadPoolExecutor.java:1136)
[        ] 	at java.base/java.util.concurrent.ThreadPoolExecutor$Worker.run(ThreadPoolExecutor.java:635)
[        ] 	at java.base/java.lang.Thread.run(Thread.java:840)
[        ] Cause 1: java.lang.NullPointerException: Cannot invoke method substring() on null object
[        ] 	at org.codehaus.groovy.runtime.NullObject.invokeMethod(NullObject.java:91)
[        ] 	at org.codehaus.groovy.runtime.callsite.PogoMetaClassSite.call(PogoMetaClassSite.java:44)
[        ] 	at org.codehaus.groovy.runtime.callsite.CallSiteArray.defaultCall(CallSiteArray.java:47)
[        ] 	at org.codehaus.groovy.runtime.callsite.NullCallSite.call(NullCallSite.java:34)
[        ] 	at org.codehaus.groovy.runtime.callsite.CallSiteArray.defaultCall(CallSiteArray.java:47)
[        ] 	at java_lang_String$substring$4.call(Unknown Source)
[        ] 	at FlutterPlugin.getCompileSdkFromProject(flutter.groovy:929)
[        ] 	at java.base/jdk.internal.reflect.NativeMethodAccessorImpl.invoke0(Native Method)
[        ] 	at java.base/jdk.internal.reflect.NativeMethodAccessorImpl.invoke(NativeMethodAccessorImpl.java:77)
[        ] 	at java.base/jdk.internal.reflect.DelegatingMethodAccessorImpl.invoke(DelegatingMethodAccessorImpl.java:43)
[        ] 	at java.base/java.lang.reflect.Method.invoke(Method.java:569)
[        ] 	at org.codehaus.groovy.reflection.CachedMethod.invoke(CachedMethod.java:107)
[        ] 	at groovy.lang.MetaMethod.doMethodInvoke(MetaMethod.java:323)
[        ] 	at org.codehaus.groovy.runtime.metaclass.ClosureMetaClass.invokeMethod(ClosureMetaClass.java:362)
[        ] 	at org.codehaus.groovy.runtime.callsite.PogoMetaClassSite.callCurrent(PogoMetaClassSite.java:61)
[        ] 	at org.codehaus.groovy.runtime.callsite.AbstractCallSite.callCurrent(AbstractCallSite.java:185)
[        ] 	at FlutterPlugin$_detectLowCompileSdkVersionOrNdkVersion_closure21$_closure63$_closure64.doCall$original(flutter.groovy:871)
[        ] 	at FlutterPlugin$_detectLowCompileSdkVersionOrNdkVersion_closure21$_closure63$_closure64.doCall(flutter.groovy)
[        ] 	at java.base/jdk.internal.reflect.NativeMethodAccessorImpl.invoke0(Native Method)
[        ] 	at java.base/jdk.internal.reflect.NativeMethodAccessorImpl.invoke(NativeMethodAccessorImpl.java:77)
[        ] 	at java.base/jdk.internal.reflect.DelegatingMethodAccessorImpl.invoke(DelegatingMethodAccessorImpl.java:43)
[        ] 	at java.base/java.lang.reflect.Method.invoke(Method.java:569)
[        ] 	at org.codehaus.groovy.reflection.CachedMethod.invoke(CachedMethod.java:107)
[        ] 	at groovy.lang.MetaMethod.doMethodInvoke(MetaMethod.java:323)
[        ] 	at org.codehaus.groovy.runtime.metaclass.ClosureMetaClass.invokeMethod(ClosureMetaClass.java:274)
[        ] 	at groovy.lang.MetaClassImpl.invokeMethod(MetaClassImpl.java:1035)
[        ] 	at groovy.lang.Closure.call(Closure.java:412)
[        ] 	at org.gradle.configuration.internal.DefaultListenerBuildOperationDecorator$BuildOperationEmittingClosure$1.lambda$run$0(DefaultListenerBuildOperationDecorator.java:199)
[        ] 	at org.gradle.configuration.internal.DefaultUserCodeApplicationContext$CurrentApplication.reapply(DefaultUserCodeApplicationContext.java:98)
[        ] 	at org.gradle.configuration.internal.DefaultListenerBuildOperationDecorator$BuildOperationEmittingClosure$1.run(DefaultListenerBuildOperationDecorator.java:196)
[        ] 	at org.gradle.internal.operations.DefaultBuildOperationRunner$1.execute(DefaultBuildOperationRunner.java:29)
[        ] 	at org.gradle.internal.operations.DefaultBuildOperationRunner$1.execute(DefaultBuildOperationRunner.java:26)
[        ] 	at org.gradle.internal.operations.DefaultBuildOperationRunner$2.execute(DefaultBuildOperationRunner.java:66)
[        ] 	at org.gradle.internal.operations.DefaultBuildOperationRunner$2.execute(DefaultBuildOperationRunner.java:59)
[        ] 	at org.gradle.internal.operations.DefaultBuildOperationRunner.execute(DefaultBuildOperationRunner.java:157)
[        ] 	at org.gradle.internal.operations.DefaultBuildOperationRunner.execute(DefaultBuildOperationRunner.java:59)
[        ] 	at org.gradle.internal.operations.DefaultBuildOperationRunner.run(DefaultBuildOperationRunner.java:47)
[        ] 	at org.gradle.internal.operations.DefaultBuildOperationExecutor.run(DefaultBuildOperationExecutor.java:73)
[        ] 	at org.gradle.configuration.internal.DefaultListenerBuildOperationDecorator$BuildOperationEmittingClosure.doCall(DefaultListenerBuildOperationDecorator.java:193)
[   +3 ms] 	at java.base/jdk.internal.reflect.NativeMethodAccessorImpl.invoke0(Native Method)
[        ] 	at java.base/jdk.internal.reflect.NativeMethodAccessorImpl.invoke(NativeMethodAccessorImpl.java:77)
[        ] 	at java.base/jdk.internal.reflect.DelegatingMethodAccessorImpl.invoke(DelegatingMethodAccessorImpl.java:43)
[        ] 	at java.base/java.lang.reflect.Method.invoke(Method.java:569)
[        ] 	at org.codehaus.groovy.reflection.CachedMethod.invoke(CachedMethod.java:107)
[        ] 	at groovy.lang.MetaMethod.doMethodInvoke(MetaMethod.java:323)
[        ] 	at groovy.lang.MetaClassImpl.invokeMethod(MetaClassImpl.java:1258)
[        ] 	at groovy.lang.MetaClassImpl.invokeMethod(MetaClassImpl.java:1035)
[        ] 	at groovy.lang.Closure.call(Closure.java:412)
[        ] 	at org.gradle.listener.ClosureBackedMethodInvocationDispatch.dispatch(ClosureBackedMethodInvocationDispatch.java:41)
[        ] 	at org.gradle.listener.ClosureBackedMethodInvocationDispatch.dispatch(ClosureBackedMethodInvocationDispatch.java:25)
[        ] 	at org.gradle.internal.event.AbstractBroadcastDispatch.dispatch(AbstractBroadcastDispatch.java:43)
[        ] 	at org.gradle.internal.event.BroadcastDispatch$SingletonDispatch.dispatch(BroadcastDispatch.java:268)
[        ] 	at org.gradle.internal.event.BroadcastDispatch$SingletonDispatch.dispatch(BroadcastDispatch.java:170)
[        ] 	at org.gradle.internal.event.AbstractBroadcastDispatch.dispatch(AbstractBroadcastDispatch.java:83)
[        ] 	at org.gradle.internal.event.AbstractBroadcastDispatch.dispatch(AbstractBroadcastDispatch.java:69)
[        ] 	at org.gradle.internal.event.BroadcastDispatch$CompositeDispatch.dispatch(BroadcastDispatch.java:381)
[        ] 	at org.gradle.internal.event.BroadcastDispatch$CompositeDispatch.dispatch(BroadcastDispatch.java:272)
[        ] 	at org.gradle.internal.event.ListenerBroadcast.dispatch(ListenerBroadcast.java:148)
[        ] 	at org.gradle.internal.event.ListenerBroadcast.dispatch(ListenerBroadcast.java:37)
[        ] 	at org.gradle.internal.dispatch.ProxyDispatchAdapter$DispatchingInvocationHandler.invoke(ProxyDispatchAdapter.java:94)
[        ] 	at jdk.proxy1/jdk.proxy1.$Proxy66.afterEvaluate(Unknown Source)
[        ] 	at org.gradle.configuration.project.LifecycleProjectEvaluator$NotifyAfterEvaluate$1.execute(LifecycleProjectEvaluator.java:247)
[        ] 	at org.gradle.configuration.project.LifecycleProjectEvaluator$NotifyAfterEvaluate$1.execute(LifecycleProjectEvaluator.java:244)
[        ] 	at org.gradle.api.internal.project.DefaultProject.stepEvaluationListener(DefaultProject.java:1495)
[        ] 	at org.gradle.configuration.project.LifecycleProjectEvaluator$NotifyAfterEvaluate.run(LifecycleProjectEvaluator.java:253)
[   +2 ms] 	at org.gradle.internal.operations.DefaultBuildOperationRunner$1.execute(DefaultBuildOperationRunner.java:29)
[        ] 	at org.gradle.internal.operations.DefaultBuildOperationRunner$1.execute(DefaultBuildOperationRunner.java:26)
[        ] 	at org.gradle.internal.operations.DefaultBuildOperationRunner$2.execute(DefaultBuildOperationRunner.java:66)
[        ] 	at org.gradle.internal.operations.DefaultBuildOperationRunner$2.execute(DefaultBuildOperationRunner.java:59)
[        ] 	at org.gradle.internal.operations.DefaultBuildOperationRunner.execute(DefaultBuildOperationRunner.java:157)
[        ] 	at org.gradle.internal.operations.DefaultBuildOperationRunner.execute(DefaultBuildOperationRunner.java:59)
[        ] 	at org.gradle.internal.operations.DefaultBuildOperationRunner.run(DefaultBuildOperationRunner.java:47)
[        ] 	at org.gradle.internal.operations.DefaultBuildOperationExecutor.run(DefaultBuildOperationExecutor.java:73)
[        ] 	at org.gradle.configuration.project.LifecycleProjectEvaluator$EvaluateProject.lambda$run$0(LifecycleProjectEvaluator.java:114)
[        ] 	at org.gradle.api.internal.project.DefaultProjectStateRegistry$ProjectStateImpl.lambda$applyToMutableState$1(DefaultProjectStateRegistry.java:406)
[        ] 	at org.gradle.api.internal.project.DefaultProjectStateRegistry$ProjectStateImpl.lambda$fromMutableState$2(DefaultProjectStateRegistry.java:429)
[        ] 	at org.gradle.internal.work.DefaultWorkerLeaseService.withReplacedLocks(DefaultWorkerLeaseService.java:360)
[        ] 	at org.gradle.api.internal.project.DefaultProjectStateRegistry$ProjectStateImpl.fromMutableState(DefaultProjectStateRegistry.java:429)
[        ] 	at org.gradle.api.internal.project.DefaultProjectStateRegistry$ProjectStateImpl.applyToMutableState(DefaultProjectStateRegistry.java:405)
[        ] 	at org.gradle.configuration.project.LifecycleProjectEvaluator$EvaluateProject.run(LifecycleProjectEvaluator.java:100)
[        ] 	at org.gradle.internal.operations.DefaultBuildOperationRunner$1.execute(DefaultBuildOperationRunner.java:29)
[        ] 	at org.gradle.internal.operations.DefaultBuildOperationRunner$1.execute(DefaultBuildOperationRunner.java:26)
[        ] 	at org.gradle.internal.operations.DefaultBuildOperationRunner$2.execute(DefaultBuildOperationRunner.java:66)
[        ] 	at org.gradle.internal.operations.DefaultBuildOperationRunner$2.execute(DefaultBuildOperationRunner.java:59)
[        ] 	at org.gradle.internal.operations.DefaultBuildOperationRunner.execute(DefaultBuildOperationRunner.java:157)
[        ] 	at org.gradle.internal.operations.DefaultBuildOperationRunner.execute(DefaultBuildOperationRunner.java:59)
[        ] 	at org.gradle.internal.operations.DefaultBuildOperationRunner.run(DefaultBuildOperationRunner.java:47)
[        ] 	at org.gradle.internal.operations.DefaultBuildOperationExecutor.run(DefaultBuildOperationExecutor.java:73)
[        ] 	at org.gradle.configuration.project.LifecycleProjectEvaluator.evaluate(LifecycleProjectEvaluator.java:72)
[        ] 	at org.gradle.api.internal.project.DefaultProject.evaluate(DefaultProject.java:788)
[        ] 	at org.gradle.api.internal.project.DefaultProject.evaluate(DefaultProject.java:156)
[        ] 	at org.gradle.api.internal.project.ProjectLifecycleController.lambda$ensureSelfConfigured$2(ProjectLifecycleController.java:84)
[        ] 	at org.gradle.internal.model.StateTransitionController.lambda$doTransition$14(StateTransitionController.java:255)
[        ] 	at org.gradle.internal.model.StateTransitionController.doTransition(StateTransitionController.java:266)
[   +3 ms] 	at org.gradle.internal.model.StateTransitionController.doTransition(StateTransitionController.java:254)
[        ] 	at org.gradle.internal.model.StateTransitionController.lambda$maybeTransitionIfNotCurrentlyTransitioning$10(StateTransitionController.java:199)
[        ] 	at org.gradle.internal.work.DefaultSynchronizer.withLock(DefaultSynchronizer.java:34)
[        ] 	at org.gradle.internal.model.StateTransitionController.maybeTransitionIfNotCurrentlyTransitioning(StateTransitionController.java:195)
[        ] 	at org.gradle.api.internal.project.ProjectLifecycleController.ensureSelfConfigured(ProjectLifecycleController.java:84)
[        ] 	at org.gradle.api.internal.project.DefaultProjectStateRegistry$ProjectStateImpl.ensureConfigured(DefaultProjectStateRegistry.java:380)
[        ] 	at org.gradle.execution.TaskPathProjectEvaluator.configure(TaskPathProjectEvaluator.java:34)
[        ] 	at org.gradle.execution.TaskPathProjectEvaluator.configureHierarchy(TaskPathProjectEvaluator.java:50)
[        ] 	at org.gradle.configuration.DefaultProjectsPreparer.prepareProjects(DefaultProjectsPreparer.java:42)
[        ] 	at org.gradle.configuration.BuildTreePreparingProjectsPreparer.prepareProjects(BuildTreePreparingProjectsPreparer.java:65)
[        ] 	at org.gradle.configuration.BuildOperationFiringProjectsPreparer$ConfigureBuild.run(BuildOperationFiringProjectsPreparer.java:52)
[        ] 	at org.gradle.internal.operations.DefaultBuildOperationRunner$1.execute(DefaultBuildOperationRunner.java:29)
[        ] 	at org.gradle.internal.operations.DefaultBuildOperationRunner$1.execute(DefaultBuildOperationRunner.java:26)
[        ] 	at org.gradle.internal.operations.DefaultBuildOperationRunner$2.execute(DefaultBuildOperationRunner.java:66)
[        ] 	at org.gradle.internal.operations.DefaultBuildOperationRunner$2.execute(DefaultBuildOperationRunner.java:59)
[        ] 	at org.gradle.internal.operations.DefaultBuildOperationRunner.execute(DefaultBuildOperationRunner.java:157)
[        ] 	at org.gradle.internal.operations.DefaultBuildOperationRunner.execute(DefaultBuildOperationRunner.java:59)
[        ] 	at org.gradle.internal.operations.DefaultBuildOperationRunner.run(DefaultBuildOperationRunner.java:47)
[        ] 	at org.gradle.internal.operations.DefaultBuildOperationExecutor.run(DefaultBuildOperationExecutor.java:73)
[        ] 	at org.gradle.configuration.BuildOperationFiringProjectsPreparer.prepareProjects(BuildOperationFiringProjectsPreparer.java:40)
[        ] 	at org.gradle.initialization.VintageBuildModelController.lambda$prepareProjects$2(VintageBuildModelController.java:84)
[        ] 	at org.gradle.internal.model.StateTransitionController.lambda$doTransition$14(StateTransitionController.java:255)
[        ] 	at org.gradle.internal.model.StateTransitionController.doTransition(StateTransitionController.java:266)
[        ] 	at org.gradle.internal.model.StateTransitionController.doTransition(StateTransitionController.java:254)
[        ] 	at org.gradle.internal.model.StateTransitionController.lambda$transitionIfNotPreviously$11(StateTransitionController.java:213)
[        ] 	at org.gradle.internal.work.DefaultSynchronizer.withLock(DefaultSynchronizer.java:34)
[        ] 	at org.gradle.internal.model.StateTransitionController.transitionIfNotPreviously(StateTransitionController.java:209)
[        ] 	at org.gradle.initialization.VintageBuildModelController.prepareProjects(VintageBuildModelController.java:84)
[        ] 	at org.gradle.initialization.VintageBuildModelController.prepareToScheduleTasks(VintageBuildModelController.java:71)
[        ] 	at org.gradle.internal.build.DefaultBuildLifecycleController.lambda$prepareToScheduleTasks$6(DefaultBuildLifecycleController.java:175)
[        ] 	at org.gradle.internal.model.StateTransitionController.lambda$doTransition$14(StateTransitionController.java:255)
[        ] 	at org.gradle.internal.model.StateTransitionController.doTransition(StateTransitionController.java:266)
[        ] 	at org.gradle.internal.model.StateTransitionController.doTransition(StateTransitionController.java:254)
[        ] 	at org.gradle.internal.model.StateTransitionController.lambda$maybeTransition$9(StateTransitionController.java:190)
[        ] 	at org.gradle.internal.work.DefaultSynchronizer.withLock(DefaultSynchronizer.java:34)
[        ] 	at org.gradle.internal.model.StateTransitionController.maybeTransition(StateTransitionController.java:186)
[        ] 	at org.gradle.internal.build.DefaultBuildLifecycleController.prepareToScheduleTasks(DefaultBuildLifecycleController.java:173)
[        ] 	at org.gradle.internal.buildtree.DefaultBuildTreeWorkPreparer.scheduleRequestedTasks(DefaultBuildTreeWorkPreparer.java:36)
[        ] 	at org.gradle.configurationcache.VintageBuildTreeWorkController$scheduleAndRunRequestedTasks$1.apply(VintageBuildTreeWorkController.kt:36)
[        ] 	at org.gradle.configurationcache.VintageBuildTreeWorkController$scheduleAndRunRequestedTasks$1.apply(VintageBuildTreeWorkController.kt:35)
[        ] 	at org.gradle.composite.internal.DefaultIncludedBuildTaskGraph.withNewWorkGraph(DefaultIncludedBuildTaskGraph.java:112)
[        ] 	at org.gradle.configurationcache.VintageBuildTreeWorkController.scheduleAndRunRequestedTasks(VintageBuildTreeWorkController.kt:35)
[   +4 ms] 	at org.gradle.internal.buildtree.DefaultBuildTreeLifecycleController.lambda$scheduleAndRunTasks$1(DefaultBuildTreeLifecycleController.java:68)
[        ] 	at org.gradle.internal.buildtree.DefaultBuildTreeLifecycleController.lambda$runBuild$4(DefaultBuildTreeLifecycleController.java:98)
[        ] 	at org.gradle.internal.model.StateTransitionController.lambda$transition$6(StateTransitionController.java:169)
[        ] 	at org.gradle.internal.model.StateTransitionController.doTransition(StateTransitionController.java:266)
[        ] 	at org.gradle.internal.model.StateTransitionController.lambda$transition$7(StateTransitionController.java:169)
[        ] 	at org.gradle.internal.work.DefaultSynchronizer.withLock(DefaultSynchronizer.java:44)
[        ] 	at org.gradle.internal.model.StateTransitionController.transition(StateTransitionController.java:169)
[        ] 	at org.gradle.internal.buildtree.DefaultBuildTreeLifecycleController.runBuild(DefaultBuildTreeLifecycleController.java:95)
[        ] 	at org.gradle.internal.buildtree.DefaultBuildTreeLifecycleController.scheduleAndRunTasks(DefaultBuildTreeLifecycleController.java:68)
[        ] 	at org.gradle.internal.buildtree.DefaultBuildTreeLifecycleController.scheduleAndRunTasks(DefaultBuildTreeLifecycleController.java:63)
[        ] 	at org.gradle.tooling.internal.provider.ExecuteBuildActionRunner.run(ExecuteBuildActionRunner.java:31)
[        ] 	at org.gradle.launcher.exec.ChainingBuildActionRunner.run(ChainingBuildActionRunner.java:35)
[        ] 	at org.gradle.internal.buildtree.ProblemReportingBuildActionRunner.run(ProblemReportingBuildActionRunner.java:49)
[        ] 	at org.gradle.launcher.exec.BuildOutcomeReportingBuildActionRunner.run(BuildOutcomeReportingBuildActionRunner.java:65)
[        ] 	at org.gradle.tooling.internal.provider.FileSystemWatchingBuildActionRunner.run(FileSystemWatchingBuildActionRunner.java:140)
[        ] 	at org.gradle.launcher.exec.BuildCompletionNotifyingBuildActionRunner.run(BuildCompletionNotifyingBuildActionRunner.java:41)
[        ] 	at org.gradle.launcher.exec.RootBuildLifecycleBuildActionExecutor.lambda$execute$0(RootBuildLifecycleBuildActionExecutor.java:40)
[        ] 	at org.gradle.composite.internal.DefaultRootBuildState.run(DefaultRootBuildState.java:123)
[        ] 	at org.gradle.launcher.exec.RootBuildLifecycleBuildActionExecutor.execute(RootBuildLifecycleBuildActionExecutor.java:40)
[        ] 	at org.gradle.internal.buildtree.InitDeprecationLoggingActionExecutor.execute(InitDeprecationLoggingActionExecutor.java:62)
[        ] 	at org.gradle.internal.buildtree.InitProblems.execute(InitProblems.java:38)
[        ] 	at org.gradle.internal.buildtree.DefaultBuildTreeContext.execute(DefaultBuildTreeContext.java:40)
[        ] 	at org.gradle.launcher.exec.BuildTreeLifecycleBuildActionExecutor.lambda$execute$0(BuildTreeLifecycleBuildActionExecutor.java:65)
[        ] 	at org.gradle.internal.buildtree.BuildTreeState.run(BuildTreeState.java:58)
[        ] 	at org.gradle.launcher.exec.BuildTreeLifecycleBuildActionExecutor.execute(BuildTreeLifecycleBuildActionExecutor.java:65)
[        ] 	at org.gradle.launcher.exec.RunAsBuildOperationBuildActionExecutor$3.call(RunAsBuildOperationBuildActionExecutor.java:61)
[        ] 	at org.gradle.launcher.exec.RunAsBuildOperationBuildActionExecutor$3.call(RunAsBuildOperationBuildActionExecutor.java:57)
[        ] 	at org.gradle.internal.operations.DefaultBuildOperationRunner$CallableBuildOperationWorker.execute(DefaultBuildOperationRunner.java:204)
[        ] 	at org.gradle.internal.operations.DefaultBuildOperationRunner$CallableBuildOperationWorker.execute(DefaultBuildOperationRunner.java:199)
[        ] 	at org.gradle.internal.operations.DefaultBuildOperationRunner$2.execute(DefaultBuildOperationRunner.java:66)
[        ] 	at org.gradle.internal.operations.DefaultBuildOperationRunner$2.execute(DefaultBuildOperationRunner.java:59)
[        ] 	at org.gradle.internal.operations.DefaultBuildOperationRunner.execute(DefaultBuildOperationRunner.java:157)
[        ] 	at org.gradle.internal.operations.DefaultBuildOperationRunner.execute(DefaultBuildOperationRunner.java:59)
[        ] 	at org.gradle.internal.operations.DefaultBuildOperationRunner.call(DefaultBuildOperationRunner.java:53)
[        ] 	at org.gradle.internal.operations.DefaultBuildOperationExecutor.call(DefaultBuildOperationExecutor.java:78)
[        ] 	at org.gradle.launcher.exec.RunAsBuildOperationBuildActionExecutor.execute(RunAsBuildOperationBuildActionExecutor.java:57)
[        ] 	at org.gradle.launcher.exec.RunAsWorkerThreadBuildActionExecutor.lambda$execute$0(RunAsWorkerThreadBuildActionExecutor.java:36)
[        ] 	at org.gradle.internal.work.DefaultWorkerLeaseService.withLocks(DefaultWorkerLeaseService.java:264)
[        ] 	at org.gradle.internal.work.DefaultWorkerLeaseService.runAsWorkerThread(DefaultWorkerLeaseService.java:128)
[        ] 	at org.gradle.launcher.exec.RunAsWorkerThreadBuildActionExecutor.execute(RunAsWorkerThreadBuildActionExecutor.java:36)
[        ] 	at org.gradle.tooling.internal.provider.continuous.ContinuousBuildActionExecutor.execute(ContinuousBuildActionExecutor.java:110)
[        ] 	at org.gradle.tooling.internal.provider.SubscribableBuildActionExecutor.execute(SubscribableBuildActionExecutor.java:64)
[        ] 	at org.gradle.internal.session.DefaultBuildSessionContext.execute(DefaultBuildSessionContext.java:46)
[   +3 ms] 	at org.gradle.tooling.internal.provider.BuildSessionLifecycleBuildActionExecuter$ActionImpl.apply(BuildSessionLifecycleBuildActionExecuter.java:92)
[        ] 	at org.gradle.tooling.internal.provider.BuildSessionLifecycleBuildActionExecuter$ActionImpl.apply(BuildSessionLifecycleBuildActionExecuter.java:80)
[        ] 	at org.gradle.internal.session.BuildSessionState.run(BuildSessionState.java:69)
[        ] 	at org.gradle.tooling.internal.provider.BuildSessionLifecycleBuildActionExecuter.execute(BuildSessionLifecycleBuildActionExecuter.java:62)
[        ] 	at org.gradle.tooling.internal.provider.BuildSessionLifecycleBuildActionExecuter.execute(BuildSessionLifecycleBuildActionExecuter.java:41)
[        ] 	at org.gradle.tooling.internal.provider.StartParamsValidatingActionExecuter.execute(StartParamsValidatingActionExecuter.java:64)
[        ] 	at org.gradle.tooling.internal.provider.StartParamsValidatingActionExecuter.execute(StartParamsValidatingActionExecuter.java:32)
[        ] 	at org.gradle.tooling.internal.provider.SessionFailureReportingActionExecuter.execute(SessionFailureReportingActionExecuter.java:51)
[        ] 	at org.gradle.tooling.internal.provider.SessionFailureReportingActionExecuter.execute(SessionFailureReportingActionExecuter.java:39)
[        ] 	at org.gradle.tooling.internal.provider.SetupLoggingActionExecuter.execute(SetupLoggingActionExecuter.java:47)
[        ] 	at org.gradle.tooling.internal.provider.SetupLoggingActionExecuter.execute(SetupLoggingActionExecuter.java:31)
[        ] 	at org.gradle.launcher.daemon.server.exec.ExecuteBuild.doBuild(ExecuteBuild.java:65)
[        ] 	at org.gradle.launcher.daemon.server.exec.BuildCommandOnly.execute(BuildCommandOnly.java:37)
[        ] 	at org.gradle.launcher.daemon.server.api.DaemonCommandExecution.proceed(DaemonCommandExecution.java:104)
[        ] 	at org.gradle.launcher.daemon.server.exec.WatchForDisconnection.execute(WatchForDisconnection.java:39)
[        ] 	at org.gradle.launcher.daemon.server.api.DaemonCommandExecution.proceed(DaemonCommandExecution.java:104)
[        ] 	at org.gradle.launcher.daemon.server.exec.ResetDeprecationLogger.execute(ResetDeprecationLogger.java:29)
[        ] 	at org.gradle.launcher.daemon.server.api.DaemonCommandExecution.proceed(DaemonCommandExecution.java:104)
[        ] 	at org.gradle.launcher.daemon.server.exec.RequestStopIfSingleUsedDaemon.execute(RequestStopIfSingleUsedDaemon.java:35)
[        ] 	at org.gradle.launcher.daemon.server.api.DaemonCommandExecution.proceed(DaemonCommandExecution.java:104)
[        ] 	at org.gradle.launcher.daemon.server.exec.ForwardClientInput$2.create(ForwardClientInput.java:78)
[        ] 	at org.gradle.launcher.daemon.server.exec.ForwardClientInput$2.create(ForwardClientInput.java:75)
[        ] 	at org.gradle.util.internal.Swapper.swap(Swapper.java:38)
[        ] 	at org.gradle.launcher.daemon.server.exec.ForwardClientInput.execute(ForwardClientInput.java:75)
[        ] 	at org.gradle.launcher.daemon.server.api.DaemonCommandExecution.proceed(DaemonCommandExecution.java:104)
[        ] 	at org.gradle.launcher.daemon.server.exec.LogAndCheckHealth.execute(LogAndCheckHealth.java:64)
[        ] 	at org.gradle.launcher.daemon.server.api.DaemonCommandExecution.proceed(DaemonCommandExecution.java:104)
[        ] 	at org.gradle.launcher.daemon.server.exec.LogToClient.doBuild(LogToClient.java:63)
[        ] 	at org.gradle.launcher.daemon.server.exec.BuildCommandOnly.execute(BuildCommandOnly.java:37)
[        ] 	at org.gradle.launcher.daemon.server.api.DaemonCommandExecution.proceed(DaemonCommandExecution.java:104)
[        ] 	at org.gradle.launcher.daemon.server.exec.EstablishBuildEnvironment.doBuild(EstablishBuildEnvironment.java:84)
[        ] 	at org.gradle.launcher.daemon.server.exec.BuildCommandOnly.execute(BuildCommandOnly.java:37)
[        ] 	at org.gradle.launcher.daemon.server.api.DaemonCommandExecution.proceed(DaemonCommandExecution.java:104)
[        ] 	at org.gradle.launcher.daemon.server.exec.StartBuildOrRespondWithBusy$1.run(StartBuildOrRespondWithBusy.java:52)
[        ] 	at org.gradle.launcher.daemon.server.DaemonStateCoordinator$1.run(DaemonStateCoordinator.java:297)
[        ] 	at org.gradle.internal.concurrent.ExecutorPolicy$CatchAndRecordFailures.onExecute(ExecutorPolicy.java:64)
[        ] 	at org.gradle.internal.concurrent.AbstractManagedExecutor$1.run(AbstractManagedExecutor.java:47)
[        ] 	at java.base/java.util.concurrent.ThreadPoolExecutor.runWorker(ThreadPoolExecutor.java:1136)
[        ] 	at java.base/java.util.concurrent.ThreadPoolExecutor$Worker.run(ThreadPoolExecutor.java:635)
[        ] 	at java.base/java.lang.Thread.run(Thread.java:840)
[        ] Cause 2: com.android.builder.errors.EvalIssueException: compileSdkVersion is not specified. Please add it to build.gradle
[        ] 	at com.android.builder.errors.IssueReporter.reportError(IssueReporter.kt:114)
[        ] 	at com.android.builder.errors.IssueReporter.reportError$default(IssueReporter.kt:110)
[        ] 	at com.android.build.gradle.internal.plugins.BasePlugin.createAndroidTasks(BasePlugin.kt:627)
[        ] 	at com.android.build.gradle.internal.plugins.BasePlugin$createTasks$2$1.call(BasePlugin.kt:597)
[        ] 	at com.android.build.gradle.internal.profile.NoOpAnalyticsConfiguratorService.recordBlock(NoOpAnalyticsConfiguratorService.kt:53)
[   +3 ms] 	at com.android.build.gradle.internal.plugins.BasePlugin$createTasks$2.accept(BasePlugin.kt:592)
[        ] 	at com.android.build.gradle.internal.plugins.BasePlugin$createTasks$2.accept(BasePlugin.kt:589)
[        ] 	at com.android.build.gradle.internal.crash.CrashReporting$afterEvaluate$1.execute(crash_reporting.kt:37)
[        ] 	at com.android.build.gradle.internal.crash.CrashReporting$afterEvaluate$1.execute(crash_reporting.kt:35)
[        ] 	at org.gradle.configuration.internal.DefaultUserCodeApplicationContext$CurrentApplication$1.execute(DefaultUserCodeApplicationContext.java:123)
[        ] 	at org.gradle.configuration.internal.DefaultListenerBuildOperationDecorator$BuildOperationEmittingAction$1.run(DefaultListenerBuildOperationDecorator.java:171)
[        ] 	at org.gradle.internal.operations.DefaultBuildOperationRunner$1.execute(DefaultBuildOperationRunner.java:29)
[        ] 	at org.gradle.internal.operations.DefaultBuildOperationRunner$1.execute(DefaultBuildOperationRunner.java:26)
[        ] 	at org.gradle.internal.operations.DefaultBuildOperationRunner$2.execute(DefaultBuildOperationRunner.java:66)
[        ] 	at org.gradle.internal.operations.DefaultBuildOperationRunner$2.execute(DefaultBuildOperationRunner.java:59)
[        ] 	at org.gradle.internal.operations.DefaultBuildOperationRunner.execute(DefaultBuildOperationRunner.java:157)
[        ] 	at org.gradle.internal.operations.DefaultBuildOperationRunner.execute(DefaultBuildOperationRunner.java:59)
[        ] 	at org.gradle.internal.operations.DefaultBuildOperationRunner.run(DefaultBuildOperationRunner.java:47)
[        ] 	at org.gradle.internal.operations.DefaultBuildOperationExecutor.run(DefaultBuildOperationExecutor.java:73)
[        ] 	at org.gradle.configuration.internal.DefaultListenerBuildOperationDecorator$BuildOperationEmittingAction.execute(DefaultListenerBuildOperationDecorator.java:168)
[        ] 	at org.gradle.internal.event.BroadcastDispatch$ActionInvocationHandler.dispatch(BroadcastDispatch.java:99)
[        ] 	at org.gradle.internal.event.BroadcastDispatch$ActionInvocationHandler.dispatch(BroadcastDispatch.java:87)
[        ] 	at org.gradle.internal.event.AbstractBroadcastDispatch.dispatch(AbstractBroadcastDispatch.java:43)
[        ] 	at org.gradle.internal.event.BroadcastDispatch$SingletonDispatch.dispatch(BroadcastDispatch.java:268)
[        ] 	at org.gradle.internal.event.BroadcastDispatch$SingletonDispatch.dispatch(BroadcastDispatch.java:170)
[   +2 ms] 	at org.gradle.internal.event.AbstractBroadcastDispatch.dispatch(AbstractBroadcastDispatch.java:83)
[        ] 	at org.gradle.internal.event.AbstractBroadcastDispatch.dispatch(AbstractBroadcastDispatch.java:69)
[        ] 	at org.gradle.internal.event.BroadcastDispatch$CompositeDispatch.dispatch(BroadcastDispatch.java:381)
[        ] 	at org.gradle.internal.event.BroadcastDispatch$CompositeDispatch.dispatch(BroadcastDispatch.java:272)
[        ] 	at org.gradle.internal.event.ListenerBroadcast.dispatch(ListenerBroadcast.java:148)
[        ] 	at org.gradle.internal.event.ListenerBroadcast.dispatch(ListenerBroadcast.java:37)
[        ] 	at org.gradle.internal.dispatch.ProxyDispatchAdapter$DispatchingInvocationHandler.invoke(ProxyDispatchAdapter.java:94)
[        ] 	at jdk.proxy1/jdk.proxy1.$Proxy66.afterEvaluate(Unknown Source)
[        ] 	at org.gradle.configuration.project.LifecycleProjectEvaluator$NotifyAfterEvaluate$1.execute(LifecycleProjectEvaluator.java:247)
[        ] 	at org.gradle.configuration.project.LifecycleProjectEvaluator$NotifyAfterEvaluate$1.execute(LifecycleProjectEvaluator.java:244)
[        ] 	at org.gradle.api.internal.project.DefaultProject.stepEvaluationListener(DefaultProject.java:1495)
[        ] 	at org.gradle.configuration.project.LifecycleProjectEvaluator$NotifyAfterEvaluate.run(LifecycleProjectEvaluator.java:253)
[        ] 	at org.gradle.internal.operations.DefaultBuildOperationRunner$1.execute(DefaultBuildOperationRunner.java:29)
[        ] 	at org.gradle.internal.operations.DefaultBuildOperationRunner$1.execute(DefaultBuildOperationRunner.java:26)
[   +1 ms] 	at org.gradle.internal.operations.DefaultBuildOperationRunner$2.execute(DefaultBuildOperationRunner.java:66)
[        ] 	at org.gradle.internal.operations.DefaultBuildOperationRunner$2.execute(DefaultBuildOperationRunner.java:59)
[        ] 	at org.gradle.internal.operations.DefaultBuildOperationRunner.execute(DefaultBuildOperationRunner.java:157)
[        ] 	at org.gradle.internal.operations.DefaultBuildOperationRunner.execute(DefaultBuildOperationRunner.java:59)
[        ] 	at org.gradle.internal.operations.DefaultBuildOperationRunner.run(DefaultBuildOperationRunner.java:47)
[        ] 	at org.gradle.internal.operations.DefaultBuildOperationExecutor.run(DefaultBuildOperationExecutor.java:73)
[        ] 	at org.gradle.configuration.project.LifecycleProjectEvaluator$EvaluateProject.lambda$run$0(LifecycleProjectEvaluator.java:114)
[        ] 	at org.gradle.api.internal.project.DefaultProjectStateRegistry$ProjectStateImpl.lambda$applyToMutableState$1(DefaultProjectStateRegistry.java:406)
[        ] 	at org.gradle.api.internal.project.DefaultProjectStateRegistry$ProjectStateImpl.lambda$fromMutableState$2(DefaultProjectStateRegistry.java:429)
[        ] 	at org.gradle.internal.work.DefaultWorkerLeaseService.withReplacedLocks(DefaultWorkerLeaseService.java:360)
[        ] 	at org.gradle.api.internal.project.DefaultProjectStateRegistry$ProjectStateImpl.fromMutableState(DefaultProjectStateRegistry.java:429)
[        ] 	at org.gradle.api.internal.project.DefaultProjectStateRegistry$ProjectStateImpl.applyToMutableState(DefaultProjectStateRegistry.java:405)
[        ] 	at org.gradle.configuration.project.LifecycleProjectEvaluator$EvaluateProject.run(LifecycleProjectEvaluator.java:100)
[        ] 	at org.gradle.internal.operations.DefaultBuildOperationRunner$1.execute(DefaultBuildOperationRunner.java:29)
[        ] 	at org.gradle.internal.operations.DefaultBuildOperationRunner$1.execute(DefaultBuildOperationRunner.java:26)
[   +1 ms] 	at org.gradle.internal.operations.DefaultBuildOperationRunner$2.execute(DefaultBuildOperationRunner.java:66)
[        ] 	at org.gradle.internal.operations.DefaultBuildOperationRunner$2.execute(DefaultBuildOperationRunner.java:59)
[        ] 	at org.gradle.internal.operations.DefaultBuildOperationRunner.execute(DefaultBuildOperationRunner.java:157)
[        ] 	at org.gradle.internal.operations.DefaultBuildOperationRunner.execute(DefaultBuildOperationRunner.java:59)
[        ] 	at org.gradle.internal.operations.DefaultBuildOperationRunner.run(DefaultBuildOperationRunner.java:47)
[        ] 	at org.gradle.internal.operations.DefaultBuildOperationExecutor.run(DefaultBuildOperationExecutor.java:73)
[        ] 	at org.gradle.configuration.project.LifecycleProjectEvaluator.evaluate(LifecycleProjectEvaluator.java:72)
[        ] 	at org.gradle.api.internal.project.DefaultProject.evaluate(DefaultProject.java:788)
[        ] 	at org.gradle.api.internal.project.DefaultProject.evaluate(DefaultProject.java:156)
[        ] 	at org.gradle.api.internal.project.ProjectLifecycleController.lambda$ensureSelfConfigured$2(ProjectLifecycleController.java:84)
[        ] 	at org.gradle.internal.model.StateTransitionController.lambda$doTransition$14(StateTransitionController.java:255)
[        ] 	at org.gradle.internal.model.StateTransitionController.doTransition(StateTransitionController.java:266)
[        ] 	at org.gradle.internal.model.StateTransitionController.doTransition(StateTransitionController.java:254)
[        ] 	at org.gradle.internal.model.StateTransitionController.lambda$maybeTransitionIfNotCurrentlyTransitioning$10(StateTransitionController.java:199)
[        ] 	at org.gradle.internal.work.DefaultSynchronizer.withLock(DefaultSynchronizer.java:34)
[        ] 	at org.gradle.internal.model.StateTransitionController.maybeTransitionIfNotCurrentlyTransitioning(StateTransitionController.java:195)
[        ] 	at org.gradle.api.internal.project.ProjectLifecycleController.ensureSelfConfigured(ProjectLifecycleController.java:84)
[        ] 	at org.gradle.api.internal.project.DefaultProjectStateRegistry$ProjectStateImpl.ensureConfigured(DefaultProjectStateRegistry.java:380)
[        ] 	at org.gradle.execution.TaskPathProjectEvaluator.configure(TaskPathProjectEvaluator.java:34)
[        ] 	at org.gradle.execution.TaskPathProjectEvaluator.configureHierarchy(TaskPathProjectEvaluator.java:50)
[        ] 	at org.gradle.configuration.DefaultProjectsPreparer.prepareProjects(DefaultProjectsPreparer.java:42)
[        ] 	at org.gradle.configuration.BuildTreePreparingProjectsPreparer.prepareProjects(BuildTreePreparingProjectsPreparer.java:65)
[        ] 	at org.gradle.configuration.BuildOperationFiringProjectsPreparer$ConfigureBuild.run(BuildOperationFiringProjectsPreparer.java:52)
[        ] 	at org.gradle.internal.operations.DefaultBuildOperationRunner$1.execute(DefaultBuildOperationRunner.java:29)
[        ] 	at org.gradle.internal.operations.DefaultBuildOperationRunner$1.execute(DefaultBuildOperationRunner.java:26)
[        ] 	at org.gradle.internal.operations.DefaultBuildOperationRunner$2.execute(DefaultBuildOperationRunner.java:66)
[        ] 	at org.gradle.internal.operations.DefaultBuildOperationRunner$2.execute(DefaultBuildOperationRunner.java:59)
[        ] 	at org.gradle.internal.operations.DefaultBuildOperationRunner.execute(DefaultBuildOperationRunner.java:157)
[        ] 	at org.gradle.internal.operations.DefaultBuildOperationRunner.execute(DefaultBuildOperationRunner.java:59)
[        ] 	at org.gradle.internal.operations.DefaultBuildOperationRunner.run(DefaultBuildOperationRunner.java:47)
[        ] 	at org.gradle.internal.operations.DefaultBuildOperationExecutor.run(DefaultBuildOperationExecutor.java:73)
[        ] 	at org.gradle.configuration.BuildOperationFiringProjectsPreparer.prepareProjects(BuildOperationFiringProjectsPreparer.java:40)
[        ] 	at org.gradle.initialization.VintageBuildModelController.lambda$prepareProjects$2(VintageBuildModelController.java:84)
[        ] 	at org.gradle.internal.model.StateTransitionController.lambda$doTransition$14(StateTransitionController.java:255)
[        ] 	at org.gradle.internal.model.StateTransitionController.doTransition(StateTransitionController.java:266)
[        ] 	at org.gradle.internal.model.StateTransitionController.doTransition(StateTransitionController.java:254)
[        ] 	at org.gradle.internal.model.StateTransitionController.lambda$transitionIfNotPreviously$11(StateTransitionController.java:213)
[        ] 	at org.gradle.internal.work.DefaultSynchronizer.withLock(DefaultSynchronizer.java:34)
[        ] 	at org.gradle.internal.model.StateTransitionController.transitionIfNotPreviously(StateTransitionController.java:209)
[   +5 ms] 	at org.gradle.initialization.VintageBuildModelController.prepareProjects(VintageBuildModelController.java:84)
[        ] 	at org.gradle.initialization.VintageBuildModelController.prepareToScheduleTasks(VintageBuildModelController.java:71)
[        ] 	at org.gradle.internal.build.DefaultBuildLifecycleController.lambda$prepareToScheduleTasks$6(DefaultBuildLifecycleController.java:175)
[        ] 	at org.gradle.internal.model.StateTransitionController.lambda$doTransition$14(StateTransitionController.java:255)
[        ] 	at org.gradle.internal.model.StateTransitionController.doTransition(StateTransitionController.java:266)
[        ] 	at org.gradle.internal.model.StateTransitionController.doTransition(StateTransitionController.java:254)
[        ] 	at org.gradle.internal.model.StateTransitionController.lambda$maybeTransition$9(StateTransitionController.java:190)
[        ] 	at org.gradle.internal.work.DefaultSynchronizer.withLock(DefaultSynchronizer.java:34)
[        ] 	at org.gradle.internal.model.StateTransitionController.maybeTransition(StateTransitionController.java:186)
[        ] 	at org.gradle.internal.build.DefaultBuildLifecycleController.prepareToScheduleTasks(DefaultBuildLifecycleController.java:173)
[        ] 	at org.gradle.internal.buildtree.DefaultBuildTreeWorkPreparer.scheduleRequestedTasks(DefaultBuildTreeWorkPreparer.java:36)
[        ] 	at org.gradle.configurationcache.VintageBuildTreeWorkController$scheduleAndRunRequestedTasks$1.apply(VintageBuildTreeWorkController.kt:36)
[        ] 	at org.gradle.configurationcache.VintageBuildTreeWorkController$scheduleAndRunRequestedTasks$1.apply(VintageBuildTreeWorkController.kt:35)
[        ] 	at org.gradle.composite.internal.DefaultIncludedBuildTaskGraph.withNewWorkGraph(DefaultIncludedBuildTaskGraph.java:112)
[        ] 	at org.gradle.configurationcache.VintageBuildTreeWorkController.scheduleAndRunRequestedTasks(VintageBuildTreeWorkController.kt:35)
[        ] 	at org.gradle.internal.buildtree.DefaultBuildTreeLifecycleController.lambda$scheduleAndRunTasks$1(DefaultBuildTreeLifecycleController.java:68)
[        ] 	at org.gradle.internal.buildtree.DefaultBuildTreeLifecycleController.lambda$runBuild$4(DefaultBuildTreeLifecycleController.java:98)
[        ] 	at org.gradle.internal.model.StateTransitionController.lambda$transition$6(StateTransitionController.java:169)
[        ] 	at org.gradle.internal.model.StateTransitionController.doTransition(StateTransitionController.java:266)
[        ] 	at org.gradle.internal.model.StateTransitionController.lambda$transition$7(StateTransitionController.java:169)
[        ] 	at org.gradle.internal.work.DefaultSynchronizer.withLock(DefaultSynchronizer.java:44)
[        ] 	at org.gradle.internal.model.StateTransitionController.transition(StateTransitionController.java:169)
[        ] 	at org.gradle.internal.buildtree.DefaultBuildTreeLifecycleController.runBuild(DefaultBuildTreeLifecycleController.java:95)
[        ] 	at org.gradle.internal.buildtree.DefaultBuildTreeLifecycleController.scheduleAndRunTasks(DefaultBuildTreeLifecycleController.java:68)
[        ] 	at org.gradle.internal.buildtree.DefaultBuildTreeLifecycleController.scheduleAndRunTasks(DefaultBuildTreeLifecycleController.java:63)
[        ] 	at org.gradle.tooling.internal.provider.ExecuteBuildActionRunner.run(ExecuteBuildActionRunner.java:31)
[        ] 	at org.gradle.launcher.exec.ChainingBuildActionRunner.run(ChainingBuildActionRunner.java:35)
[   +5 ms] 	at org.gradle.internal.buildtree.ProblemReportingBuildActionRunner.run(ProblemReportingBuildActionRunner.java:49)
[        ] 	at org.gradle.launcher.exec.BuildOutcomeReportingBuildActionRunner.run(BuildOutcomeReportingBuildActionRunner.java:65)
[        ] 	at org.gradle.tooling.internal.provider.FileSystemWatchingBuildActionRunner.run(FileSystemWatchingBuildActionRunner.java:140)
[        ] 	at org.gradle.launcher.exec.BuildCompletionNotifyingBuildActionRunner.run(BuildCompletionNotifyingBuildActionRunner.java:41)
[        ] 	at org.gradle.launcher.exec.RootBuildLifecycleBuildActionExecutor.lambda$execute$0(RootBuildLifecycleBuildActionExecutor.java:40)
[        ] 	at org.gradle.composite.internal.DefaultRootBuildState.run(DefaultRootBuildState.java:123)
[        ] 	at org.gradle.launcher.exec.RootBuildLifecycleBuildActionExecutor.execute(RootBuildLifecycleBuildActionExecutor.java:40)
[        ] 	at org.gradle.internal.buildtree.InitDeprecationLoggingActionExecutor.execute(InitDeprecationLoggingActionExecutor.java:62)
[        ] 	at org.gradle.internal.buildtree.InitProblems.execute(InitProblems.java:38)
[        ] 	at org.gradle.internal.buildtree.DefaultBuildTreeContext.execute(DefaultBuildTreeContext.java:40)
[        ] 	at org.gradle.launcher.exec.BuildTreeLifecycleBuildActionExecutor.lambda$execute$0(BuildTreeLifecycleBuildActionExecutor.java:65)
[        ] 	at org.gradle.internal.buildtree.BuildTreeState.run(BuildTreeState.java:58)
[        ] 	at org.gradle.launcher.exec.BuildTreeLifecycleBuildActionExecutor.execute(BuildTreeLifecycleBuildActionExecutor.java:65)
[        ] 	at org.gradle.launcher.exec.RunAsBuildOperationBuildActionExecutor$3.call(RunAsBuildOperationBuildActionExecutor.java:61)
[        ] 	at org.gradle.launcher.exec.RunAsBuildOperationBuildActionExecutor$3.call(RunAsBuildOperationBuildActionExecutor.java:57)
[        ] 	at org.gradle.internal.operations.DefaultBuildOperationRunner$CallableBuildOperationWorker.execute(DefaultBuildOperationRunner.java:204)
[        ] 	at org.gradle.internal.operations.DefaultBuildOperationRunner$CallableBuildOperationWorker.execute(DefaultBuildOperationRunner.java:199)
[        ] 	at org.gradle.internal.operations.DefaultBuildOperationRunner$2.execute(DefaultBuildOperationRunner.java:66)
[        ] 	at org.gradle.internal.operations.DefaultBuildOperationRunner$2.execute(DefaultBuildOperationRunner.java:59)
[        ] 	at org.gradle.internal.operations.DefaultBuildOperationRunner.execute(DefaultBuildOperationRunner.java:157)
[        ] 	at org.gradle.internal.operations.DefaultBuildOperationRunner.execute(DefaultBuildOperationRunner.java:59)
[        ] 	at org.gradle.internal.operations.DefaultBuildOperationRunner.call(DefaultBuildOperationRunner.java:53)
[        ] 	at org.gradle.internal.operations.DefaultBuildOperationExecutor.call(DefaultBuildOperationExecutor.java:78)
[        ] 	at org.gradle.launcher.exec.RunAsBuildOperationBuildActionExecutor.execute(RunAsBuildOperationBuildActionExecutor.java:57)
[        ] 	at org.gradle.launcher.exec.RunAsWorkerThreadBuildActionExecutor.lambda$execute$0(RunAsWorkerThreadBuildActionExecutor.java:36)
[        ] 	at org.gradle.internal.work.DefaultWorkerLeaseService.withLocks(DefaultWorkerLeaseService.java:264)
[        ] 	at org.gradle.internal.work.DefaultWorkerLeaseService.runAsWorkerThread(DefaultWorkerLeaseService.java:128)
[        ] 	at org.gradle.launcher.exec.RunAsWorkerThreadBuildActionExecutor.execute(RunAsWorkerThreadBuildActionExecutor.java:36)
[        ] 	at org.gradle.tooling.internal.provider.continuous.ContinuousBuildActionExecutor.execute(ContinuousBuildActionExecutor.java:110)
[        ] 	at org.gradle.tooling.internal.provider.SubscribableBuildActionExecutor.execute(SubscribableBuildActionExecutor.java:64)
[        ] 	at org.gradle.internal.session.DefaultBuildSessionContext.execute(DefaultBuildSessionContext.java:46)
[        ] 	at org.gradle.tooling.internal.provider.BuildSessionLifecycleBuildActionExecuter$ActionImpl.apply(BuildSessionLifecycleBuildActionExecuter.java:92)
[        ] 	at org.gradle.tooling.internal.provider.BuildSessionLifecycleBuildActionExecuter$ActionImpl.apply(BuildSessionLifecycleBuildActionExecuter.java:80)
[        ] 	at org.gradle.internal.session.BuildSessionState.run(BuildSessionState.java:69)
[   +3 ms] 	at org.gradle.tooling.internal.provider.BuildSessionLifecycleBuildActionExecuter.execute(BuildSessionLifecycleBuildActionExecuter.java:62)
[        ] 	at org.gradle.tooling.internal.provider.BuildSessionLifecycleBuildActionExecuter.execute(BuildSessionLifecycleBuildActionExecuter.java:41)
[        ] 	at org.gradle.tooling.internal.provider.StartParamsValidatingActionExecuter.execute(StartParamsValidatingActionExecuter.java:64)
[        ] 	at org.gradle.tooling.internal.provider.StartParamsValidatingActionExecuter.execute(StartParamsValidatingActionExecuter.java:32)
[        ] 	at org.gradle.tooling.internal.provider.SessionFailureReportingActionExecuter.execute(SessionFailureReportingActionExecuter.java:51)
[        ] 	at org.gradle.tooling.internal.provider.SessionFailureReportingActionExecuter.execute(SessionFailureReportingActionExecuter.java:39)
[        ] 	at org.gradle.tooling.internal.provider.SetupLoggingActionExecuter.execute(SetupLoggingActionExecuter.java:47)
[        ] 	at org.gradle.tooling.internal.provider.SetupLoggingActionExecuter.execute(SetupLoggingActionExecuter.java:31)
[        ] 	at org.gradle.launcher.daemon.server.exec.ExecuteBuild.doBuild(ExecuteBuild.java:65)
[        ] 	at org.gradle.launcher.daemon.server.exec.BuildCommandOnly.execute(BuildCommandOnly.java:37)
[        ] 	at org.gradle.launcher.daemon.server.api.DaemonCommandExecution.proceed(DaemonCommandExecution.java:104)
[        ] 	at org.gradle.launcher.daemon.server.exec.WatchForDisconnection.execute(WatchForDisconnection.java:39)
[        ] 	at org.gradle.launcher.daemon.server.api.DaemonCommandExecution.proceed(DaemonCommandExecution.java:104)
[        ] 	at org.gradle.launcher.daemon.server.exec.ResetDeprecationLogger.execute(ResetDeprecationLogger.java:29)
[        ] 	at org.gradle.launcher.daemon.server.api.DaemonCommandExecution.proceed(DaemonCommandExecution.java:104)
[        ] 	at org.gradle.launcher.daemon.server.exec.RequestStopIfSingleUsedDaemon.execute(RequestStopIfSingleUsedDaemon.java:35)
[        ] 	at org.gradle.launcher.daemon.server.api.DaemonCommandExecution.proceed(DaemonCommandExecution.java:104)
[        ] 	at org.gradle.launcher.daemon.server.exec.ForwardClientInput$2.create(ForwardClientInput.java:78)
[        ] 	at org.gradle.launcher.daemon.server.exec.ForwardClientInput$2.create(ForwardClientInput.java:75)
[        ] 	at org.gradle.util.internal.Swapper.swap(Swapper.java:38)
[        ] 	at org.gradle.launcher.daemon.server.exec.ForwardClientInput.execute(ForwardClientInput.java:75)
[        ] 	at org.gradle.launcher.daemon.server.api.DaemonCommandExecution.proceed(DaemonCommandExecution.java:104)
[        ] 	at org.gradle.launcher.daemon.server.exec.LogAndCheckHealth.execute(LogAndCheckHealth.java:64)
[        ] 	at org.gradle.launcher.daemon.server.api.DaemonCommandExecution.proceed(DaemonCommandExecution.java:104)
[        ] 	at org.gradle.launcher.daemon.server.exec.LogToClient.doBuild(LogToClient.java:63)
[        ] 	at org.gradle.launcher.daemon.server.exec.BuildCommandOnly.execute(BuildCommandOnly.java:37)
[        ] 	at org.gradle.launcher.daemon.server.api.DaemonCommandExecution.proceed(DaemonCommandExecution.java:104)
[        ] 	at org.gradle.launcher.daemon.server.exec.EstablishBuildEnvironment.doBuild(EstablishBuildEnvironment.java:84)
[        ] 	at org.gradle.launcher.daemon.server.exec.BuildCommandOnly.execute(BuildCommandOnly.java:37)
[        ] 	at org.gradle.launcher.daemon.server.api.DaemonCommandExecution.proceed(DaemonCommandExecution.java:104)
[        ] 	at org.gradle.launcher.daemon.server.exec.StartBuildOrRespondWithBusy$1.run(StartBuildOrRespondWithBusy.java:52)
[        ] 	at org.gradle.launcher.daemon.server.DaemonStateCoordinator$1.run(DaemonStateCoordinator.java:297)
[        ] 	at org.gradle.internal.concurrent.ExecutorPolicy$CatchAndRecordFailures.onExecute(ExecutorPolicy.java:64)
[        ] 	at org.gradle.internal.concurrent.AbstractManagedExecutor$1.run(AbstractManagedExecutor.java:47)
[        ] 	at java.base/java.util.concurrent.ThreadPoolExecutor.runWorker(ThreadPoolExecutor.java:1136)
[        ] 	at java.base/java.util.concurrent.ThreadPoolExecutor$Worker.run(ThreadPoolExecutor.java:635)
[        ] 	at java.base/java.lang.Thread.run(Thread.java:840)
[        ] ==============================================================================
[        ] 3: Task failed with an exception.
[        ] -----------
[        ] * What went wrong:
[        ] Failed to query the value of property 'buildFlowServiceProperty'.
[        ] > Could not isolate value org.jetbrains.kotlin.gradle.plugin.statistics.BuildFlowService$Parameters_Decorated@2114eed of type BuildFlowService.Parameters
[        ]    > A problem occurred configuring project ':package_info_plus'.
[        ]       > Failed to notify project evaluation listener.
[        ]          > Cannot invoke method substring() on null object
[        ]          > compileSdkVersion is not specified. Please add it to build.gradle
[        ] * Try:
[        ] > Run with --debug option to get more log output.
[        ] > Run with --scan to get full insights.
[   +1 ms] > Get more help at https://help.gradle.org.
[        ] * Exception is:
[        ] org.gradle.api.internal.provider.AbstractProperty$PropertyQueryException: Failed to query the value of property 'buildFlowServiceProperty'.
[        ] 	at org.gradle.api.internal.provider.AbstractProperty.doCalculateValue(AbstractProperty.java:145)
[   +1 ms] 	at org.gradle.api.internal.provider.AbstractProperty.calculateOwnValue(AbstractProperty.java:136)
[        ] 	at org.gradle.api.internal.provider.AbstractMinimalProvider.getOrNull(AbstractMinimalProvider.java:105)
[        ] 	at org.jetbrains.kotlin.gradle.plugin.BuildFinishFlowAction.execute(StatisticsBuildFlowManager.kt:75)
[        ] 	at org.jetbrains.kotlin.gradle.plugin.BuildFinishFlowAction.execute(StatisticsBuildFlowManager.kt:61)
[        ] 	at org.gradle.configurationcache.flow.FlowScheduler.schedule(FlowScheduler.kt:48)
[        ] 	at org.gradle.configurationcache.flow.BuildFlowScope.schedulePendingActions(BuildFlowScope.kt:140)
[        ] 	at org.gradle.configurationcache.flow.BuildFlowScope.buildFinished(BuildFlowScope.kt:118)
[        ] 	at java.base/jdk.internal.reflect.NativeMethodAccessorImpl.invoke0(Native Method)
[        ] 	at java.base/jdk.internal.reflect.NativeMethodAccessorImpl.invoke(NativeMethodAccessorImpl.java:77)
[        ] 	at java.base/jdk.internal.reflect.DelegatingMethodAccessorImpl.invoke(DelegatingMethodAccessorImpl.java:43)
[        ] 	at java.base/java.lang.reflect.Method.invoke(Method.java:569)
[        ] 	at org.gradle.internal.dispatch.ReflectionDispatch.dispatch(ReflectionDispatch.java:36)
[        ] 	at org.gradle.internal.dispatch.ReflectionDispatch.dispatch(ReflectionDispatch.java:24)
[        ] 	at org.gradle.internal.event.DefaultListenerManager$ListenerDetails.dispatch(DefaultListenerManager.java:472)
[        ] 	at org.gradle.internal.event.DefaultListenerManager$ListenerDetails.dispatch(DefaultListenerManager.java:454)
[        ] 	at org.gradle.internal.event.AbstractBroadcastDispatch.dispatch(AbstractBroadcastDispatch.java:83)
[        ] 	at org.gradle.internal.event.AbstractBroadcastDispatch.dispatch(AbstractBroadcastDispatch.java:69)
[        ] 	at org.gradle.internal.event.DefaultListenerManager$EventBroadcast$ListenerDispatch.dispatch(DefaultListenerManager.java:443)
[        ] 	at org.gradle.internal.event.DefaultListenerManager$EventBroadcast$ListenerDispatch.dispatch(DefaultListenerManager.java:431)
[        ] 	at org.gradle.internal.event.AbstractBroadcastDispatch.dispatch(AbstractBroadcastDispatch.java:43)
[        ] 	at org.gradle.internal.event.BroadcastDispatch$SingletonDispatch.dispatch(BroadcastDispatch.java:268)
[        ] 	at org.gradle.internal.event.BroadcastDispatch$SingletonDispatch.dispatch(BroadcastDispatch.java:170)
[        ] 	at org.gradle.internal.event.AbstractBroadcastDispatch.dispatch(AbstractBroadcastDispatch.java:83)
[        ] 	at org.gradle.internal.event.AbstractBroadcastDispatch.dispatch(AbstractBroadcastDispatch.java:69)
[        ] 	at org.gradle.internal.event.BroadcastDispatch$CompositeDispatch.dispatch(BroadcastDispatch.java:381)
[        ] 	at org.gradle.internal.event.BroadcastDispatch$CompositeDispatch.dispatch(BroadcastDispatch.java:272)
[        ] 	at org.gradle.internal.event.ListenerBroadcast.dispatch(ListenerBroadcast.java:148)
[        ] 	at org.gradle.internal.event.ListenerBroadcast.dispatch(ListenerBroadcast.java:37)
[        ] 	at org.gradle.internal.dispatch.ProxyDispatchAdapter$DispatchingInvocationHandler.invoke(ProxyDispatchAdapter.java:94)
[        ] 	at jdk.proxy1/jdk.proxy1.$Proxy36.buildFinished(Unknown Source)
[        ] 	at org.gradle.internal.build.DefaultBuildLifecycleController.lambda$finishBuild$11(DefaultBuildLifecycleController.java:346)
[   +3 ms] 	at org.gradle.internal.build.ExecutionResult.maybeFailing(ExecutionResult.java:94)
[        ] 	at org.gradle.internal.build.DefaultBuildLifecycleController.lambda$finishBuild$12(DefaultBuildLifecycleController.java:346)
[        ] 	at org.gradle.internal.model.StateTransitionController.doTransitionWithFailures(StateTransitionController.java:241)
[        ] 	at org.gradle.internal.model.StateTransitionController.lambda$transition$13(StateTransitionController.java:232)
[        ] 	at org.gradle.internal.work.DefaultSynchronizer.withLock(DefaultSynchronizer.java:44)
[        ] 	at org.gradle.internal.model.StateTransitionController.transition(StateTransitionController.java:229)
[        ] 	at org.gradle.internal.build.DefaultBuildLifecycleController.finishBuild(DefaultBuildLifecycleController.java:336)
[        ] 	at org.gradle.internal.buildtree.DefaultBuildTreeFinishExecutor.finishBuildTree(DefaultBuildTreeFinishExecutor.java:57)
[        ] 	at org.gradle.composite.internal.OperationFiringBuildTreeFinishExecutor$1.call(OperationFiringBuildTreeFinishExecutor.java:46)
[        ] 	at org.gradle.composite.internal.OperationFiringBuildTreeFinishExecutor$1.call(OperationFiringBuildTreeFinishExecutor.java:42)
[        ] 	at org.gradle.internal.operations.DefaultBuildOperationRunner$CallableBuildOperationWorker.execute(DefaultBuildOperationRunner.java:204)
[        ] 	at org.gradle.internal.operations.DefaultBuildOperationRunner$CallableBuildOperationWorker.execute(DefaultBuildOperationRunner.java:199)
[        ] 	at org.gradle.internal.operations.DefaultBuildOperationRunner$2.execute(DefaultBuildOperationRunner.java:66)
[        ] 	at org.gradle.internal.operations.DefaultBuildOperationRunner$2.execute(DefaultBuildOperationRunner.java:59)
[        ] 	at org.gradle.internal.operations.DefaultBuildOperationRunner.execute(DefaultBuildOperationRunner.java:157)
[        ] 	at org.gradle.internal.operations.DefaultBuildOperationRunner.execute(DefaultBuildOperationRunner.java:59)
[        ] 	at org.gradle.internal.operations.DefaultBuildOperationRunner.call(DefaultBuildOperationRunner.java:53)
[        ] 	at org.gradle.internal.operations.DefaultBuildOperationExecutor.call(DefaultBuildOperationExecutor.java:78)
[        ] 	at org.gradle.composite.internal.OperationFiringBuildTreeFinishExecutor.finishBuildTree(OperationFiringBuildTreeFinishExecutor.java:42)
[        ] 	at org.gradle.internal.buildtree.DefaultBuildTreeLifecycleController.lambda$runBuild$4(DefaultBuildTreeLifecycleController.java:103)
[        ] 	at org.gradle.internal.model.StateTransitionController.lambda$transition$6(StateTransitionController.java:169)
[        ] 	at org.gradle.internal.model.StateTransitionController.doTransition(StateTransitionController.java:266)
[        ] 	at org.gradle.internal.model.StateTransitionController.lambda$transition$7(StateTransitionController.java:169)
[        ] 	at org.gradle.internal.work.DefaultSynchronizer.withLock(DefaultSynchronizer.java:44)
[        ] 	at org.gradle.internal.model.StateTransitionController.transition(StateTransitionController.java:169)
[        ] 	at org.gradle.internal.buildtree.DefaultBuildTreeLifecycleController.runBuild(DefaultBuildTreeLifecycleController.java:95)
[        ] 	at org.gradle.internal.buildtree.DefaultBuildTreeLifecycleController.scheduleAndRunTasks(DefaultBuildTreeLifecycleController.java:68)
[        ] 	at org.gradle.internal.buildtree.DefaultBuildTreeLifecycleController.scheduleAndRunTasks(DefaultBuildTreeLifecycleController.java:63)
[        ] 	at org.gradle.tooling.internal.provider.ExecuteBuildActionRunner.run(ExecuteBuildActionRunner.java:31)
[        ] 	at org.gradle.launcher.exec.ChainingBuildActionRunner.run(ChainingBuildActionRunner.java:35)
[        ] 	at org.gradle.internal.buildtree.ProblemReportingBuildActionRunner.run(ProblemReportingBuildActionRunner.java:49)
[        ] 	at org.gradle.launcher.exec.BuildOutcomeReportingBuildActionRunner.run(BuildOutcomeReportingBuildActionRunner.java:65)
[        ] 	at org.gradle.tooling.internal.provider.FileSystemWatchingBuildActionRunner.run(FileSystemWatchingBuildActionRunner.java:140)
[        ] 	at org.gradle.launcher.exec.BuildCompletionNotifyingBuildActionRunner.run(BuildCompletionNotifyingBuildActionRunner.java:41)
[        ] 	at org.gradle.launcher.exec.RootBuildLifecycleBuildActionExecutor.lambda$execute$0(RootBuildLifecycleBuildActionExecutor.java:40)
[        ] 	at org.gradle.composite.internal.DefaultRootBuildState.run(DefaultRootBuildState.java:123)
[   +3 ms] 	at org.gradle.launcher.exec.RootBuildLifecycleBuildActionExecutor.execute(RootBuildLifecycleBuildActionExecutor.java:40)
[        ] 	at org.gradle.internal.buildtree.InitDeprecationLoggingActionExecutor.execute(InitDeprecationLoggingActionExecutor.java:62)
[        ] 	at org.gradle.internal.buildtree.InitProblems.execute(InitProblems.java:38)
[        ] 	at org.gradle.internal.buildtree.DefaultBuildTreeContext.execute(DefaultBuildTreeContext.java:40)
[        ] 	at org.gradle.launcher.exec.BuildTreeLifecycleBuildActionExecutor.lambda$execute$0(BuildTreeLifecycleBuildActionExecutor.java:65)
[        ] 	at org.gradle.internal.buildtree.BuildTreeState.run(BuildTreeState.java:58)
[        ] 	at org.gradle.launcher.exec.BuildTreeLifecycleBuildActionExecutor.execute(BuildTreeLifecycleBuildActionExecutor.java:65)
[        ] 	at org.gradle.launcher.exec.RunAsBuildOperationBuildActionExecutor$3.call(RunAsBuildOperationBuildActionExecutor.java:61)
[        ] 	at org.gradle.launcher.exec.RunAsBuildOperationBuildActionExecutor$3.call(RunAsBuildOperationBuildActionExecutor.java:57)
[        ] 	at org.gradle.internal.operations.DefaultBuildOperationRunner$CallableBuildOperationWorker.execute(DefaultBuildOperationRunner.java:204)
[        ] 	at org.gradle.internal.operations.DefaultBuildOperationRunner$CallableBuildOperationWorker.execute(DefaultBuildOperationRunner.java:199)
[        ] 	at org.gradle.internal.operations.DefaultBuildOperationRunner$2.execute(DefaultBuildOperationRunner.java:66)
[        ] 	at org.gradle.internal.operations.DefaultBuildOperationRunner$2.execute(DefaultBuildOperationRunner.java:59)
[        ] 	at org.gradle.internal.operations.DefaultBuildOperationRunner.execute(DefaultBuildOperationRunner.java:157)
[        ] 	at org.gradle.internal.operations.DefaultBuildOperationRunner.execute(DefaultBuildOperationRunner.java:59)
[        ] 	at org.gradle.internal.operations.DefaultBuildOperationRunner.call(DefaultBuildOperationRunner.java:53)
[        ] 	at org.gradle.internal.operations.DefaultBuildOperationExecutor.call(DefaultBuildOperationExecutor.java:78)
[        ] 	at org.gradle.launcher.exec.RunAsBuildOperationBuildActionExecutor.execute(RunAsBuildOperationBuildActionExecutor.java:57)
[        ] 	at org.gradle.launcher.exec.RunAsWorkerThreadBuildActionExecutor.lambda$execute$0(RunAsWorkerThreadBuildActionExecutor.java:36)
[        ] 	at org.gradle.internal.work.DefaultWorkerLeaseService.withLocks(DefaultWorkerLeaseService.java:264)
[        ] 	at org.gradle.internal.work.DefaultWorkerLeaseService.runAsWorkerThread(DefaultWorkerLeaseService.java:128)
[        ] 	at org.gradle.launcher.exec.RunAsWorkerThreadBuildActionExecutor.execute(RunAsWorkerThreadBuildActionExecutor.java:36)
[        ] 	at org.gradle.tooling.internal.provider.continuous.ContinuousBuildActionExecutor.execute(ContinuousBuildActionExecutor.java:110)
[        ] 	at org.gradle.tooling.internal.provider.SubscribableBuildActionExecutor.execute(SubscribableBuildActionExecutor.java:64)
[        ] 	at org.gradle.internal.session.DefaultBuildSessionContext.execute(DefaultBuildSessionContext.java:46)
[        ] 	at org.gradle.tooling.internal.provider.BuildSessionLifecycleBuildActionExecuter$ActionImpl.apply(BuildSessionLifecycleBuildActionExecuter.java:92)
[        ] 	at org.gradle.tooling.internal.provider.BuildSessionLifecycleBuildActionExecuter$ActionImpl.apply(BuildSessionLifecycleBuildActionExecuter.java:80)
[        ] 	at org.gradle.internal.session.BuildSessionState.run(BuildSessionState.java:69)
[        ] 	at org.gradle.tooling.internal.provider.BuildSessionLifecycleBuildActionExecuter.execute(BuildSessionLifecycleBuildActionExecuter.java:62)
[        ] 	at org.gradle.tooling.internal.provider.BuildSessionLifecycleBuildActionExecuter.execute(BuildSessionLifecycleBuildActionExecuter.java:41)
[        ] 	at org.gradle.tooling.internal.provider.StartParamsValidatingActionExecuter.execute(StartParamsValidatingActionExecuter.java:64)
[        ] 	at org.gradle.tooling.internal.provider.StartParamsValidatingActionExecuter.execute(StartParamsValidatingActionExecuter.java:32)
[   +1 ms] 	at org.gradle.tooling.internal.provider.SessionFailureReportingActionExecuter.execute(SessionFailureReportingActionExecuter.java:51)
[        ] 	at org.gradle.tooling.internal.provider.SessionFailureReportingActionExecuter.execute(SessionFailureReportingActionExecuter.java:39)
[        ] 	at org.gradle.tooling.internal.provider.SetupLoggingActionExecuter.execute(SetupLoggingActionExecuter.java:47)
[        ] 	at org.gradle.tooling.internal.provider.SetupLoggingActionExecuter.execute(SetupLoggingActionExecuter.java:31)
[        ] 	at org.gradle.launcher.daemon.server.exec.ExecuteBuild.doBuild(ExecuteBuild.java:65)
[        ] 	at org.gradle.launcher.daemon.server.exec.BuildCommandOnly.execute(BuildCommandOnly.java:37)
[        ] 	at org.gradle.launcher.daemon.server.api.DaemonCommandExecution.proceed(DaemonCommandExecution.java:104)
[        ] 	at org.gradle.launcher.daemon.server.exec.WatchForDisconnection.execute(WatchForDisconnection.java:39)
[        ] 	at org.gradle.launcher.daemon.server.api.DaemonCommandExecution.proceed(DaemonCommandExecution.java:104)
[        ] 	at org.gradle.launcher.daemon.server.exec.ResetDeprecationLogger.execute(ResetDeprecationLogger.java:29)
[        ] 	at org.gradle.launcher.daemon.server.api.DaemonCommandExecution.proceed(DaemonCommandExecution.java:104)
[        ] 	at org.gradle.launcher.daemon.server.exec.RequestStopIfSingleUsedDaemon.execute(RequestStopIfSingleUsedDaemon.java:35)
[        ] 	at org.gradle.launcher.daemon.server.api.DaemonCommandExecution.proceed(DaemonCommandExecution.java:104)
[        ] 	at org.gradle.launcher.daemon.server.exec.ForwardClientInput$2.create(ForwardClientInput.java:78)
[        ] 	at org.gradle.launcher.daemon.server.exec.ForwardClientInput$2.create(ForwardClientInput.java:75)
[        ] 	at org.gradle.util.internal.Swapper.swap(Swapper.java:38)
[        ] 	at org.gradle.launcher.daemon.server.exec.ForwardClientInput.execute(ForwardClientInput.java:75)
[        ] 	at org.gradle.launcher.daemon.server.api.DaemonCommandExecution.proceed(DaemonCommandExecution.java:104)
[        ] 	at org.gradle.launcher.daemon.server.exec.LogAndCheckHealth.execute(LogAndCheckHealth.java:64)
[        ] 	at org.gradle.launcher.daemon.server.api.DaemonCommandExecution.proceed(DaemonCommandExecution.java:104)
[        ] 	at org.gradle.launcher.daemon.server.exec.LogToClient.doBuild(LogToClient.java:63)
[        ] 	at org.gradle.launcher.daemon.server.exec.BuildCommandOnly.execute(BuildCommandOnly.java:37)
[        ] 	at org.gradle.launcher.daemon.server.api.DaemonCommandExecution.proceed(DaemonCommandExecution.java:104)
[        ] 	at org.gradle.launcher.daemon.server.exec.EstablishBuildEnvironment.doBuild(EstablishBuildEnvironment.java:84)
[        ] 	at org.gradle.launcher.daemon.server.exec.BuildCommandOnly.execute(BuildCommandOnly.java:37)
[        ] 	at org.gradle.launcher.daemon.server.api.DaemonCommandExecution.proceed(DaemonCommandExecution.java:104)
[        ] 	at org.gradle.launcher.daemon.server.exec.StartBuildOrRespondWithBusy$1.run(StartBuildOrRespondWithBusy.java:52)
[        ] 	at org.gradle.launcher.daemon.server.DaemonStateCoordinator$1.run(DaemonStateCoordinator.java:297)
[        ] 	at org.gradle.internal.concurrent.ExecutorPolicy$CatchAndRecordFailures.onExecute(ExecutorPolicy.java:64)
[        ] 	at org.gradle.internal.concurrent.AbstractManagedExecutor$1.run(AbstractManagedExecutor.java:47)
[        ] 	at java.base/java.util.concurrent.ThreadPoolExecutor.runWorker(ThreadPoolExecutor.java:1136)
[        ] 	at java.base/java.util.concurrent.ThreadPoolExecutor$Worker.run(ThreadPoolExecutor.java:635)
[        ] 	at java.base/java.lang.Thread.run(Thread.java:840)
[        ] Caused by: org.gradle.internal.snapshot.impl.IsolationException: Could not isolate value org.jetbrains.kotlin.gradle.plugin.statistics.BuildFlowService$Parameters_Decorated@2114eed of type BuildFlowService.Parameters
[        ] 	at org.gradle.internal.snapshot.impl.DefaultIsolatableFactory.isolate(DefaultIsolatableFactory.java:51)
[        ] 	at org.gradle.api.services.internal.RegisteredBuildServiceProvider.instantiate(RegisteredBuildServiceProvider.java:127)
[        ] 	at org.gradle.api.services.internal.RegisteredBuildServiceProvider.getInstance(RegisteredBuildServiceProvider.java:118)
[        ] 	at org.gradle.api.services.internal.RegisteredBuildServiceProvider.calculateOwnValue(RegisteredBuildServiceProvider.java:111)
[        ] 	at org.gradle.api.internal.provider.AbstractMinimalProvider.calculateValue(AbstractMinimalProvider.java:115)
[        ] 	at org.gradle.api.internal.provider.DefaultProperty.calculateValueFrom(DefaultProperty.java:128)
[        ] 	at org.gradle.api.internal.provider.DefaultProperty.calculateValueFrom(DefaultProperty.java:26)
[        ] 	at org.gradle.api.internal.provider.AbstractProperty.doCalculateValue(AbstractProperty.java:142)
[   +1 ms] 	... 132 more
[        ] Caused by: org.gradle.api.ProjectConfigurationException: A problem occurred configuring project ':package_info_plus'.
[        ] 	at org.gradle.configuration.project.LifecycleProjectEvaluator.wrapException(LifecycleProjectEvaluator.java:84)
[        ] 	at org.gradle.configuration.project.LifecycleProjectEvaluator.addConfigurationFailure(LifecycleProjectEvaluator.java:77)
[        ] 	at org.gradle.configuration.project.LifecycleProjectEvaluator.access$400(LifecycleProjectEvaluator.java:55)
[        ] 	at org.gradle.configuration.project.LifecycleProjectEvaluator$EvaluateProject.lambda$run$0(LifecycleProjectEvaluator.java:111)
[        ] 	at org.gradle.api.internal.project.DefaultProjectStateRegistry$ProjectStateImpl.lambda$applyToMutableState$1(DefaultProjectStateRegistry.java:406)
[        ] 	at org.gradle.api.internal.project.DefaultProjectStateRegistry$ProjectStateImpl.lambda$fromMutableState$2(DefaultProjectStateRegistry.java:429)
[        ] 	at org.gradle.internal.work.DefaultWorkerLeaseService.withReplacedLocks(DefaultWorkerLeaseService.java:360)
[        ] 	at org.gradle.api.internal.project.DefaultProjectStateRegistry$ProjectStateImpl.fromMutableState(DefaultProjectStateRegistry.java:429)
[        ] 	at org.gradle.api.internal.project.DefaultProjectStateRegistry$ProjectStateImpl.applyToMutableState(DefaultProjectStateRegistry.java:405)
[        ] 	at org.gradle.configuration.project.LifecycleProjectEvaluator$EvaluateProject.run(LifecycleProjectEvaluator.java:100)
[        ] 	at org.gradle.internal.operations.DefaultBuildOperationRunner$1.execute(DefaultBuildOperationRunner.java:29)
[        ] 	at org.gradle.internal.operations.DefaultBuildOperationRunner$1.execute(DefaultBuildOperationRunner.java:26)
[        ] 	at org.gradle.internal.operations.DefaultBuildOperationRunner$2.execute(DefaultBuildOperationRunner.java:66)
[        ] 	at org.gradle.internal.operations.DefaultBuildOperationRunner$2.execute(DefaultBuildOperationRunner.java:59)
[        ] 	at org.gradle.internal.operations.DefaultBuildOperationRunner.execute(DefaultBuildOperationRunner.java:157)
[        ] 	at org.gradle.internal.operations.DefaultBuildOperationRunner.execute(DefaultBuildOperationRunner.java:59)
[        ] 	at org.gradle.internal.operations.DefaultBuildOperationRunner.run(DefaultBuildOperationRunner.java:47)
[        ] 	at org.gradle.internal.operations.DefaultBuildOperationExecutor.run(DefaultBuildOperationExecutor.java:73)
[        ] 	at org.gradle.configuration.project.LifecycleProjectEvaluator.evaluate(LifecycleProjectEvaluator.java:72)
[        ] 	at org.gradle.api.internal.project.DefaultProject.evaluate(DefaultProject.java:788)
[        ] 	at org.gradle.api.internal.project.DefaultProject.evaluate(DefaultProject.java:156)
[        ] 	at org.gradle.api.internal.project.ProjectLifecycleController.lambda$ensureSelfConfigured$2(ProjectLifecycleController.java:84)
[        ] 	at org.gradle.internal.model.StateTransitionController.lambda$doTransition$14(StateTransitionController.java:255)
[        ] 	at org.gradle.internal.model.StateTransitionController.doTransition(StateTransitionController.java:266)
[        ] 	at org.gradle.internal.model.StateTransitionController.doTransition(StateTransitionController.java:254)
[        ] 	at org.gradle.internal.model.StateTransitionController.lambda$maybeTransitionIfNotCurrentlyTransitioning$10(StateTransitionController.java:199)
[        ] 	at org.gradle.internal.work.DefaultSynchronizer.withLock(DefaultSynchronizer.java:34)
[        ] 	at org.gradle.internal.model.StateTransitionController.maybeTransitionIfNotCurrentlyTransitioning(StateTransitionController.java:195)
[        ] 	at org.gradle.api.internal.project.ProjectLifecycleController.ensureSelfConfigured(ProjectLifecycleController.java:84)
[        ] 	at org.gradle.api.internal.project.DefaultProjectStateRegistry$ProjectStateImpl.ensureConfigured(DefaultProjectStateRegistry.java:380)
[        ] 	at org.gradle.execution.TaskPathProjectEvaluator.configure(TaskPathProjectEvaluator.java:34)
[        ] 	at org.gradle.execution.TaskPathProjectEvaluator.configureHierarchy(TaskPathProjectEvaluator.java:50)
[        ] 	at org.gradle.configuration.DefaultProjectsPreparer.prepareProjects(DefaultProjectsPreparer.java:42)
[        ] 	at org.gradle.configuration.BuildTreePreparingProjectsPreparer.prepareProjects(BuildTreePreparingProjectsPreparer.java:65)
[        ] 	at org.gradle.configuration.BuildOperationFiringProjectsPreparer$ConfigureBuild.run(BuildOperationFiringProjectsPreparer.java:52)
[        ] 	at org.gradle.internal.operations.DefaultBuildOperationRunner$1.execute(DefaultBuildOperationRunner.java:29)
[        ] 	at org.gradle.internal.operations.DefaultBuildOperationRunner$1.execute(DefaultBuildOperationRunner.java:26)
[        ] 	at org.gradle.internal.operations.DefaultBuildOperationRunner$2.execute(DefaultBuildOperationRunner.java:66)
[        ] 	at org.gradle.internal.operations.DefaultBuildOperationRunner$2.execute(DefaultBuildOperationRunner.java:59)
[        ] 	at org.gradle.internal.operations.DefaultBuildOperationRunner.execute(DefaultBuildOperationRunner.java:157)
[        ] 	at org.gradle.internal.operations.DefaultBuildOperationRunner.execute(DefaultBuildOperationRunner.java:59)
[        ] 	at org.gradle.internal.operations.DefaultBuildOperationRunner.run(DefaultBuildOperationRunner.java:47)
[        ] 	at org.gradle.internal.operations.DefaultBuildOperationExecutor.run(DefaultBuildOperationExecutor.java:73)
[        ] 	at org.gradle.configuration.BuildOperationFiringProjectsPreparer.prepareProjects(BuildOperationFiringProjectsPreparer.java:40)
[        ] 	at org.gradle.initialization.VintageBuildModelController.lambda$prepareProjects$2(VintageBuildModelController.java:84)
[        ] 	at org.gradle.internal.model.StateTransitionController.lambda$doTransition$14(StateTransitionController.java:255)
[        ] 	at org.gradle.internal.model.StateTransitionController.doTransition(StateTransitionController.java:266)
[        ] 	at org.gradle.internal.model.StateTransitionController.doTransition(StateTransitionController.java:254)
[        ] 	at org.gradle.internal.model.StateTransitionController.lambda$transitionIfNotPreviously$11(StateTransitionController.java:213)
[        ] 	at org.gradle.internal.work.DefaultSynchronizer.withLock(DefaultSynchronizer.java:34)
[        ] 	at org.gradle.internal.model.StateTransitionController.transitionIfNotPreviously(StateTransitionController.java:209)
[        ] 	at org.gradle.initialization.VintageBuildModelController.prepareProjects(VintageBuildModelController.java:84)
[        ] 	at org.gradle.initialization.VintageBuildModelController.prepareToScheduleTasks(VintageBuildModelController.java:71)
[        ] 	at org.gradle.internal.build.DefaultBuildLifecycleController.lambda$prepareToScheduleTasks$6(DefaultBuildLifecycleController.java:175)
[        ] 	at org.gradle.internal.model.StateTransitionController.lambda$doTransition$14(StateTransitionController.java:255)
[        ] 	at org.gradle.internal.model.StateTransitionController.doTransition(StateTransitionController.java:266)
[        ] 	at org.gradle.internal.model.StateTransitionController.doTransition(StateTransitionController.java:254)
[        ] 	at org.gradle.internal.model.StateTransitionController.lambda$maybeTransition$9(StateTransitionController.java:190)
[        ] 	at org.gradle.internal.work.DefaultSynchronizer.withLock(DefaultSynchronizer.java:34)
[        ] 	at org.gradle.internal.model.StateTransitionController.maybeTransition(StateTransitionController.java:186)
[        ] 	at org.gradle.internal.build.DefaultBuildLifecycleController.prepareToScheduleTasks(DefaultBuildLifecycleController.java:173)
[        ] 	at org.gradle.internal.buildtree.DefaultBuildTreeWorkPreparer.scheduleRequestedTasks(DefaultBuildTreeWorkPreparer.java:36)
[        ] 	at org.gradle.configurationcache.VintageBuildTreeWorkController$scheduleAndRunRequestedTasks$1.apply(VintageBuildTreeWorkController.kt:36)
[        ] 	at org.gradle.configurationcache.VintageBuildTreeWorkController$scheduleAndRunRequestedTasks$1.apply(VintageBuildTreeWorkController.kt:35)
[        ] 	at org.gradle.composite.internal.DefaultIncludedBuildTaskGraph.withNewWorkGraph(DefaultIncludedBuildTaskGraph.java:112)
[        ] 	at org.gradle.configurationcache.VintageBuildTreeWorkController.scheduleAndRunRequestedTasks(VintageBuildTreeWorkController.kt:35)
[        ] 	at org.gradle.internal.buildtree.DefaultBuildTreeLifecycleController.lambda$scheduleAndRunTasks$1(DefaultBuildTreeLifecycleController.java:68)
[        ] 	at org.gradle.internal.buildtree.DefaultBuildTreeLifecycleController.lambda$runBuild$4(DefaultBuildTreeLifecycleController.java:98)
[        ] 	... 81 more
[        ] Caused by: org.gradle.internal.event.ListenerNotificationException: Failed to notify project evaluation listener.
[        ] 	at org.gradle.internal.event.AbstractBroadcastDispatch.dispatch(AbstractBroadcastDispatch.java:111)
[        ] 	at org.gradle.internal.event.AbstractBroadcastDispatch.dispatch(AbstractBroadcastDispatch.java:69)
[        ] 	at org.gradle.internal.event.BroadcastDispatch$CompositeDispatch.dispatch(BroadcastDispatch.java:381)
[        ] 	at org.gradle.internal.event.BroadcastDispatch$CompositeDispatch.dispatch(BroadcastDispatch.java:272)
[        ] 	at org.gradle.internal.event.ListenerBroadcast.dispatch(ListenerBroadcast.java:148)
[        ] 	at org.gradle.internal.event.ListenerBroadcast.dispatch(ListenerBroadcast.java:37)
[        ] 	at org.gradle.internal.dispatch.ProxyDispatchAdapter$DispatchingInvocationHandler.invoke(ProxyDispatchAdapter.java:94)
[        ] 	at jdk.proxy1/jdk.proxy1.$Proxy66.afterEvaluate(Unknown Source)
[        ] 	at org.gradle.configuration.project.LifecycleProjectEvaluator$NotifyAfterEvaluate$1.execute(LifecycleProjectEvaluator.java:247)
[        ] 	at org.gradle.configuration.project.LifecycleProjectEvaluator$NotifyAfterEvaluate$1.execute(LifecycleProjectEvaluator.java:244)
[        ] 	at org.gradle.api.internal.project.DefaultProject.stepEvaluationListener(DefaultProject.java:1495)
[        ] 	at org.gradle.configuration.project.LifecycleProjectEvaluator$NotifyAfterEvaluate.run(LifecycleProjectEvaluator.java:253)
[        ] 	at org.gradle.internal.operations.DefaultBuildOperationRunner$1.execute(DefaultBuildOperationRunner.java:29)
[        ] 	at org.gradle.internal.operations.DefaultBuildOperationRunner$1.execute(DefaultBuildOperationRunner.java:26)
[        ] 	at org.gradle.internal.operations.DefaultBuildOperationRunner$2.execute(DefaultBuildOperationRunner.java:66)
[        ] 	at org.gradle.internal.operations.DefaultBuildOperationRunner$2.execute(DefaultBuildOperationRunner.java:59)
[        ] 	at org.gradle.internal.operations.DefaultBuildOperationRunner.execute(DefaultBuildOperationRunner.java:157)
[        ] 	at org.gradle.internal.operations.DefaultBuildOperationRunner.execute(DefaultBuildOperationRunner.java:59)
[        ] 	at org.gradle.internal.operations.DefaultBuildOperationRunner.run(DefaultBuildOperationRunner.java:47)
[        ] 	at org.gradle.internal.operations.DefaultBuildOperationExecutor.run(DefaultBuildOperationExecutor.java:73)
[        ] 	at org.gradle.configuration.project.LifecycleProjectEvaluator$EvaluateProject.lambda$run$0(LifecycleProjectEvaluator.java:114)
[        ] 	... 145 more
[        ] Caused by: java.lang.NullPointerException: Cannot invoke method substring() on null object
[        ] 	at org.codehaus.groovy.runtime.NullObject.invokeMethod(NullObject.java:91)
[        ] 	at org.codehaus.groovy.runtime.callsite.PogoMetaClassSite.call(PogoMetaClassSite.java:44)
[        ] 	at org.codehaus.groovy.runtime.callsite.CallSiteArray.defaultCall(CallSiteArray.java:47)
[        ] 	at org.codehaus.groovy.runtime.callsite.NullCallSite.call(NullCallSite.java:34)
[        ] 	at org.codehaus.groovy.runtime.callsite.CallSiteArray.defaultCall(CallSiteArray.java:47)
[        ] 	at java_lang_String$substring$4.call(Unknown Source)
[        ] 	at FlutterPlugin.getCompileSdkFromProject(flutter.groovy:929)
[        ] 	at java.base/jdk.internal.reflect.NativeMethodAccessorImpl.invoke0(Native Method)
[        ] 	at java.base/jdk.internal.reflect.NativeMethodAccessorImpl.invoke(NativeMethodAccessorImpl.java:77)
[        ] 	at java.base/jdk.internal.reflect.DelegatingMethodAccessorImpl.invoke(DelegatingMethodAccessorImpl.java:43)
[        ] 	at java.base/java.lang.reflect.Method.invoke(Method.java:569)
[        ] 	at org.codehaus.groovy.reflection.CachedMethod.invoke(CachedMethod.java:107)
[        ] 	at groovy.lang.MetaMethod.doMethodInvoke(MetaMethod.java:323)
[        ] 	at org.codehaus.groovy.runtime.metaclass.ClosureMetaClass.invokeMethod(ClosureMetaClass.java:362)
[        ] 	at org.codehaus.groovy.runtime.callsite.PogoMetaClassSite.callCurrent(PogoMetaClassSite.java:61)
[        ] 	at org.codehaus.groovy.runtime.callsite.AbstractCallSite.callCurrent(AbstractCallSite.java:185)
[        ] 	at FlutterPlugin$_detectLowCompileSdkVersionOrNdkVersion_closure21$_closure63$_closure64.doCall$original(flutter.groovy:871)
[        ] 	at FlutterPlugin$_detectLowCompileSdkVersionOrNdkVersion_closure21$_closure63$_closure64.doCall(flutter.groovy)
[        ] 	at java.base/jdk.internal.reflect.NativeMethodAccessorImpl.invoke0(Native Method)
[        ] 	at java.base/jdk.internal.reflect.NativeMethodAccessorImpl.invoke(NativeMethodAccessorImpl.java:77)
[        ] 	at java.base/jdk.internal.reflect.DelegatingMethodAccessorImpl.invoke(DelegatingMethodAccessorImpl.java:43)
[        ] 	at java.base/java.lang.reflect.Method.invoke(Method.java:569)
[        ] 	at org.codehaus.groovy.reflection.CachedMethod.invoke(CachedMethod.java:107)
[        ] 	at groovy.lang.MetaMethod.doMethodInvoke(MetaMethod.java:323)
[        ] 	at org.codehaus.groovy.runtime.metaclass.ClosureMetaClass.invokeMethod(ClosureMetaClass.java:274)
[        ] 	at groovy.lang.MetaClassImpl.invokeMethod(MetaClassImpl.java:1035)
[        ] 	at groovy.lang.Closure.call(Closure.java:412)
[        ] 	at org.gradle.configuration.internal.DefaultListenerBuildOperationDecorator$BuildOperationEmittingClosure$1.lambda$run$0(DefaultListenerBuildOperationDecorator.java:199)
[        ] 	at org.gradle.configuration.internal.DefaultUserCodeApplicationContext$CurrentApplication.reapply(DefaultUserCodeApplicationContext.java:98)
[        ] 	at org.gradle.configuration.internal.DefaultListenerBuildOperationDecorator$BuildOperationEmittingClosure$1.run(DefaultListenerBuildOperationDecorator.java:196)
[        ] 	at org.gradle.internal.operations.DefaultBuildOperationRunner$1.execute(DefaultBuildOperationRunner.java:29)
[        ] 	at org.gradle.internal.operations.DefaultBuildOperationRunner$1.execute(DefaultBuildOperationRunner.java:26)
[        ] 	at org.gradle.internal.operations.DefaultBuildOperationRunner$2.execute(DefaultBuildOperationRunner.java:66)
[        ] 	at org.gradle.internal.operations.DefaultBuildOperationRunner$2.execute(DefaultBuildOperationRunner.java:59)
[        ] 	at org.gradle.internal.operations.DefaultBuildOperationRunner.execute(DefaultBuildOperationRunner.java:157)
[        ] 	at org.gradle.internal.operations.DefaultBuildOperationRunner.execute(DefaultBuildOperationRunner.java:59)
[        ] 	at org.gradle.internal.operations.DefaultBuildOperationRunner.run(DefaultBuildOperationRunner.java:47)
[        ] 	at org.gradle.internal.operations.DefaultBuildOperationExecutor.run(DefaultBuildOperationExecutor.java:73)
[        ] 	at org.gradle.configuration.internal.DefaultListenerBuildOperationDecorator$BuildOperationEmittingClosure.doCall(DefaultListenerBuildOperationDecorator.java:193)
[        ] 	at java.base/jdk.internal.reflect.NativeMethodAccessorImpl.invoke0(Native Method)
[        ] 	at java.base/jdk.internal.reflect.NativeMethodAccessorImpl.invoke(NativeMethodAccessorImpl.java:77)
[        ] 	at java.base/jdk.internal.reflect.DelegatingMethodAccessorImpl.invoke(DelegatingMethodAccessorImpl.java:43)
[        ] 	at java.base/java.lang.reflect.Method.invoke(Method.java:569)
[        ] 	at org.codehaus.groovy.reflection.CachedMethod.invoke(CachedMethod.java:107)
[        ] 	at groovy.lang.MetaMethod.doMethodInvoke(MetaMethod.java:323)
[        ] 	at groovy.lang.MetaClassImpl.invokeMethod(MetaClassImpl.java:1258)
[        ] 	at groovy.lang.MetaClassImpl.invokeMethod(MetaClassImpl.java:1035)
[        ] 	at groovy.lang.Closure.call(Closure.java:412)
[        ] 	at org.gradle.listener.ClosureBackedMethodInvocationDispatch.dispatch(ClosureBackedMethodInvocationDispatch.java:41)
[        ] 	at org.gradle.listener.ClosureBackedMethodInvocationDispatch.dispatch(ClosureBackedMethodInvocationDispatch.java:25)
[        ] 	at org.gradle.internal.event.AbstractBroadcastDispatch.dispatch(AbstractBroadcastDispatch.java:43)
[        ] 	at org.gradle.internal.event.BroadcastDispatch$SingletonDispatch.dispatch(BroadcastDispatch.java:268)
[        ] 	at org.gradle.internal.event.BroadcastDispatch$SingletonDispatch.dispatch(BroadcastDispatch.java:170)
[        ] 	at org.gradle.internal.event.AbstractBroadcastDispatch.dispatch(AbstractBroadcastDispatch.java:83)
[        ] 	... 165 more
[        ] ==============================================================================
[        ] BUILD FAILED in 1m 54s
[   +1 ms] 4 actionable tasks: 4 executed
[        ] Stopped 1 worker daemon(s).
[ +454 ms] Running Gradle task 'assembleRelease'... (completed in 114.8s)
[   +2 ms] "flutter apk" took 115,377ms.
[   +2 ms] Gradle task assembleRelease failed with exit code 1
[        ] 
           #0      throwToolExit (package:flutter_tools/src/base/common.dart:10:3)
           #1      AndroidGradleBuilder.buildGradleApp (package:flutter_tools/src/android/gradle.dart:500:9)
           <asynchronous suspension>
           #2      AndroidGradleBuilder.buildApk (package:flutter_tools/src/android/gradle.dart:224:5)
           <asynchronous suspension>
           #3      BuildApkCommand.runCommand (package:flutter_tools/src/commands/build_apk.dart:141:5)
           <asynchronous suspension>
           #4      FlutterCommand.run.<anonymous closure> (package:flutter_tools/src/runner/flutter_command.dart:1408:27)
           <asynchronous suspension>
           #5      AppContext.run.<anonymous closure> (package:flutter_tools/src/base/context.dart:153:19)
           <asynchronous suspension>
           #6      CommandRunner.runCommand (package:args/command_runner.dart:212:13)
           <asynchronous suspension>
           #7      FlutterCommandRunner.runCommand.<anonymous closure> (package:flutter_tools/src/runner/flutter_command_runner.dart:420:9)
           <asynchronous suspension>
           #8      AppContext.run.<anonymous closure> (package:flutter_tools/src/base/context.dart:153:19)
           <asynchronous suspension>
           #9      FlutterCommandRunner.runCommand (package:flutter_tools/src/runner/flutter_command_runner.dart:364:5)
           <asynchronous suspension>
           #10     run.<anonymous closure>.<anonymous closure> (package:flutter_tools/runner.dart:130:9)
           <asynchronous suspension>
           #11     AppContext.run.<anonymous closure> (package:flutter_tools/src/base/context.dart:153:19)
           <asynchronous suspension>
           #12     main (package:flutter_tools/executable.dart:93:3)
           <asynchronous suspension>


[        ] ensureAnalyticsSent: 0ms
[        ] Running 1 shutdown hook
[        ] Shutdown hooks complete
[        ] exiting with code 1
